n,min_risk,max_risk,observed_event_rate,mean_predicted_risk
16857.827125728403,0.0137774606298491,0.1972007634232534,0.04793285637543729,0.048812415599335995
169.68005183406714,0.2032660137362452,0.3887994754340446,0.5758362769803111,0.3195200431563147
35.430052616769366,0.4006834242816366,0.5957241601586871,1.0,0.46463173978730404
1.0313849103403663,0.6434889698760657,0.6434889698760657,1.0,0.6434889698760657
1.0313849103403663,0.8786511227506437,0.8786511227506437,1.0,0.8786511227506437
