n,min_risk,max_risk,observed_event_rate,mean_predicted_risk
17051.662716402472,0.0186851165243298,0.1998984546038678,0.05453469787969387,0.06418461211377668
13.33728359744698,0.2040472675644694,0.2414004271219218,1.0,0.22028692515026432
