{
  "mode": "survival",
  "n_rows_ipcw": 923,
  "weighted_event_rate": 0.05527363364681513,
  "ppv_npv_thresholds": [
    0.005,
    0.01,
    0.02,
    0.05
  ],
  "models": {
    "O": {
      "risk_column": "risks_11y_o",
      "C_td": 0.6170397980032715,
      "calibration": {
        "calibration_intercept": 0.38308428133087785,
        "calibration_slope": 1.213777460872443,
        "brier_score": 0.051044901953498714,
        "fit_status": "full_intercept_and_slope"
      },
      "classification": {
        "0.0050": {
          "threshold": 0.005,
          "PPV": 0.05527363364681513,
          "NPV": NaN,
          "sensitivity": 1.0,
          "specificity": 0.0
        },
        "0.0100": {
          "threshold": 0.01,
          "PPV": 0.05527363364681513,
          "NPV": NaN,
          "sensitivity": 1.0,
          "specificity": 0.0
        },
        "0.0200": {
          "threshold": 0.02,
          "PPV": 0.05527142953875011,
          "NPV": 0.9442351069900541,
          "sensitivity": 0.995493693452151,
          "specificity": 0.004464285714285714
        },
        "0.0500": {
          "threshold": 0.05,
          "PPV": 0.0704555271222682,
          "NPV": 0.9696653622530115,
          "sensitivity": 0.7923288415530143,
          "specificity": 0.3883928571428572
        }
      },
      "nri": {
        "is_reference": true
      }
    },
    "O+S": {
      "risk_column": "risks_11y_oq",
      "C_td": 0.6929225983075306,
      "calibration": {
        "calibration_intercept": 0.846164137626185,
        "calibration_slope": 1.2951087406218782,
        "brier_score": 0.04822660525327012,
        "fit_status": "full_intercept_and_slope"
      },
      "classification": {
        "0.0050": {
          "threshold": 0.005,
          "PPV": 0.05527363364681513,
          "NPV": NaN,
          "sensitivity": 1.0,
          "specificity": 0.0
        },
        "0.0100": {
          "threshold": 0.01,
          "PPV": 0.05527363364681513,
          "NPV": NaN,
          "sensitivity": 1.0,
          "specificity": 0.0
        },
        "0.0200": {
          "threshold": 0.02,
          "PPV": 0.056436173782517085,
          "NPV": 0.9772350567960508,
          "sensitivity": 0.9857800679181061,
          "specificity": 0.03571428571428571
        },
        "0.0500": {
          "threshold": 0.05,
          "PPV": 0.09503607105368547,
          "NPV": 0.9674357639843358,
          "sensitivity": 0.6250169704985193,
          "specificity": 0.6517857142857143
        }
      },
      "nri": {
        "cutoff_nri": {
          "0.000000": 0.38815655017371764
        }
      }
    },
    "O+D": {
      "risk_column": "risks_11y_os",
      "C_td": 0.6145739394984379,
      "calibration": {
        "calibration_intercept": 0.829347412881095,
        "calibration_slope": 1.2918717614646125,
        "brier_score": 0.05103963278933397,
        "fit_status": "full_intercept_and_slope"
      },
      "classification": {
        "0.0050": {
          "threshold": 0.005,
          "PPV": 0.05527363364681513,
          "NPV": NaN,
          "sensitivity": 1.0,
          "specificity": 0.0
        },
        "0.0100": {
          "threshold": 0.01,
          "PPV": 0.05527363364681513,
          "NPV": NaN,
          "sensitivity": 1.0,
          "specificity": 0.0
        },
        "0.0200": {
          "threshold": 0.02,
          "PPV": 0.055595446387420346,
          "NPV": 0.9627702709548953,
          "sensitivity": 0.988197685109366,
          "specificity": 0.01785714285714286
        },
        "0.0500": {
          "threshold": 0.05,
          "PPV": 0.0817309307602702,
          "NPV": 0.9663824583263604,
          "sensitivity": 0.6655528794947694,
          "specificity": 0.5625
        }
      },
      "nri": {
        "cutoff_nri": {
          "0.000000": 0.0895539546290618
        }
      }
    },
    "O+S+D": {
      "risk_column": "risks_11y_oqs",
      "C_td": 0.686254190397786,
      "calibration": {
        "calibration_intercept": 1.3817435016126394,
        "calibration_slope": 1.4382807869272833,
        "brier_score": 0.04843264256746193,
        "fit_status": "full_intercept_and_slope"
      },
      "classification": {
        "0.0050": {
          "threshold": 0.005,
          "PPV": 0.05527363364681513,
          "NPV": NaN,
          "sensitivity": 1.0,
          "specificity": 0.0
        },
        "0.0100": {
          "threshold": 0.01,
          "PPV": 0.05527363364681513,
          "NPV": NaN,
          "sensitivity": 1.0,
          "specificity": 0.0
        },
        "0.0200": {
          "threshold": 0.02,
          "PPV": 0.05563084593097106,
          "NPV": 0.9606418635839243,
          "sensitivity": 0.9843691345586455,
          "specificity": 0.022321428571428575
        },
        "0.0500": {
          "threshold": 0.05,
          "PPV": 0.11142880289451564,
          "NPV": 0.9665686622862796,
          "sensitivity": 0.5645432864142643,
          "specificity": 0.7366071428571429
        }
      },
      "nri": {
        "cutoff_nri": {
          "0.000000": 0.4205625383200489
        }
      }
    }
  },
  "n_rows_total": 17065,
  "horizon": 11.0
}