{
  "mode": "survival",
  "n_rows_ipcw": 3314,
  "weighted_event_rate": 0.0020680878726002496,
  "ppv_npv_thresholds": [
    0.005,
    0.01,
    0.02,
    0.05
  ],
  "models": {
    "O": {
      "risk_column": "risks_1y_o",
      "C_td": 0.48695053523466103,
      "calibration": {
        "calibration_intercept": -5.610056340119628,
        "calibration_slope": 0.10054100459143904,
        "brier_score": 0.0020705498943758907,
        "fit_status": "full_intercept_and_slope"
      },
      "classification": {
        "0.0050": {
          "threshold": 0.005,
          "PPV": 0.0027718620119703075,
          "NPV": 0.9981224235779327,
          "sensitivity": 0.2855271888901884,
          "specificity": 0.7871182340489868
        },
        "0.0100": {
          "threshold": 0.01,
          "PPV": 0.010529107048320123,
          "NPV": 0.9981761616368114,
          "sensitivity": 0.1428479700919294,
          "specificity": 0.9721802237677654
        },
        "0.0200": {
          "threshold": 0.02,
          "PPV": NaN,
          "NPV": 0.9979319121273997,
          "sensitivity": 0.0,
          "specificity": 1.0
        },
        "0.0500": {
          "threshold": 0.05,
          "PPV": NaN,
          "NPV": 0.9979319121273997,
          "sensitivity": 0.0,
          "specificity": 1.0
        }
      },
      "nri": {
        "is_reference": true
      }
    },
    "O+Q": {
      "risk_column": "risks_1y_oq",
      "C_td": 0.5682654290656566,
      "calibration": {
        "calibration_intercept": -4.218813141944589,
        "calibration_slope": 0.34568778936325445,
        "brier_score": 0.0020725301850225237,
        "fit_status": "full_intercept_and_slope"
      },
      "classification": {
        "0.0050": {
          "threshold": 0.005,
          "PPV": 0.002803633169759866,
          "NPV": 0.9981281656289782,
          "sensitivity": 0.2855271888901884,
          "specificity": 0.7895373450257029
        },
        "0.0100": {
          "threshold": 0.01,
          "PPV": 0.0,
          "NPV": 0.9978528650367008,
          "sensitivity": 0.0,
          "specificity": 0.9631085576050802
        },
        "0.0200": {
          "threshold": 0.02,
          "PPV": 0.0,
          "NPV": 0.9979262801707169,
          "sensitivity": 0.0,
          "specificity": 0.9972785001511943
        },
        "0.0500": {
          "threshold": 0.05,
          "PPV": NaN,
          "NPV": 0.9979319121273997,
          "sensitivity": 0.0,
          "specificity": 1.0
        }
      },
      "nri": {
        "cutoff_nri": {
          "0.000000": 0.47820640200440623
        }
      }
    },
    "S": {
      "risk_column": "risks_1y_s",
      "C_td": 0.5628513601699723,
      "calibration": {
        "calibration_intercept": -1.8727665290727773,
        "calibration_slope": 0.7723284437030057,
        "brier_score": 0.0020676116057980684,
        "fit_status": "full_intercept_and_slope"
      },
      "classification": {
        "0.0050": {
          "threshold": 0.005,
          "PPV": 0.004638155763868895,
          "NPV": 0.9983079346851603,
          "sensitivity": 0.2862491229582281,
          "specificity": 0.8726942848503175
        },
        "0.0100": {
          "threshold": 0.01,
          "PPV": 0.0,
          "NPV": 0.9979130188852978,
          "sensitivity": 0.0,
          "specificity": 0.9909283338373148
        },
        "0.0200": {
          "threshold": 0.02,
          "PPV": 0.0,
          "NPV": 0.9979312878655746,
          "sensitivity": 0.0,
          "specificity": 0.9996976111279104
        },
        "0.0500": {
          "threshold": 0.05,
          "PPV": NaN,
          "NPV": 0.9979319121273997,
          "sensitivity": 0.0,
          "specificity": 1.0
        }
      },
      "nri": {
        "cutoff_nri": {
          "0.000000": 0.03248520454447279
        }
      }
    },
    "O+S": {
      "risk_column": "risks_1y_os",
      "C_td": 0.512382106179952,
      "calibration": {
        "calibration_intercept": -4.1702224721343635,
        "calibration_slope": 0.35751280022578236,
        "brier_score": 0.0020686326589738967,
        "fit_status": "full_intercept_and_slope"
      },
      "classification": {
        "0.0050": {
          "threshold": 0.005,
          "PPV": 0.00311120705104643,
          "NPV": 0.9981762704890339,
          "sensitivity": 0.2855271888901884,
          "specificity": 0.8104021771998791
        },
        "0.0100": {
          "threshold": 0.01,
          "PPV": 0.0,
          "NPV": 0.9978989429659542,
          "sensitivity": 0.0,
          "specificity": 0.9842757786513456
        },
        "0.0200": {
          "threshold": 0.02,
          "PPV": 0.0,
          "NPV": 0.9979306632267629,
          "sensitivity": 0.0,
          "specificity": 0.9993952222558209
        },
        "0.0500": {
          "threshold": 0.05,
          "PPV": NaN,
          "NPV": 0.9979319121273997,
          "sensitivity": 0.0,
          "specificity": 1.0
        }
      },
      "nri": {
        "cutoff_nri": {
          "0.000000": 0.07723875761371979
        }
      }
    },
    "O+Q+S": {
      "risk_column": "risks_1y_oqs",
      "C_td": 0.5787871940717276,
      "calibration": {
        "calibration_intercept": -2.746764556787915,
        "calibration_slope": 0.608513338961627,
        "brier_score": 0.002069176363131402,
        "fit_status": "full_intercept_and_slope"
      },
      "classification": {
        "0.0050": {
          "threshold": 0.005,
          "PPV": 0.0029077867018951803,
          "NPV": 0.998145885315771,
          "sensitivity": 0.2855271888901884,
          "specificity": 0.7970970668279407
        },
        "0.0100": {
          "threshold": 0.01,
          "PPV": 0.007951263980903291,
          "NPV": 0.9981586524762707,
          "sensitivity": 0.14267921879825904,
          "specificity": 0.9631085576050802
        },
        "0.0200": {
          "threshold": 0.02,
          "PPV": 0.0,
          "NPV": 0.9979281608948146,
          "sensitivity": 0.0,
          "specificity": 0.998185666767463
        },
        "0.0500": {
          "threshold": 0.05,
          "PPV": NaN,
          "NPV": 0.9979319121273997,
          "sensitivity": 0.0,
          "specificity": 1.0
        }
      },
      "nri": {
        "cutoff_nri": {
          "0.000000": 0.40563307270292454
        }
      }
    }
  },
  "n_rows_total": 3413,
  "horizon": 1.0
}