n,min_risk,max_risk,observed_event_rate,mean_predicted_risk
16851.000000000033,0.0006947616078746,0.0196702280527897,0.0008174163150974254,0.0028225962830116208
