n,min_risk,max_risk,observed_event_rate,mean_predicted_risk
17064.999999999996,0.000145687136586,0.0272463415425947,0.003565600549889785,0.0027791355968997647
