n,min_risk,max_risk,observed_event_rate,mean_predicted_risk
16851.000000000033,0.0004736503363873,0.0138793374390528,0.0008174163150974254,0.0028077623182894136
