n,min_risk,max_risk,observed_event_rate,mean_predicted_risk
17064.999999999996,0.000190417093627,0.0350409201203524,0.003565600549889785,0.002768963132887842
