n,min_risk,max_risk,observed_event_rate,mean_predicted_risk
17064.999999999996,0.0001958096316525,0.0416004897334395,0.003565600549889785,0.002784823103839478
