n,min_risk,max_risk,observed_event_rate,mean_predicted_risk
17064.999999999996,0.0007224643926092,0.0144462148885704,0.003565600549889785,0.0027583119827757213
