n,min_risk,max_risk,observed_event_rate,mean_predicted_risk
17065.000000000007,0.0001031100824064,0.0592832830167456,0.0037228199431318908,0.0028531904351429653
