n,min_risk,max_risk,observed_event_rate,mean_predicted_risk
17065.000000000007,0.0001247820277678,0.0449727014440527,0.0037228199431318908,0.0028470393307233324
