n,min_risk,max_risk,observed_event_rate,mean_predicted_risk
17065.000000000007,0.0006947616078746,0.0229315372006751,0.0037228199431318908,0.0028253573358379934
