{
  "O": {
    "calibration_intercept": 2.080620485181468,
    "calibration_slope": 1.5731586220479126,
    "brier_score": 0.0008208352764970557,
    "fit_status": "full_intercept_and_slope"
  },
  "O+S": {
    "calibration_intercept": 0.3798979527054891,
    "calibration_slope": 1.2814249068411585,
    "brier_score": 0.0008214123996201148,
    "fit_status": "full_intercept_and_slope"
  },
  "O+D": {
    "calibration_intercept": -4.4247055350566935,
    "calibration_slope": 0.44283399405566476,
    "brier_score": 0.0008237577049565064,
    "fit_status": "full_intercept_and_slope"
  },
  "O+S+D": {
    "calibration_intercept": -3.761340966530362,
    "calibration_slope": 0.5555859086920891,
    "brier_score": 0.0008224056599012091,
    "fit_status": "full_intercept_and_slope"
  }
}