n,min_risk,max_risk,observed_event_rate,mean_predicted_risk
16851.000000000033,0.0001031100824064,0.0639028536597023,0.0008174163150974254,0.0028402966723684417
