n,min_risk,max_risk,observed_event_rate,mean_predicted_risk
16851.000000000033,0.0001247820277678,0.0492776326069742,0.0008174163150974254,0.002836195314921661
