n,min_risk,max_risk,observed_event_rate,mean_predicted_risk
17064.999999999996,0.0006464618927637,0.0120901387162452,0.003565600549889785,0.0027600196623266352
