n,min_risk,max_risk,observed_event_rate,mean_predicted_risk
17065.000000000007,0.0004736503363873,0.0138793374390528,0.0037228199431318908,0.00280780496843816
