{
  "mode": "survival",
  "n_rows_ipcw": 3325,
  "weighted_event_rate": 0.002069693165134917,
  "ppv_npv_thresholds": [
    0.005,
    0.01,
    0.02,
    0.05
  ],
  "models": {
    "O": {
      "risk_column": "risks_1y_o",
      "C_td": 0.5239520334714949,
      "calibration": {
        "calibration_intercept": -5.310644700634159,
        "calibration_slope": 0.151336565167055,
        "brier_score": 0.002073752949527082,
        "fit_status": "full_intercept_and_slope"
      },
      "classification": {
        "0.0050": {
          "threshold": 0.005,
          "PPV": 0.0015092835142935257,
          "NPV": 0.9977949129891777,
          "sensitivity": 0.14189829593672154,
          "specificity": 0.8053044002411092
        },
        "0.0100": {
          "threshold": 0.01,
          "PPV": 0.0,
          "NPV": 0.997876007342776,
          "sensitivity": 0.0,
          "specificity": 0.9743821579264617
        },
        "0.0200": {
          "threshold": 0.02,
          "PPV": 0.0,
          "NPV": 0.9979253149334666,
          "sensitivity": 0.0,
          "specificity": 0.997588908981314
        },
        "0.0500": {
          "threshold": 0.05,
          "PPV": NaN,
          "NPV": 0.9979303068348652,
          "sensitivity": 0.0,
          "specificity": 1.0
        }
      },
      "nri": {
        "is_reference": true
      }
    },
    "O+Q": {
      "risk_column": "risks_1y_oq",
      "C_td": 0.7582290006752733,
      "calibration": {
        "calibration_intercept": 1.3554379093165734,
        "calibration_slope": 1.3642992810339227,
        "brier_score": 0.002062992560028921,
        "fit_status": "full_intercept_and_slope"
      },
      "classification": {
        "0.0050": {
          "threshold": 0.005,
          "PPV": 0.006423552039901168,
          "NPV": 0.9989143396801681,
          "sensitivity": 0.5721489644795692,
          "specificity": 0.8164556962025318
        },
        "0.0100": {
          "threshold": 0.01,
          "PPV": 0.008071577177432664,
          "NPV": 0.9981569323882494,
          "sensitivity": 0.14189829593672154,
          "specificity": 0.9638336347197107
        },
        "0.0200": {
          "threshold": 0.02,
          "PPV": 0.0,
          "NPV": 0.997921555176297,
          "sensitivity": 0.0,
          "specificity": 0.9957805907172996
        },
        "0.0500": {
          "threshold": 0.05,
          "PPV": NaN,
          "NPV": 0.9979303068348652,
          "sensitivity": 0.0,
          "specificity": 1.0
        }
      },
      "nri": {
        "cutoff_nri": {
          "0.000000": 0.9855334538878842
        }
      }
    },
    "S": {
      "risk_column": "risks_1y_s",
      "C_td": 0.5692690855158005,
      "calibration": {
        "calibration_intercept": -1.6928496273400733,
        "calibration_slope": 0.7989906179239954,
        "brier_score": 0.002068603869679883,
        "fit_status": "full_intercept_and_slope"
      },
      "classification": {
        "0.0050": {
          "threshold": 0.005,
          "PPV": 0.0025313849924221894,
          "NPV": 0.9979916562020297,
          "sensitivity": 0.14345854696990928,
          "specificity": 0.8827606992163954
        },
        "0.0100": {
          "threshold": 0.01,
          "PPV": 0.021944188448644465,
          "NPV": 0.9982029064899485,
          "sensitivity": 0.14345854696990928,
          "specificity": 0.9867389993972273
        },
        "0.0200": {
          "threshold": 0.02,
          "PPV": 0.0,
          "NPV": 0.9979271897158132,
          "sensitivity": 0.0,
          "specificity": 0.9984930681133213
        },
        "0.0500": {
          "threshold": 0.05,
          "PPV": NaN,
          "NPV": 0.9979303068348652,
          "sensitivity": 0.0,
          "specificity": 1.0
        }
      },
      "nri": {
        "cutoff_nri": {
          "0.000000": -0.03496081977094634
        }
      }
    },
    "O+S": {
      "risk_column": "risks_1y_os",
      "C_td": 0.5474958178413896,
      "calibration": {
        "calibration_intercept": -5.20636089305029,
        "calibration_slope": 0.17000839025708592,
        "brier_score": 0.0020754029453498133,
        "fit_status": "full_intercept_and_slope"
      },
      "classification": {
        "0.0050": {
          "threshold": 0.005,
          "PPV": 0.0033341252741588647,
          "NPV": 0.9982025023609158,
          "sensitivity": 0.2853568429066308,
          "specificity": 0.823086196503918
        },
        "0.0100": {
          "threshold": 0.01,
          "PPV": 0.0,
          "NPV": 0.9978707497424155,
          "sensitivity": 0.0,
          "specificity": 0.9719710669077758
        },
        "0.0200": {
          "threshold": 0.02,
          "PPV": 0.0,
          "NPV": 0.9979234367567036,
          "sensitivity": 0.0,
          "specificity": 0.9966847498493068
        },
        "0.0500": {
          "threshold": 0.05,
          "PPV": NaN,
          "NPV": 0.9979303068348652,
          "sensitivity": 0.0,
          "specificity": 1.0
        }
      },
      "nri": {
        "cutoff_nri": {
          "0.000000": -0.13682941531042797
        }
      }
    },
    "O+Q+S": {
      "risk_column": "risks_1y_oqs",
      "C_td": 0.7307929227114963,
      "calibration": {
        "calibration_intercept": 0.5740439250391249,
        "calibration_slope": 1.2175623146708658,
        "brier_score": 0.0020667022271396865,
        "fit_status": "full_intercept_and_slope"
      },
      "classification": {
        "0.0050": {
          "threshold": 0.005,
          "PPV": 0.0046492461745043226,
          "NPV": 0.9985380143446517,
          "sensitivity": 0.4283054661313864,
          "specificity": 0.8098251959011453
        },
        "0.0100": {
          "threshold": 0.01,
          "PPV": 0.009127903671571451,
          "NPV": 0.9981649509426989,
          "sensitivity": 0.14189829593672154,
          "specificity": 0.9680530440024111
        },
        "0.0200": {
          "threshold": 0.02,
          "PPV": 0.0,
          "NPV": 0.9979196701829862,
          "sensitivity": 0.0,
          "specificity": 0.9948764315852924
        },
        "0.0500": {
          "threshold": 0.05,
          "PPV": 0.0,
          "NPV": 0.9979296841612907,
          "sensitivity": 0.0,
          "specificity": 0.9996986136226643
        }
      },
      "nri": {
        "cutoff_nri": {
          "0.000000": 1.1693791440626884
        }
      }
    }
  },
  "n_rows_total": 3413,
  "horizon": 1.0
}