n,min_risk,max_risk,observed_event_rate,mean_predicted_risk
17065.000000000087,0.0041868949116953,0.0655426874439801,0.014913578591587463,0.01246058682361714
