n,min_risk,max_risk,observed_event_rate,mean_predicted_risk
17065.000000000087,0.0014702232504489,0.1729784495374256,0.014913578591587463,0.010485456012423981
