n,min_risk,max_risk,observed_event_rate,mean_predicted_risk
17065.000000000087,0.0015107368540486,0.1447688576565569,0.014913578591587463,0.009877369950766282
