n,min_risk,max_risk,observed_event_rate,mean_predicted_risk
17065.000000000087,0.003973682924355,0.0317849581779216,0.014913578591587463,0.011599254809349258
