{
  "mode": "survival",
  "n_rows_ipcw": 2558,
  "weighted_event_rate": 0.05352344413257445,
  "ppv_npv_thresholds": [
    0.05,
    0.1,
    0.15,
    0.2
  ],
  "models": {
    "O": {
      "risk_column": "risks_7y_o",
      "C_td": 0.5441513429380025,
      "calibration": {
        "calibration_intercept": -0.14365714000392207,
        "calibration_slope": 0.9205382957112945,
        "brier_score": 0.0506134331046594,
        "fit_status": "full_intercept_and_slope"
      },
      "classification": {
        "0.0500": {
          "threshold": 0.05,
          "PPV": 0.05555586101132446,
          "NPV": 0.9481655053463083,
          "sensitivity": 0.4710858534513796,
          "specificity": 0.5471226021684737
        },
        "0.1000": {
          "threshold": 0.1,
          "PPV": NaN,
          "NPV": 0.9464765558674255,
          "sensitivity": 0.0,
          "specificity": 1.0
        },
        "0.1500": {
          "threshold": 0.15,
          "PPV": NaN,
          "NPV": 0.9464765558674255,
          "sensitivity": 0.0,
          "specificity": 1.0
        },
        "0.2000": {
          "threshold": 0.2,
          "PPV": NaN,
          "NPV": 0.9464765558674255,
          "sensitivity": 0.0,
          "specificity": 1.0
        }
      },
      "nri": {
        "is_reference": true
      }
    },
    "O+Q": {
      "risk_column": "risks_7y_oq",
      "C_td": 0.5829579974147936,
      "calibration": {
        "calibration_intercept": 0.17637168535276201,
        "calibration_slope": 1.0301973044893928,
        "brier_score": 0.050522204801809335,
        "fit_status": "full_intercept_and_slope"
      },
      "classification": {
        "0.0500": {
          "threshold": 0.05,
          "PPV": 0.06708150842610368,
          "NPV": 0.9580402162290875,
          "sensitivity": 0.5769054534031932,
          "specificity": 0.5462885738115095
        },
        "0.1000": {
          "threshold": 0.1,
          "PPV": 0.0,
          "NPV": 0.946455422136132,
          "sensitivity": 0.0,
          "specificity": 0.9995829858215179
        },
        "0.1500": {
          "threshold": 0.15,
          "PPV": NaN,
          "NPV": 0.9464765558674255,
          "sensitivity": 0.0,
          "specificity": 1.0
        },
        "0.2000": {
          "threshold": 0.2,
          "PPV": NaN,
          "NPV": 0.9464765558674255,
          "sensitivity": 0.0,
          "specificity": 1.0
        }
      },
      "nri": {
        "cutoff_nri": {
          "0.000000": 0.26086321934945794
        }
      }
    },
    "S": {
      "risk_column": "risks_7y_s",
      "C_td": 0.5362595867792102,
      "calibration": {
        "calibration_intercept": -1.1538685637366906,
        "calibration_slope": 0.5776377965189173,
        "brier_score": 0.05065734892008753,
        "fit_status": "full_intercept_and_slope"
      },
      "classification": {
        "0.0500": {
          "threshold": 0.05,
          "PPV": 0.05391222725820747,
          "NPV": 0.9467699899874841,
          "sensitivity": 0.4332425867588501,
          "specificity": 0.5700583819849875
        },
        "0.1000": {
          "threshold": 0.1,
          "PPV": 0.0,
          "NPV": 0.9464342717089389,
          "sensitivity": 0.0,
          "specificity": 0.9991659716430359
        },
        "0.1500": {
          "threshold": 0.15,
          "PPV": NaN,
          "NPV": 0.9464765558674255,
          "sensitivity": 0.0,
          "specificity": 1.0
        },
        "0.2000": {
          "threshold": 0.2,
          "PPV": NaN,
          "NPV": 0.9464765558674255,
          "sensitivity": 0.0,
          "specificity": 1.0
        }
      },
      "nri": {
        "cutoff_nri": {
          "0.000000": 0.04838407005838202
        }
      }
    },
    "O+S": {
      "risk_column": "risks_7y_os",
      "C_td": 0.5349720188852063,
      "calibration": {
        "calibration_intercept": -0.988661138471428,
        "calibration_slope": 0.633862418809264,
        "brier_score": 0.05064723439028786,
        "fit_status": "full_intercept_and_slope"
      },
      "classification": {
        "0.0500": {
          "threshold": 0.05,
          "PPV": 0.05657738701709617,
          "NPV": 0.9488088205522799,
          "sensitivity": 0.45771335540891855,
          "specificity": 0.5683903252710591
        },
        "0.1000": {
          "threshold": 0.1,
          "PPV": 0.0,
          "NPV": 0.946455422136132,
          "sensitivity": 0.0,
          "specificity": 0.9995829858215179
        },
        "0.1500": {
          "threshold": 0.15,
          "PPV": NaN,
          "NPV": 0.9464765558674255,
          "sensitivity": 0.0,
          "specificity": 1.0
        },
        "0.2000": {
          "threshold": 0.2,
          "PPV": NaN,
          "NPV": 0.9464765558674255,
          "sensitivity": 0.0,
          "specificity": 1.0
        }
      },
      "nri": {
        "cutoff_nri": {
          "0.000000": 0.07252919099249383
        }
      }
    },
    "O+Q+S": {
      "risk_column": "risks_7y_oqs",
      "C_td": 0.7235356013728197,
      "calibration": {
        "calibration_intercept": 0.9951970965991598,
        "calibration_slope": 1.3640660315093434,
        "brier_score": 0.04883963897384071,
        "fit_status": "full_intercept_and_slope"
      },
      "classification": {
        "0.0500": {
          "threshold": 0.05,
          "PPV": 0.08297835088565311,
          "NPV": 0.9926925757151728,
          "sensitivity": 0.946856656718714,
          "specificity": 0.40825688073394495
        },
        "0.1000": {
          "threshold": 0.1,
          "PPV": 0.15525959911355564,
          "NPV": 0.9533257995105764,
          "sensitivity": 0.18297240398146528,
          "specificity": 0.9437030859049207
        },
        "0.1500": {
          "threshold": 0.15,
          "PPV": 0.4444594478146693,
          "NPV": 0.9467545011116553,
          "sensitivity": 0.005899741819665529,
          "specificity": 0.9995829858215179
        },
        "0.2000": {
          "threshold": 0.2,
          "PPV": NaN,
          "NPV": 0.9464765558674255,
          "sensitivity": 0.0,
          "specificity": 1.0
        }
      },
      "nri": {
        "cutoff_nri": {
          "0.000000": 0.6556713928273563
        }
      }
    }
  },
  "n_rows_total": 3413,
  "horizon": 7.0
}