{
  "mode": "survival",
  "n_rows_ipcw": 2432,
  "weighted_event_rate": 0.01215696806695047,
  "ppv_npv_thresholds": [
    0.005,
    0.01,
    0.02,
    0.05
  ],
  "models": {
    "O": {
      "risk_column": "risks_7y_o",
      "C_td": 0.6797327670639525,
      "calibration": {
        "calibration_intercept": 1.632811736430448,
        "calibration_slope": 1.3883601993598356,
        "brier_score": 0.01193309101087058,
        "fit_status": "full_intercept_and_slope"
      },
      "classification": {
        "0.0050": {
          "threshold": 0.005,
          "PPV": 0.012156968066950468,
          "NPV": NaN,
          "sensitivity": 1.0,
          "specificity": 0.0
        },
        "0.0100": {
          "threshold": 0.01,
          "PPV": 0.020452560471782653,
          "NPV": 0.9956120413394733,
          "sensitivity": 0.8136133977165896,
          "specificity": 0.5204507512520867
        },
        "0.0200": {
          "threshold": 0.02,
          "PPV": 0.03536745610733383,
          "NPV": 0.9918438310464924,
          "sensitivity": 0.4277363973712719,
          "specificity": 0.8564273789649416
        },
        "0.0500": {
          "threshold": 0.05,
          "PPV": 0.0,
          "NPV": 0.9878279767807269,
          "sensitivity": 0.0,
          "specificity": 0.9987479131886476
        }
      },
      "nri": {
        "is_reference": true
      }
    },
    "O+Q": {
      "risk_column": "risks_7y_oq",
      "C_td": 0.6848702746996082,
      "calibration": {
        "calibration_intercept": 1.155110445847567,
        "calibration_slope": 1.2741082210571069,
        "brier_score": 0.011933633060863542,
        "fit_status": "full_intercept_and_slope"
      },
      "classification": {
        "0.0050": {
          "threshold": 0.005,
          "PPV": 0.012502323802010018,
          "NPV": 1.0,
          "sensitivity": 1.0,
          "specificity": 0.027963272120200333
        },
        "0.0100": {
          "threshold": 0.01,
          "PPV": 0.019817970438238065,
          "NPV": 0.9959318727600276,
          "sensitivity": 0.8372284067677183,
          "specificity": 0.49040066777963265
        },
        "0.0200": {
          "threshold": 0.02,
          "PPV": 0.03454782674973763,
          "NPV": 0.9908101553903989,
          "sensitivity": 0.33251893624159734,
          "specificity": 0.8856427378964942
        },
        "0.0500": {
          "threshold": 0.05,
          "PPV": 0.0,
          "NPV": 0.9878078451440132,
          "sensitivity": 0.0,
          "specificity": 0.9970784641068448
        }
      },
      "nri": {
        "cutoff_nri": {
          "0.000000": 0.052216657391949584
        }
      }
    },
    "S": {
      "risk_column": "risks_7y_s",
      "C_td": 0.5780686229936497,
      "calibration": {
        "calibration_intercept": -1.8333799887889928,
        "calibration_slope": 0.5775341067963672,
        "brier_score": 0.012028589578348714,
        "fit_status": "full_intercept_and_slope"
      },
      "classification": {
        "0.0050": {
          "threshold": 0.005,
          "PPV": 0.012528885083472625,
          "NPV": 1.0,
          "sensitivity": 1.0,
          "specificity": 0.03005008347245409
        },
        "0.0100": {
          "threshold": 0.01,
          "PPV": 0.01450814738173833,
          "NPV": 0.9908427353915876,
          "sensitivity": 0.6690207225954378,
          "specificity": 0.4407345575959933
        },
        "0.0200": {
          "threshold": 0.02,
          "PPV": 0.015888499206204266,
          "NPV": 0.9882124140470734,
          "sensitivity": 0.11772071208056574,
          "specificity": 0.9102671118530885
        },
        "0.0500": {
          "threshold": 0.05,
          "PPV": 0.0,
          "NPV": 0.9877977543327964,
          "sensitivity": 0.0,
          "specificity": 0.9962437395659433
        }
      },
      "nri": {
        "cutoff_nri": {
          "0.000000": -0.4861806714895196
        }
      }
    },
    "O+S": {
      "risk_column": "risks_7y_os",
      "C_td": 0.6550519516591609,
      "calibration": {
        "calibration_intercept": 0.30891312511218966,
        "calibration_slope": 1.0721382531709724,
        "brier_score": 0.01196932026509434,
        "fit_status": "full_intercept_and_slope"
      },
      "classification": {
        "0.0050": {
          "threshold": 0.005,
          "PPV": 0.012090915393917821,
          "NPV": 0.9853212454340027,
          "sensitivity": 0.9691811060789788,
          "specificity": 0.025459098497495825
        },
        "0.0100": {
          "threshold": 0.01,
          "PPV": 0.01849806129865414,
          "NPV": 0.9940543117183986,
          "sensitivity": 0.7529327607358051,
          "specificity": 0.5083472454090151
        },
        "0.0200": {
          "threshold": 0.02,
          "PPV": 0.029403496996379248,
          "NPV": 0.9900027958257692,
          "sensitivity": 0.26917666302355087,
          "specificity": 0.8906510851419032
        },
        "0.0500": {
          "threshold": 0.05,
          "PPV": 0.0,
          "NPV": 0.9878128842936592,
          "sensitivity": 0.0,
          "specificity": 0.9974958263772955
        }
      },
      "nri": {
        "cutoff_nri": {
          "0.000000": -0.19013170098311993
        }
      }
    },
    "O+Q+S": {
      "risk_column": "risks_7y_oqs",
      "C_td": 0.6623936593297391,
      "calibration": {
        "calibration_intercept": -0.12785002792366876,
        "calibration_slope": 0.9667349283206368,
        "brier_score": 0.011981050855166937,
        "fit_status": "full_intercept_and_slope"
      },
      "classification": {
        "0.0050": {
          "threshold": 0.005,
          "PPV": 0.012893575882818142,
          "NPV": 0.9960945797187356,
          "sensitivity": 0.9736725836371938,
          "specificity": 0.08263772954924875
        },
        "0.0100": {
          "threshold": 0.01,
          "PPV": 0.017703494545427627,
          "NPV": 0.9926323477377044,
          "sensitivity": 0.6747786405589049,
          "specificity": 0.5392320534223706
        },
        "0.0200": {
          "threshold": 0.02,
          "PPV": 0.03366039062033058,
          "NPV": 0.9907249372939074,
          "sensitivity": 0.3272238804392992,
          "specificity": 0.8843906510851419
        },
        "0.0500": {
          "threshold": 0.05,
          "PPV": 0.0,
          "NPV": 0.9877876468044665,
          "sensitivity": 0.0,
          "specificity": 0.9954090150250418
        }
      },
      "nri": {
        "cutoff_nri": {
          "0.000000": 0.12057132257466141
        }
      }
    }
  },
  "n_rows_total": 3413,
  "horizon": 7.0
}