{
  "mode": "survival",
  "n_rows_ipcw": 2429,
  "weighted_event_rate": 0.010508362548844687,
  "ppv_npv_thresholds": [
    0.005,
    0.01,
    0.02,
    0.05
  ],
  "models": {
    "O": {
      "risk_column": "risks_7y_o",
      "C_td": 0.4329608486334636,
      "calibration": {
        "calibration_intercept": -7.08195755901652,
        "calibration_slope": -0.48515366214226874,
        "brier_score": 0.010433796076867391,
        "fit_status": "full_intercept_and_slope"
      },
      "classification": {
        "0.0050": {
          "threshold": 0.005,
          "PPV": 0.010003783803523295,
          "NPV": 0.9886749253424868,
          "sensitivity": 0.5884367866256239,
          "specificity": 0.38156797331109255
        },
        "0.0100": {
          "threshold": 0.01,
          "PPV": 0.00696062797583261,
          "NPV": 0.9893005480441978,
          "sensitivity": 0.03385438804273656,
          "specificity": 0.9487072560467056
        },
        "0.0200": {
          "threshold": 0.02,
          "PPV": NaN,
          "NPV": 0.9894916374511553,
          "sensitivity": 0.0,
          "specificity": 1.0
        },
        "0.0500": {
          "threshold": 0.05,
          "PPV": NaN,
          "NPV": 0.9894916374511553,
          "sensitivity": 0.0,
          "specificity": 1.0
        }
      },
      "nri": {
        "is_reference": true
      }
    },
    "O+Q": {
      "risk_column": "risks_7y_oq",
      "C_td": 0.5693678218765182,
      "calibration": {
        "calibration_intercept": -1.2184615380304997,
        "calibration_slope": 0.6470848409814735,
        "brier_score": 0.010415031717166255,
        "fit_status": "full_intercept_and_slope"
      },
      "classification": {
        "0.0050": {
          "threshold": 0.005,
          "PPV": 0.012657635677368962,
          "NPV": 0.9926073190961409,
          "sensitivity": 0.7128135952036242,
          "specificity": 0.4095079232693911
        },
        "0.0100": {
          "threshold": 0.01,
          "PPV": 0.013714032774910229,
          "NPV": 0.989743319959789,
          "sensitivity": 0.09500347230471358,
          "specificity": 0.9274395329441201
        },
        "0.0200": {
          "threshold": 0.02,
          "PPV": NaN,
          "NPV": 0.9894916374511553,
          "sensitivity": 0.0,
          "specificity": 1.0
        },
        "0.0500": {
          "threshold": 0.05,
          "PPV": NaN,
          "NPV": 0.9894916374511553,
          "sensitivity": 0.0,
          "specificity": 1.0
        }
      },
      "nri": {
        "cutoff_nri": {
          "0.000000": 0.27501412467378733
        }
      }
    },
    "S": {
      "risk_column": "risks_7y_s",
      "C_td": 0.7489094435956167,
      "calibration": {
        "calibration_intercept": 1.2941380524035044,
        "calibration_slope": 1.1529754107051777,
        "brier_score": 0.010326454193099346,
        "fit_status": "full_intercept_and_slope"
      },
      "classification": {
        "0.0050": {
          "threshold": 0.005,
          "PPV": 0.018860459448142002,
          "NPV": 0.9957230856199163,
          "sensitivity": 0.7669077015165312,
          "specificity": 0.5763135946622185
        },
        "0.0100": {
          "threshold": 0.01,
          "PPV": 0.03445988813251659,
          "NPV": 0.9939182244074511,
          "sensitivity": 0.5115219901217094,
          "specificity": 0.8477898248540451
        },
        "0.0200": {
          "threshold": 0.02,
          "PPV": 0.03742431833761633,
          "NPV": 0.9904846386257925,
          "sensitivity": 0.12671411856978426,
          "specificity": 0.9653878231859884
        },
        "0.0500": {
          "threshold": 0.05,
          "PPV": 0.0,
          "NPV": 0.9894872995741084,
          "sensitivity": 0.0,
          "specificity": 0.9995829858215178
        }
      },
      "nri": {
        "cutoff_nri": {
          "0.000000": 0.9267938335709867
        }
      }
    },
    "O+S": {
      "risk_column": "risks_7y_os",
      "C_td": 0.7511987775450097,
      "calibration": {
        "calibration_intercept": 1.2625217811539835,
        "calibration_slope": 1.1453287383937958,
        "brier_score": 0.010312438322833037,
        "fit_status": "full_intercept_and_slope"
      },
      "classification": {
        "0.0050": {
          "threshold": 0.005,
          "PPV": 0.019757185973048635,
          "NPV": 0.9958631719820435,
          "sensitivity": 0.7669077015165312,
          "specificity": 0.5959132610508757
        },
        "0.0100": {
          "threshold": 0.01,
          "PPV": 0.03312418408719799,
          "NPV": 0.9935566276900311,
          "sensitivity": 0.4802535785113888,
          "specificity": 0.8511259382819015
        },
        "0.0200": {
          "threshold": 0.02,
          "PPV": 0.051048032774449255,
          "NPV": 0.9911236740913658,
          "sensitivity": 0.1879977658168246,
          "specificity": 0.9628857381150959
        },
        "0.0500": {
          "threshold": 0.05,
          "PPV": 0.0,
          "NPV": 0.9894872995741084,
          "sensitivity": 0.0,
          "specificity": 0.9995829858215178
        }
      },
      "nri": {
        "cutoff_nri": {
          "0.000000": 0.883962441819796
        }
      }
    },
    "O+Q+S": {
      "risk_column": "risks_7y_oqs",
      "C_td": 0.737961393367251,
      "calibration": {
        "calibration_intercept": 1.0383969335295562,
        "calibration_slope": 1.0995523181454914,
        "brier_score": 0.01030911495091727,
        "fit_status": "full_intercept_and_slope"
      },
      "classification": {
        "0.0050": {
          "threshold": 0.005,
          "PPV": 0.01873004549446563,
          "NPV": 0.9951949788281773,
          "sensitivity": 0.7300240859705944,
          "specificity": 0.5938281901584653
        },
        "0.0100": {
          "threshold": 0.01,
          "PPV": 0.035842025420761967,
          "NPV": 0.9942121045657086,
          "sensitivity": 0.5357205568192164,
          "specificity": 0.8469557964970809
        },
        "0.0200": {
          "threshold": 0.02,
          "PPV": 0.04659371242091214,
          "NPV": 0.9908194070190128,
          "sensitivity": 0.1573588079526921,
          "specificity": 0.9658048373644703
        },
        "0.0500": {
          "threshold": 0.05,
          "PPV": 0.17732009801745655,
          "NPV": 0.989826981687464,
          "sensitivity": 0.03385438804273656,
          "specificity": 0.9983319432860717
        }
      },
      "nri": {
        "cutoff_nri": {
          "0.000000": 0.7399176733299255
        }
      }
    }
  },
  "n_rows_total": 3413,
  "horizon": 7.0
}