{
  "mode": "survival",
  "n_rows_ipcw": 3311,
  "weighted_event_rate": 0.0011837465006893427,
  "ppv_npv_thresholds": [
    0.005,
    0.01,
    0.02,
    0.05
  ],
  "models": {
    "O": {
      "risk_column": "risks_1y_o",
      "C_td": 0.4428805976054166,
      "calibration": {
        "calibration_intercept": -6.318817913214005,
        "calibration_slope": 0.060937209673508894,
        "brier_score": 0.0011822792166414635,
        "fit_status": "full_intercept_and_slope"
      },
      "classification": {
        "0.0050": {
          "threshold": 0.005,
          "PPV": NaN,
          "NPV": 0.9988162534993107,
          "sensitivity": 0.0,
          "specificity": 1.0
        },
        "0.0100": {
          "threshold": 0.01,
          "PPV": NaN,
          "NPV": 0.9988162534993107,
          "sensitivity": 0.0,
          "specificity": 1.0
        },
        "0.0200": {
          "threshold": 0.02,
          "PPV": NaN,
          "NPV": 0.9988162534993107,
          "sensitivity": 0.0,
          "specificity": 1.0
        },
        "0.0500": {
          "threshold": 0.05,
          "PPV": NaN,
          "NPV": 0.9988162534993107,
          "sensitivity": 0.0,
          "specificity": 1.0
        }
      },
      "nri": {
        "is_reference": true
      }
    },
    "O+Q": {
      "risk_column": "risks_1y_oq",
      "C_td": 0.7103171974849696,
      "calibration": {
        "calibration_intercept": 6.532151964172654,
        "calibration_slope": 1.9674066776740686,
        "brier_score": 0.001181551800514156,
        "fit_status": "full_intercept_and_slope"
      },
      "classification": {
        "0.0050": {
          "threshold": 0.005,
          "PPV": NaN,
          "NPV": 0.9988162534993107,
          "sensitivity": 0.0,
          "specificity": 1.0
        },
        "0.0100": {
          "threshold": 0.01,
          "PPV": NaN,
          "NPV": 0.9988162534993107,
          "sensitivity": 0.0,
          "specificity": 1.0
        },
        "0.0200": {
          "threshold": 0.02,
          "PPV": NaN,
          "NPV": 0.9988162534993107,
          "sensitivity": 0.0,
          "specificity": 1.0
        },
        "0.0500": {
          "threshold": 0.05,
          "PPV": NaN,
          "NPV": 0.9988162534993107,
          "sensitivity": 0.0,
          "specificity": 1.0
        }
      },
      "nri": {
        "cutoff_nri": {
          "0.000000": 1.1152101602661022
        }
      }
    },
    "S": {
      "risk_column": "risks_1y_s",
      "C_td": 0.773891218810406,
      "calibration": {
        "calibration_intercept": 1.655344510580866,
        "calibration_slope": 1.2385609702330256,
        "brier_score": 0.0011819055459419494,
        "fit_status": "full_intercept_and_slope"
      },
      "classification": {
        "0.0050": {
          "threshold": 0.005,
          "PPV": 0.0,
          "NPV": 0.9988119475564357,
          "sensitivity": 0.0,
          "specificity": 0.9963713335349259
        },
        "0.0100": {
          "threshold": 0.01,
          "PPV": NaN,
          "NPV": 0.9988162534993107,
          "sensitivity": 0.0,
          "specificity": 1.0
        },
        "0.0200": {
          "threshold": 0.02,
          "PPV": NaN,
          "NPV": 0.9988162534993107,
          "sensitivity": 0.0,
          "specificity": 1.0
        },
        "0.0500": {
          "threshold": 0.05,
          "PPV": NaN,
          "NPV": 0.9988162534993107,
          "sensitivity": 0.0,
          "specificity": 1.0
        }
      },
      "nri": {
        "cutoff_nri": {
          "0.000000": 0.7101602661022075
        }
      }
    },
    "O+S": {
      "risk_column": "risks_1y_os",
      "C_td": 0.7842384616361544,
      "calibration": {
        "calibration_intercept": 2.857684234767897,
        "calibration_slope": 1.421139081370205,
        "brier_score": 0.0011817001758237362,
        "fit_status": "full_intercept_and_slope"
      },
      "classification": {
        "0.0050": {
          "threshold": 0.005,
          "PPV": 0.0,
          "NPV": 0.9988151799424335,
          "sensitivity": 0.0,
          "specificity": 0.9990928333837316
        },
        "0.0100": {
          "threshold": 0.01,
          "PPV": NaN,
          "NPV": 0.9988162534993107,
          "sensitivity": 0.0,
          "specificity": 1.0
        },
        "0.0200": {
          "threshold": 0.02,
          "PPV": NaN,
          "NPV": 0.9988162534993107,
          "sensitivity": 0.0,
          "specificity": 1.0
        },
        "0.0500": {
          "threshold": 0.05,
          "PPV": NaN,
          "NPV": 0.9988162534993107,
          "sensitivity": 0.0,
          "specificity": 1.0
        }
      },
      "nri": {
        "cutoff_nri": {
          "0.000000": 0.6847596008466887
        }
      }
    },
    "O+Q+S": {
      "risk_column": "risks_1y_oqs",
      "C_td": 0.7819141371090061,
      "calibration": {
        "calibration_intercept": 2.847566875902454,
        "calibration_slope": 1.4226188232186943,
        "brier_score": 0.0011813701147666412,
        "fit_status": "full_intercept_and_slope"
      },
      "classification": {
        "0.0050": {
          "threshold": 0.005,
          "PPV": 0.0,
          "NPV": 0.9988119475564357,
          "sensitivity": 0.0,
          "specificity": 0.9963713335349259
        },
        "0.0100": {
          "threshold": 0.01,
          "PPV": NaN,
          "NPV": 0.9988162534993107,
          "sensitivity": 0.0,
          "specificity": 1.0
        },
        "0.0200": {
          "threshold": 0.02,
          "PPV": NaN,
          "NPV": 0.9988162534993107,
          "sensitivity": 0.0,
          "specificity": 1.0
        },
        "0.0500": {
          "threshold": 0.05,
          "PPV": NaN,
          "NPV": 0.9988162534993107,
          "sensitivity": 0.0,
          "specificity": 1.0
        }
      },
      "nri": {
        "cutoff_nri": {
          "0.000000": 0.7264892651950408
        }
      }
    }
  },
  "n_rows_total": 3413,
  "horizon": 1.0
}