,Feature,Gain
0,ageaccel,21.32404136657715
4,total_steps_norm,9.265111923217773
2,histhtn,8.393491744995117
1,bmi,7.087656497955322
3,heightbs,4.729293346405029
