{
  "O": {
    "calibration_intercept": 1.5662852586673657,
    "calibration_slope": 1.3022562297620257,
    "brier_score": 0.006950275078967846,
    "fit_status": "full_intercept_and_slope"
  },
  "O+Q": {
    "calibration_intercept": 0.4869644247814806,
    "calibration_slope": 1.0860314115728855,
    "brier_score": 0.006949840105434397,
    "fit_status": "full_intercept_and_slope"
  },
  "S": {
    "calibration_intercept": -1.5640499363750633,
    "calibration_slope": 0.6755659702962388,
    "brier_score": 0.0069521660405828445,
    "fit_status": "full_intercept_and_slope"
  },
  "O+S": {
    "calibration_intercept": -0.1535867666217997,
    "calibration_slope": 0.957267809382301,
    "brier_score": 0.006951045150459577,
    "fit_status": "full_intercept_and_slope"
  },
  "O+Q+S": {
    "calibration_intercept": 3.844297659984132,
    "calibration_slope": 1.8395312850832748,
    "brier_score": 0.006905207232293167,
    "fit_status": "full_intercept_and_slope"
  }
}