n,min_risk,max_risk,observed_event_rate,mean_predicted_risk
17065.0,0.0018436960281642,0.0132825170726745,0.007001621986170815,0.006610016004978502
