n,min_risk,max_risk,observed_event_rate,mean_predicted_risk
17065.0,0.0012940577533585,0.0216875485723313,0.007001621986170815,0.00660972922818995
