n,min_risk,max_risk,observed_event_rate,mean_predicted_risk
17065.0,0.0034426851274459,0.0183875322384867,0.007001621986170815,0.006597085641915546
