n,min_risk,max_risk,observed_event_rate,mean_predicted_risk
17065.0,3.473523352931217e-05,0.0384597055915491,0.007001621986170815,0.0066354412039450255
