n,min_risk,max_risk,observed_event_rate,mean_predicted_risk
17065.0,0.0027863610754798,0.0184480227308065,0.007001621986170815,0.006596638847101398
