n,min_risk,max_risk,observed_event_rate,mean_predicted_risk
16851.00000000003,0.0006599870027972,0.1944575978586192,0.02097132282754835,0.00941118179758599
