n,min_risk,max_risk,observed_event_rate,mean_predicted_risk
17065.000000000036,0.0025550580481234,0.0295061580480615,0.013517818955429528,0.009428995187074123
