{
  "O": {
    "calibration_intercept": -1.7102104498312762,
    "calibration_slope": 0.46351269065311695,
    "brier_score": 0.020635519614943906,
    "fit_status": "full_intercept_and_slope"
  },
  "O+S": {
    "calibration_intercept": -3.6418100976012457,
    "calibration_slope": 0.04392985691170391,
    "brier_score": 0.020655434939849338,
    "fit_status": "full_intercept_and_slope"
  },
  "O+D": {
    "calibration_intercept": -2.937945668639711,
    "calibration_slope": 0.18444397661364875,
    "brier_score": 0.020662681353322603,
    "fit_status": "full_intercept_and_slope"
  },
  "O+S+D": {
    "calibration_intercept": -2.950436406766867,
    "calibration_slope": 0.18231195048376794,
    "brier_score": 0.020677792415000385,
    "fit_status": "full_intercept_and_slope"
  }
}