n,min_risk,max_risk,observed_event_rate,mean_predicted_risk
16851.00000000003,0.0033245849195496,0.0357191300711829,0.02097132282754835,0.010612401306611712
