n,min_risk,max_risk,observed_event_rate,mean_predicted_risk
17065.00000000008,0.0006179975760691,0.1589830079450039,0.014098373174472965,0.009725248649355731
