n,min_risk,max_risk,observed_event_rate,mean_predicted_risk
16851.00000000003,0.0019201062801466,0.0294724879544064,0.02097132282754835,0.010207411513599711
