n,min_risk,max_risk,observed_event_rate,mean_predicted_risk
17065.000000000036,0.0007076594108827,0.0859210170102361,0.013517818955429528,0.008852230940938566
