n,min_risk,max_risk,observed_event_rate,mean_predicted_risk
17065.00000000008,0.0006599870027972,0.1335132471147414,0.014098373174472965,0.009527843396752474
