n,min_risk,max_risk,observed_event_rate,mean_predicted_risk
17065.00000000008,0.0019201062801466,0.0298147617397034,0.014098373174472965,0.0101995418363229
