n,min_risk,max_risk,observed_event_rate,mean_predicted_risk
17065.000000000036,0.0032779329196975,0.0364378104942589,0.013517818955429528,0.009547612565006473
