n,min_risk,max_risk,observed_event_rate,mean_predicted_risk
17065.000000000036,0.0008536331314202,0.0943166254151002,0.013517818955429528,0.008958450149515816
