n,min_risk,max_risk,observed_event_rate,mean_predicted_risk
16849.94819025956,0.0006179975760691,0.1227449664889643,0.020910209767305232,0.009582147090953726
1.0518097404652698,0.2212052743717947,0.2212052743717947,1.0,0.2212052743717947
