n,min_risk,max_risk,observed_event_rate,mean_predicted_risk
17065.00000000008,0.0033245849195496,0.0631402946243164,0.014098373174472965,0.010630823841506779
