n,min_risk,max_risk,observed_event_rate,mean_predicted_risk
17065.000000000036,0.0010988146418818,0.1085842945105687,0.013517818955429528,0.00884056240661285
