{
  "mode": "survival",
  "n_rows_ipcw": 2499,
  "weighted_event_rate": 0.03416564135506755,
  "ppv_npv_thresholds": [
    0.005,
    0.01,
    0.02,
    0.05
  ],
  "models": {
    "O": {
      "risk_column": "risks_7y_o",
      "C_td": 0.6300503539900414,
      "calibration": {
        "calibration_intercept": 0.3852776716791462,
        "calibration_slope": 1.064020285561402,
        "brier_score": 0.032619798286756624,
        "fit_status": "full_intercept_and_slope"
      },
      "classification": {
        "0.0050": {
          "threshold": 0.005,
          "PPV": 0.034165641355067555,
          "NPV": NaN,
          "sensitivity": 1.0,
          "specificity": 0.0
        },
        "0.0100": {
          "threshold": 0.01,
          "PPV": 0.034179407679627655,
          "NPV": 1.0,
          "sensitivity": 1.0,
          "specificity": 0.00041701417848206843
        },
        "0.0200": {
          "threshold": 0.02,
          "PPV": 0.04077390733632634,
          "NPV": 0.9787380427730095,
          "sensitivity": 0.7892340256543265,
          "specificity": 0.3432026688907423
        },
        "0.0500": {
          "threshold": 0.05,
          "PPV": 0.08486674102916525,
          "NPV": 0.9708894556588135,
          "sensitivity": 0.2252082524920636,
          "specificity": 0.9140950792326938
        }
      },
      "nri": {
        "is_reference": true
      }
    },
    "O+Q": {
      "risk_column": "risks_7y_oq",
      "C_td": 0.656703237984124,
      "calibration": {
        "calibration_intercept": 0.1102821266885845,
        "calibration_slope": 0.9871841837114026,
        "brier_score": 0.03235646157241865,
        "fit_status": "full_intercept_and_slope"
      },
      "classification": {
        "0.0050": {
          "threshold": 0.005,
          "PPV": 0.034165641355067555,
          "NPV": NaN,
          "sensitivity": 1.0,
          "specificity": 0.0
        },
        "0.0100": {
          "threshold": 0.01,
          "PPV": 0.035313855165942355,
          "NPV": 0.9863154097650755,
          "sensitivity": 0.9787370642914561,
          "specificity": 0.05421184320266889
        },
        "0.0200": {
          "threshold": 0.02,
          "PPV": 0.04355685891622928,
          "NPV": 0.9802264040981462,
          "sensitivity": 0.771468252819981,
          "specificity": 0.40075062552126767
        },
        "0.0500": {
          "threshold": 0.05,
          "PPV": 0.09262199759237628,
          "NPV": 0.9734277572823434,
          "sensitivity": 0.31166609201661044,
          "specificity": 0.8919933277731442
        }
      },
      "nri": {
        "cutoff_nri": {
          "0.000000": 0.3216128952344776
        }
      }
    },
    "S": {
      "risk_column": "risks_7y_s",
      "C_td": 0.5903871624925796,
      "calibration": {
        "calibration_intercept": 0.5558269491741813,
        "calibration_slope": 1.1195292199737776,
        "brier_score": 0.03286926439025337,
        "fit_status": "full_intercept_and_slope"
      },
      "classification": {
        "0.0050": {
          "threshold": 0.005,
          "PPV": 0.034165641355067555,
          "NPV": NaN,
          "sensitivity": 1.0,
          "specificity": 0.0
        },
        "0.0100": {
          "threshold": 0.01,
          "PPV": 0.034165641355067555,
          "NPV": NaN,
          "sensitivity": 1.0,
          "specificity": 0.0
        },
        "0.0200": {
          "threshold": 0.02,
          "PPV": 0.0341154042274905,
          "NPV": 0.9630909574659626,
          "sensitivity": 0.9805733541037295,
          "specificity": 0.01793160967472894
        },
        "0.0500": {
          "threshold": 0.05,
          "PPV": 0.07389398837993838,
          "NPV": 0.9677353565804329,
          "sensitivity": 0.09876466572862107,
          "specificity": 0.9562135112593829
        }
      },
      "nri": {
        "cutoff_nri": {
          "0.000000": -0.2348739461102074
        }
      }
    },
    "O+S": {
      "risk_column": "risks_7y_os",
      "C_td": 0.6507575731258537,
      "calibration": {
        "calibration_intercept": 0.9081013587035711,
        "calibration_slope": 1.217768360180212,
        "brier_score": 0.032630791406284256,
        "fit_status": "full_intercept_and_slope"
      },
      "classification": {
        "0.0050": {
          "threshold": 0.005,
          "PPV": 0.034165641355067555,
          "NPV": NaN,
          "sensitivity": 1.0,
          "specificity": 0.0
        },
        "0.0100": {
          "threshold": 0.01,
          "PPV": 0.034179407679627655,
          "NPV": 1.0,
          "sensitivity": 1.0,
          "specificity": 0.00041701417848206843
        },
        "0.0200": {
          "threshold": 0.02,
          "PPV": 0.041277142181769116,
          "NPV": 0.9826882754130327,
          "sensitivity": 0.849641833732485,
          "specificity": 0.3019182652210175
        },
        "0.0500": {
          "threshold": 0.05,
          "PPV": 0.08247431969488267,
          "NPV": 0.9698293580554224,
          "sensitivity": 0.18437993445554596,
          "specificity": 0.9274395329441201
        }
      },
      "nri": {
        "cutoff_nri": {
          "0.000000": 0.028034913583101506
        }
      }
    },
    "O+Q+S": {
      "risk_column": "risks_7y_oqs",
      "C_td": 0.6804750564210009,
      "calibration": {
        "calibration_intercept": 0.8050294012718716,
        "calibration_slope": 1.2005987501878186,
        "brier_score": 0.032368314661511154,
        "fit_status": "full_intercept_and_slope"
      },
      "classification": {
        "0.0050": {
          "threshold": 0.005,
          "PPV": 0.034165641355067555,
          "NPV": NaN,
          "sensitivity": 1.0,
          "specificity": 0.0
        },
        "0.0100": {
          "threshold": 0.01,
          "PPV": 0.03454126723182236,
          "NPV": 1.0,
          "sensitivity": 1.0,
          "specificity": 0.011259382819015847
        },
        "0.0200": {
          "threshold": 0.02,
          "PPV": 0.043011935540338844,
          "NPV": 0.9829685033924517,
          "sensitivity": 0.8302623721610319,
          "specificity": 0.3465387823185989
        },
        "0.0500": {
          "threshold": 0.05,
          "PPV": 0.0958008314876902,
          "NPV": 0.9728697440263411,
          "sensitivity": 0.2872743863918108,
          "specificity": 0.9040867389491243
        }
      },
      "nri": {
        "cutoff_nri": {
          "0.000000": 0.23589790171677721
        }
      }
    }
  },
  "n_rows_total": 3413,
  "horizon": 7.0
}