n,min_risk,max_risk,observed_event_rate,mean_predicted_risk
17065.0000000001,0.0037024448880624,0.0804746084296597,0.019061725619014463,0.014231231391248282
