n,min_risk,max_risk,observed_event_rate,mean_predicted_risk
17065.000000000062,0.0066424676281666,0.0520128007998331,0.026243258671721278,0.014081887295635673
