n,min_risk,max_risk,observed_event_rate,mean_predicted_risk
17065.000000000062,0.0049615043370718,0.0786949163281262,0.026243258671721278,0.014555911522143833
