n,min_risk,max_risk,observed_event_rate,mean_predicted_risk
17065.0000000001,0.004161516610327,0.0882774734876162,0.019061725619014463,0.015468741918028845
