n,min_risk,max_risk,observed_event_rate,mean_predicted_risk
17065.00000000004,0.0066424676281666,0.0520128007998331,0.019081825684434246,0.01412015015848957
