n,min_risk,max_risk,observed_event_rate,mean_predicted_risk
17065.00000000004,0.0045047582806799,0.1060890607905585,0.019081825684434246,0.014993727053805438
