n,min_risk,max_risk,observed_event_rate,mean_predicted_risk
17065.0000000001,0.0029819827563731,0.0928228831155111,0.019061725619014463,0.014888093041231423
