n,min_risk,max_risk,observed_event_rate,mean_predicted_risk
17065.00000000004,0.0049615043370718,0.0786949163281262,0.019081825684434246,0.014583507531170251
