{
  "O": {
    "calibration_intercept": 0.6682015013378354,
    "calibration_slope": 1.0074322071476098,
    "brier_score": 0.025617133343914786,
    "fit_status": "full_intercept_and_slope"
  },
  "O+S": {
    "calibration_intercept": 0.18386090080405296,
    "calibration_slope": 0.8981746905762258,
    "brier_score": 0.02558671026758795,
    "fit_status": "full_intercept_and_slope"
  },
  "O+D": {
    "calibration_intercept": -1.2028890755367696,
    "calibration_slope": 0.5703078259263815,
    "brier_score": 0.025628653872453187,
    "fit_status": "full_intercept_and_slope"
  },
  "O+S+D": {
    "calibration_intercept": -0.9251906925613651,
    "calibration_slope": 0.6389315424312881,
    "brier_score": 0.025628867110506638,
    "fit_status": "full_intercept_and_slope"
  }
}