n,min_risk,max_risk,observed_event_rate,mean_predicted_risk
17065.00000000004,0.0045622387263905,0.1135300490668569,0.019081825684434246,0.015238843123463727
