{
  "O": {
    "calibration_intercept": 3.670754479948326,
    "calibration_slope": 1.8193251917374895,
    "brier_score": 0.018581653727092303,
    "fit_status": "full_intercept_and_slope"
  },
  "O+S": {
    "calibration_intercept": 2.0446729559130987,
    "calibration_slope": 1.435621034172149,
    "brier_score": 0.01857857302884449,
    "fit_status": "full_intercept_and_slope"
  },
  "O+D": {
    "calibration_intercept": 1.7541616532150068,
    "calibration_slope": 1.3718000706297377,
    "brier_score": 0.018606259450894634,
    "fit_status": "full_intercept_and_slope"
  },
  "O+S+D": {
    "calibration_intercept": 1.1425800674309645,
    "calibration_slope": 1.2257649642798976,
    "brier_score": 0.018621284481963225,
    "fit_status": "full_intercept_and_slope"
  }
}