n,min_risk,max_risk,observed_event_rate,mean_predicted_risk
17065.000000000062,0.0045047582806799,0.0991394313083274,0.026243258671721278,0.014956135866480463
