n,min_risk,max_risk,observed_event_rate,mean_predicted_risk
17065.0000000001,0.0042992552013966,0.0861418428517049,0.019061725619014463,0.014793325469005329
