n,min_risk,max_risk,observed_event_rate,mean_predicted_risk
17065.000000000062,0.0045622387263905,0.1135300490668569,0.026243258671721278,0.015206817767812523
