n,min_risk,max_risk,observed_event_rate,mean_predicted_risk
17065.0000000001,0.0059553554589572,0.0476838990382336,0.019061725619014463,0.014208803390858211
