n,min_risk,max_risk,observed_event_rate,mean_predicted_risk
3413.000000000002,0.0027883653772559,0.0188482642640142,0.00438488982767391,0.00522201852417016
