n,min_risk,max_risk,observed_event_rate,mean_predicted_risk
3413.000000000002,0.0004917854495528,0.0526485107829938,0.00438488982767391,0.005132613647808549
