n,min_risk,max_risk,observed_event_rate,mean_predicted_risk
3413.000000000002,0.0008262439446008,0.0644759538171722,0.00438488982767391,0.005117736914576193
