n,min_risk,max_risk,observed_event_rate,mean_predicted_risk
3413.000000000002,0.0007352023274303,0.0440085535317818,0.00438488982767391,0.005128392040106661
