n,min_risk,max_risk,observed_event_rate,mean_predicted_risk
3413.000000000002,0.0012578220218803,0.0229805818027005,0.00438488982767391,0.00524831713585221
