n,min_risk,max_risk,observed_event_rate,mean_predicted_risk
3412.9999999999995,0.001525990498511,0.0727922248733648,0.011233512029151897,0.008537826974229494
