n,min_risk,max_risk,observed_event_rate,mean_predicted_risk
3412.9999999999995,0.0025628197320669,0.0295061580480615,0.011233512029151897,0.009265146787824731
