n,min_risk,max_risk,observed_event_rate,mean_predicted_risk
3412.9999999999995,0.0010027898641305,0.072414120794952,0.011233512029151897,0.008402222680370114
