n,min_risk,max_risk,observed_event_rate,mean_predicted_risk
3412.9999999999995,0.005284266039755,0.0283711539443445,0.011233512029151897,0.009804166641538452
