n,min_risk,max_risk,observed_event_rate,mean_predicted_risk
3412.9999999999995,0.0014322708122027,0.0762140536509354,0.011233512029151897,0.00841428368466775
