{
  "mode": "survival",
  "n_rows_ipcw": 3323,
  "weighted_event_rate": 0.001481786414494587,
  "ppv_npv_thresholds": [
    0.005,
    0.01,
    0.02,
    0.05
  ],
  "models": {
    "O": {
      "risk_column": "risks_1y_o",
      "C_td": 0.45507041102652046,
      "calibration": {
        "calibration_intercept": -11.729118390548535,
        "calibration_slope": -0.7299048494161997,
        "brier_score": 0.0014801766218888056,
        "fit_status": "full_intercept_and_slope"
      },
      "classification": {
        "0.0050": {
          "threshold": 0.005,
          "PPV": NaN,
          "NPV": 0.9985182135855054,
          "sensitivity": 0.0,
          "specificity": 1.0
        },
        "0.0100": {
          "threshold": 0.01,
          "PPV": NaN,
          "NPV": 0.9985182135855054,
          "sensitivity": 0.0,
          "specificity": 1.0
        },
        "0.0200": {
          "threshold": 0.02,
          "PPV": NaN,
          "NPV": 0.9985182135855054,
          "sensitivity": 0.0,
          "specificity": 1.0
        },
        "0.0500": {
          "threshold": 0.05,
          "PPV": NaN,
          "NPV": 0.9985182135855054,
          "sensitivity": 0.0,
          "specificity": 1.0
        }
      },
      "nri": {
        "is_reference": true
      }
    },
    "O+Q": {
      "risk_column": "risks_1y_oq",
      "C_td": 0.6110342895904278,
      "calibration": {
        "calibration_intercept": 1.3614089085168453,
        "calibration_slope": 1.1130417362571914,
        "brier_score": 0.0014795075926043403,
        "fit_status": "full_intercept_and_slope"
      },
      "classification": {
        "0.0050": {
          "threshold": 0.005,
          "PPV": NaN,
          "NPV": 0.9985182135855054,
          "sensitivity": 0.0,
          "specificity": 1.0
        },
        "0.0100": {
          "threshold": 0.01,
          "PPV": NaN,
          "NPV": 0.9985182135855054,
          "sensitivity": 0.0,
          "specificity": 1.0
        },
        "0.0200": {
          "threshold": 0.02,
          "PPV": NaN,
          "NPV": 0.9985182135855054,
          "sensitivity": 0.0,
          "specificity": 1.0
        },
        "0.0500": {
          "threshold": 0.05,
          "PPV": NaN,
          "NPV": 0.9985182135855054,
          "sensitivity": 0.0,
          "specificity": 1.0
        }
      },
      "nri": {
        "cutoff_nri": {
          "0.000000": 0.2020494273658831
        }
      }
    },
    "S": {
      "risk_column": "risks_1y_s",
      "C_td": 0.6361850556452637,
      "calibration": {
        "calibration_intercept": -1.184538924231268,
        "calibration_slope": 0.7436865666285524,
        "brier_score": 0.001478692403398784,
        "fit_status": "full_intercept_and_slope"
      },
      "classification": {
        "0.0050": {
          "threshold": 0.005,
          "PPV": 0.0,
          "NPV": 0.9985101431558788,
          "sensitivity": 0.0,
          "specificity": 0.9945750452079566
        },
        "0.0100": {
          "threshold": 0.01,
          "PPV": NaN,
          "NPV": 0.9985182135855054,
          "sensitivity": 0.0,
          "specificity": 1.0
        },
        "0.0200": {
          "threshold": 0.02,
          "PPV": NaN,
          "NPV": 0.9985182135855054,
          "sensitivity": 0.0,
          "specificity": 1.0
        },
        "0.0500": {
          "threshold": 0.05,
          "PPV": NaN,
          "NPV": 0.9985182135855054,
          "sensitivity": 0.0,
          "specificity": 1.0
        }
      },
      "nri": {
        "cutoff_nri": {
          "0.000000": 0.12790837854129
        }
      }
    },
    "O+S": {
      "risk_column": "risks_1y_os",
      "C_td": 0.6232922972572548,
      "calibration": {
        "calibration_intercept": -1.3710753621094511,
        "calibration_slope": 0.7184781892065301,
        "brier_score": 0.0014789797127132658,
        "fit_status": "full_intercept_and_slope"
      },
      "classification": {
        "0.0050": {
          "threshold": 0.005,
          "PPV": 0.0,
          "NPV": 0.9985132920802923,
          "sensitivity": 0.0,
          "specificity": 0.9966847498493068
        },
        "0.0100": {
          "threshold": 0.01,
          "PPV": NaN,
          "NPV": 0.9985182135855054,
          "sensitivity": 0.0,
          "specificity": 1.0
        },
        "0.0200": {
          "threshold": 0.02,
          "PPV": NaN,
          "NPV": 0.9985182135855054,
          "sensitivity": 0.0,
          "specificity": 1.0
        },
        "0.0500": {
          "threshold": 0.05,
          "PPV": NaN,
          "NPV": 0.9985182135855054,
          "sensitivity": 0.0,
          "specificity": 1.0
        }
      },
      "nri": {
        "cutoff_nri": {
          "0.000000": 0.5068113321277878
        }
      }
    },
    "O+Q+S": {
      "risk_column": "risks_1y_oqs",
      "C_td": 0.6222874958426224,
      "calibration": {
        "calibration_intercept": -0.33734554540040707,
        "calibration_slope": 0.8646544703939038,
        "brier_score": 0.0014765362262731223,
        "fit_status": "full_intercept_and_slope"
      },
      "classification": {
        "0.0050": {
          "threshold": 0.005,
          "PPV": 0.044860946831171866,
          "NPV": 0.9988071461738368,
          "sensitivity": 0.200315764258158,
          "specificity": 0.9936708860759493
        },
        "0.0100": {
          "threshold": 0.01,
          "PPV": 0.0,
          "NPV": 0.9985177675227792,
          "sensitivity": 0.0,
          "specificity": 0.9996986136226642
        },
        "0.0200": {
          "threshold": 0.02,
          "PPV": NaN,
          "NPV": 0.9985182135855054,
          "sensitivity": 0.0,
          "specificity": 1.0
        },
        "0.0500": {
          "threshold": 0.05,
          "PPV": NaN,
          "NPV": 0.9985182135855054,
          "sensitivity": 0.0,
          "specificity": 1.0
        }
      },
      "nri": {
        "cutoff_nri": {
          "0.000000": 0.5628691983122363
        }
      }
    }
  },
  "n_rows_total": 3413,
  "horizon": 1.0
}