{
  "mode": "survival",
  "n_rows_ipcw": 3215,
  "weighted_event_rate": 0.04160979545434429,
  "ppv_npv_thresholds": [
    0.05,
    0.1,
    0.15,
    0.2
  ],
  "models": {
    "O": {
      "risk_column": "risks_3y_o",
      "C_td": 0.6153980071891826,
      "calibration": {
        "calibration_intercept": 0.803776678455249,
        "calibration_slope": 1.2495244958721274,
        "brier_score": 0.0396021746972223,
        "fit_status": "full_intercept_and_slope"
      },
      "classification": {
        "0.0500": {
          "threshold": 0.05,
          "PPV": 0.07459489697067422,
          "NPV": 0.9671418476495064,
          "sensitivity": 0.3759105930645281,
          "specificity": 0.7975300617484563
        },
        "0.1000": {
          "threshold": 0.1,
          "PPV": NaN,
          "NPV": 0.9583902045456557,
          "sensitivity": 0.0,
          "specificity": 1.0
        },
        "0.1500": {
          "threshold": 0.15,
          "PPV": NaN,
          "NPV": 0.9583902045456557,
          "sensitivity": 0.0,
          "specificity": 1.0
        },
        "0.2000": {
          "threshold": 0.2,
          "PPV": NaN,
          "NPV": 0.9583902045456557,
          "sensitivity": 0.0,
          "specificity": 1.0
        }
      },
      "nri": {
        "is_reference": true
      }
    },
    "O+Q": {
      "risk_column": "risks_3y_q",
      "C_td": 0.6934541069845211,
      "calibration": {
        "calibration_intercept": 0.8819415543371013,
        "calibration_slope": 1.2901061905171094,
        "brier_score": 0.039007808893623264,
        "fit_status": "full_intercept_and_slope"
      },
      "classification": {
        "0.0500": {
          "threshold": 0.05,
          "PPV": 0.07757529782957082,
          "NPV": 0.9734725771835995,
          "sensitivity": 0.5508328965715766,
          "specificity": 0.7156321091972699
        },
        "0.1000": {
          "threshold": 0.1,
          "PPV": 0.16755053787967497,
          "NPV": 0.9604495813787359,
          "sensitivity": 0.06478518362293126,
          "specificity": 0.9860253493662658
        },
        "0.1500": {
          "threshold": 0.15,
          "PPV": NaN,
          "NPV": 0.9583902045456557,
          "sensitivity": 0.0,
          "specificity": 1.0
        },
        "0.2000": {
          "threshold": 0.2,
          "PPV": NaN,
          "NPV": 0.9583902045456557,
          "sensitivity": 0.0,
          "specificity": 1.0
        }
      },
      "nri": {
        "cutoff_nri": {
          "0.000000": 0.5264397375572858
        }
      }
    },
    "S": {
      "risk_column": "risks_3y_s",
      "C_td": 0.588135941796914,
      "calibration": {
        "calibration_intercept": 0.4906909094940326,
        "calibration_slope": 1.148428842650491,
        "brier_score": 0.039701399761016984,
        "fit_status": "full_intercept_and_slope"
      },
      "classification": {
        "0.0500": {
          "threshold": 0.05,
          "PPV": 0.06896685134836422,
          "NPV": 0.9646968714739725,
          "sensitivity": 0.3105149904762356,
          "specificity": 0.8180045498862528
        },
        "0.1000": {
          "threshold": 0.1,
          "PPV": NaN,
          "NPV": 0.9583902045456557,
          "sensitivity": 0.0,
          "specificity": 1.0
        },
        "0.1500": {
          "threshold": 0.15,
          "PPV": NaN,
          "NPV": 0.9583902045456557,
          "sensitivity": 0.0,
          "specificity": 1.0
        },
        "0.2000": {
          "threshold": 0.2,
          "PPV": NaN,
          "NPV": 0.9583902045456557,
          "sensitivity": 0.0,
          "specificity": 1.0
        }
      },
      "nri": {
        "cutoff_nri": {
          "0.000000": -0.19595126063877388
        }
      }
    },
    "O+S": {
      "risk_column": "risks_3y_os",
      "C_td": 0.6280753077458772,
      "calibration": {
        "calibration_intercept": 0.10999957258844485,
        "calibration_slope": 1.028960998202233,
        "brier_score": 0.0395687555792321,
        "fit_status": "full_intercept_and_slope"
      },
      "classification": {
        "0.0500": {
          "threshold": 0.05,
          "PPV": 0.06586873281227885,
          "NPV": 0.9659283346761887,
          "sensitivity": 0.3752842077747329,
          "specificity": 0.7689307767305817
        },
        "0.1000": {
          "threshold": 0.1,
          "PPV": 0.0828770420981446,
          "NPV": 0.9586866334478629,
          "sensitivity": 0.01420513159650472,
          "specificity": 0.9931751706207345
        },
        "0.1500": {
          "threshold": 0.15,
          "PPV": NaN,
          "NPV": 0.9583902045456557,
          "sensitivity": 0.0,
          "specificity": 1.0
        },
        "0.2000": {
          "threshold": 0.2,
          "PPV": NaN,
          "NPV": 0.9583902045456557,
          "sensitivity": 0.0,
          "specificity": 1.0
        }
      },
      "nri": {
        "cutoff_nri": {
          "0.000000": 0.23682958650671404
        }
      }
    },
    "O+Q+S": {
      "risk_column": "risks_3y_qs",
      "C_td": 0.7663533843442514,
      "calibration": {
        "calibration_intercept": 0.5032836152830406,
        "calibration_slope": 1.1760349549125217,
        "brier_score": 0.03792704183592086,
        "fit_status": "full_intercept_and_slope"
      },
      "classification": {
        "0.0500": {
          "threshold": 0.05,
          "PPV": 0.10057816561976399,
          "NPV": 0.9814980395370646,
          "sensitivity": 0.6805344562871547,
          "specificity": 0.7357816054598635
        },
        "0.1000": {
          "threshold": 0.1,
          "PPV": 0.16310448604370772,
          "NPV": 0.9685844797106765,
          "sensitivity": 0.3034431166046879,
          "specificity": 0.932401689957751
        },
        "0.1500": {
          "threshold": 0.15,
          "PPV": 0.22339916284591532,
          "NPV": 0.9626432881889082,
          "sensitivity": 0.12273765790179822,
          "specificity": 0.9814754631134222
        },
        "0.2000": {
          "threshold": 0.2,
          "PPV": 0.3553522882021888,
          "NPV": 0.960526894290532,
          "sensitivity": 0.05776755621756416,
          "specificity": 0.9954501137471563
        }
      },
      "nri": {
        "cutoff_nri": {
          "0.000000": 0.7820576224724818
        }
      }
    }
  },
  "n_rows_total": 3413,
  "horizon": 3.0
}