{
  "mode": "survival",
  "n_rows_ipcw": 3320,
  "weighted_event_rate": 0.0008908089785690422,
  "ppv_npv_thresholds": [
    0.005,
    0.01,
    0.02,
    0.05
  ],
  "models": {
    "O": {
      "risk_column": "risks_1y_o",
      "C_td": 0.4733488234163177,
      "calibration": {
        "calibration_intercept": -3.9676188806528536,
        "calibration_slope": 0.4708566805858687,
        "brier_score": 0.0008904197181008864,
        "fit_status": "full_intercept_and_slope"
      },
      "classification": {
        "0.0050": {
          "threshold": 0.005,
          "PPV": NaN,
          "NPV": 0.999109191021431,
          "sensitivity": 0.0,
          "specificity": 1.0
        },
        "0.0100": {
          "threshold": 0.01,
          "PPV": NaN,
          "NPV": 0.999109191021431,
          "sensitivity": 0.0,
          "specificity": 1.0
        },
        "0.0200": {
          "threshold": 0.02,
          "PPV": NaN,
          "NPV": 0.999109191021431,
          "sensitivity": 0.0,
          "specificity": 1.0
        },
        "0.0500": {
          "threshold": 0.05,
          "PPV": NaN,
          "NPV": 0.999109191021431,
          "sensitivity": 0.0,
          "specificity": 1.0
        }
      },
      "nri": {
        "is_reference": true
      }
    },
    "O+Q": {
      "risk_column": "risks_1y_oq",
      "C_td": 0.40026657366458385,
      "calibration": {
        "calibration_intercept": -10.007222495739201,
        "calibration_slope": -0.4521417154912194,
        "brier_score": 0.000891481785351509,
        "fit_status": "full_intercept_and_slope"
      },
      "classification": {
        "0.0050": {
          "threshold": 0.005,
          "PPV": 0.0,
          "NPV": 0.9991018869967657,
          "sensitivity": 0.0,
          "specificity": 0.9918601145613506
        },
        "0.0100": {
          "threshold": 0.01,
          "PPV": NaN,
          "NPV": 0.999109191021431,
          "sensitivity": 0.0,
          "specificity": 1.0
        },
        "0.0200": {
          "threshold": 0.02,
          "PPV": NaN,
          "NPV": 0.999109191021431,
          "sensitivity": 0.0,
          "specificity": 1.0
        },
        "0.0500": {
          "threshold": 0.05,
          "PPV": NaN,
          "NPV": 0.999109191021431,
          "sensitivity": 0.0,
          "specificity": 1.0
        }
      },
      "nri": {
        "cutoff_nri": {
          "0.000000": -0.11235051753592606
        }
      }
    },
    "S": {
      "risk_column": "risks_1y_s",
      "C_td": 0.377880645492976,
      "calibration": {
        "calibration_intercept": -7.097124449603178,
        "calibration_slope": -0.011484057419372522,
        "brier_score": 0.0008906164718445628,
        "fit_status": "full_intercept_and_slope"
      },
      "classification": {
        "0.0050": {
          "threshold": 0.005,
          "PPV": 0.0,
          "NPV": 0.9991086540591627,
          "sensitivity": 0.0,
          "specificity": 0.9993970455230631
        },
        "0.0100": {
          "threshold": 0.01,
          "PPV": NaN,
          "NPV": 0.999109191021431,
          "sensitivity": 0.0,
          "specificity": 1.0
        },
        "0.0200": {
          "threshold": 0.02,
          "PPV": NaN,
          "NPV": 0.999109191021431,
          "sensitivity": 0.0,
          "specificity": 1.0
        },
        "0.0500": {
          "threshold": 0.05,
          "PPV": NaN,
          "NPV": 0.999109191021431,
          "sensitivity": 0.0,
          "specificity": 1.0
        }
      },
      "nri": {
        "cutoff_nri": {
          "0.000000": -0.47954979399055364
        }
      }
    },
    "O+S": {
      "risk_column": "risks_1y_os",
      "C_td": 0.38574894543492194,
      "calibration": {
        "calibration_intercept": -6.097719730850551,
        "calibration_slope": 0.1418907787863862,
        "brier_score": 0.0008905569645829288,
        "fit_status": "full_intercept_and_slope"
      },
      "classification": {
        "0.0050": {
          "threshold": 0.005,
          "PPV": 0.0,
          "NPV": 0.9991083853352026,
          "sensitivity": 0.0,
          "specificity": 0.9990955682845944
        },
        "0.0100": {
          "threshold": 0.01,
          "PPV": NaN,
          "NPV": 0.999109191021431,
          "sensitivity": 0.0,
          "specificity": 1.0
        },
        "0.0200": {
          "threshold": 0.02,
          "PPV": NaN,
          "NPV": 0.999109191021431,
          "sensitivity": 0.0,
          "specificity": 1.0
        },
        "0.0500": {
          "threshold": 0.05,
          "PPV": NaN,
          "NPV": 0.999109191021431,
          "sensitivity": 0.0,
          "specificity": 1.0
        }
      },
      "nri": {
        "cutoff_nri": {
          "0.000000": -0.30891367701738515
        }
      }
    },
    "O+Q+S": {
      "risk_column": "risks_1y_oqs",
      "C_td": 0.3800247162423979,
      "calibration": {
        "calibration_intercept": -9.470009658284777,
        "calibration_slope": -0.37321490579660854,
        "brier_score": 0.0008911347228012954,
        "fit_status": "full_intercept_and_slope"
      },
      "classification": {
        "0.0050": {
          "threshold": 0.005,
          "PPV": 0.0,
          "NPV": 0.999105689156982,
          "sensitivity": 0.0,
          "specificity": 0.9960807958999096
        },
        "0.0100": {
          "threshold": 0.01,
          "PPV": NaN,
          "NPV": 0.999109191021431,
          "sensitivity": 0.0,
          "specificity": 1.0
        },
        "0.0200": {
          "threshold": 0.02,
          "PPV": NaN,
          "NPV": 0.999109191021431,
          "sensitivity": 0.0,
          "specificity": 1.0
        },
        "0.0500": {
          "threshold": 0.05,
          "PPV": NaN,
          "NPV": 0.999109191021431,
          "sensitivity": 0.0,
          "specificity": 1.0
        }
      },
      "nri": {
        "cutoff_nri": {
          "0.000000": -0.27936890764747263
        }
      }
    }
  },
  "n_rows_total": 3413,
  "horizon": 1.0
}