{
  "mode": "survival",
  "n_rows_ipcw": 3328,
  "weighted_event_rate": 0.006235482136766523,
  "ppv_npv_thresholds": [
    0.05,
    0.1,
    0.15,
    0.2
  ],
  "models": {
    "O": {
      "risk_column": "risks_1y_o",
      "C_td": 0.5416540199598754,
      "calibration": {
        "calibration_intercept": -0.406868781654132,
        "calibration_slope": 0.931824965220034,
        "brier_score": 0.006195524630557335,
        "fit_status": "full_intercept_and_slope"
      },
      "classification": {
        "0.0500": {
          "threshold": 0.05,
          "PPV": NaN,
          "NPV": 0.9937645178632334,
          "sensitivity": 0.0,
          "specificity": 1.0
        },
        "0.1000": {
          "threshold": 0.1,
          "PPV": NaN,
          "NPV": 0.9937645178632334,
          "sensitivity": 0.0,
          "specificity": 1.0
        },
        "0.1500": {
          "threshold": 0.15,
          "PPV": NaN,
          "NPV": 0.9937645178632334,
          "sensitivity": 0.0,
          "specificity": 1.0
        },
        "0.2000": {
          "threshold": 0.2,
          "PPV": NaN,
          "NPV": 0.9937645178632334,
          "sensitivity": 0.0,
          "specificity": 1.0
        }
      },
      "nri": {
        "is_reference": true
      }
    },
    "O+Q": {
      "risk_column": "risks_1y_oq",
      "C_td": 0.5146468760788049,
      "calibration": {
        "calibration_intercept": -2.1837572738744164,
        "calibration_slope": 0.5754259295791768,
        "brier_score": 0.0061955210803911805,
        "fit_status": "full_intercept_and_slope"
      },
      "classification": {
        "0.0500": {
          "threshold": 0.05,
          "PPV": NaN,
          "NPV": 0.9937645178632334,
          "sensitivity": 0.0,
          "specificity": 1.0
        },
        "0.1000": {
          "threshold": 0.1,
          "PPV": NaN,
          "NPV": 0.9937645178632334,
          "sensitivity": 0.0,
          "specificity": 1.0
        },
        "0.1500": {
          "threshold": 0.15,
          "PPV": NaN,
          "NPV": 0.9937645178632334,
          "sensitivity": 0.0,
          "specificity": 1.0
        },
        "0.2000": {
          "threshold": 0.2,
          "PPV": NaN,
          "NPV": 0.9937645178632334,
          "sensitivity": 0.0,
          "specificity": 1.0
        }
      },
      "nri": {
        "cutoff_nri": {
          "0.000000": -0.008610883119501256
        }
      }
    },
    "S": {
      "risk_column": "risks_1y_s",
      "C_td": 0.5124000805356276,
      "calibration": {
        "calibration_intercept": -2.803325053048761,
        "calibration_slope": 0.45284249805403504,
        "brier_score": 0.006197002412187518,
        "fit_status": "full_intercept_and_slope"
      },
      "classification": {
        "0.0500": {
          "threshold": 0.05,
          "PPV": NaN,
          "NPV": 0.9937645178632334,
          "sensitivity": 0.0,
          "specificity": 1.0
        },
        "0.1000": {
          "threshold": 0.1,
          "PPV": NaN,
          "NPV": 0.9937645178632334,
          "sensitivity": 0.0,
          "specificity": 1.0
        },
        "0.1500": {
          "threshold": 0.15,
          "PPV": NaN,
          "NPV": 0.9937645178632334,
          "sensitivity": 0.0,
          "specificity": 1.0
        },
        "0.2000": {
          "threshold": 0.2,
          "PPV": NaN,
          "NPV": 0.9937645178632334,
          "sensitivity": 0.0,
          "specificity": 1.0
        }
      },
      "nri": {
        "cutoff_nri": {
          "0.000000": -0.04187365904934709
        }
      }
    },
    "O+S": {
      "risk_column": "risks_1y_os",
      "C_td": 0.5309195615364621,
      "calibration": {
        "calibration_intercept": -2.369112920599548,
        "calibration_slope": 0.5393588876347674,
        "brier_score": 0.00619654770552723,
        "fit_status": "full_intercept_and_slope"
      },
      "classification": {
        "0.0500": {
          "threshold": 0.05,
          "PPV": NaN,
          "NPV": 0.9937645178632334,
          "sensitivity": 0.0,
          "specificity": 1.0
        },
        "0.1000": {
          "threshold": 0.1,
          "PPV": NaN,
          "NPV": 0.9937645178632334,
          "sensitivity": 0.0,
          "specificity": 1.0
        },
        "0.1500": {
          "threshold": 0.15,
          "PPV": NaN,
          "NPV": 0.9937645178632334,
          "sensitivity": 0.0,
          "specificity": 1.0
        },
        "0.2000": {
          "threshold": 0.2,
          "PPV": NaN,
          "NPV": 0.9937645178632334,
          "sensitivity": 0.0,
          "specificity": 1.0
        }
      },
      "nri": {
        "cutoff_nri": {
          "0.000000": 0.3112589456707993
        }
      }
    },
    "O+Q+S": {
      "risk_column": "risks_1y_oqs",
      "C_td": 0.7750232575059807,
      "calibration": {
        "calibration_intercept": 3.086350861187021,
        "calibration_slope": 1.7022660491650894,
        "brier_score": 0.0061660839020320985,
        "fit_status": "full_intercept_and_slope"
      },
      "classification": {
        "0.0500": {
          "threshold": 0.05,
          "PPV": NaN,
          "NPV": 0.9937645178632334,
          "sensitivity": 0.0,
          "specificity": 1.0
        },
        "0.1000": {
          "threshold": 0.1,
          "PPV": NaN,
          "NPV": 0.9937645178632334,
          "sensitivity": 0.0,
          "specificity": 1.0
        },
        "0.1500": {
          "threshold": 0.15,
          "PPV": NaN,
          "NPV": 0.9937645178632334,
          "sensitivity": 0.0,
          "specificity": 1.0
        },
        "0.2000": {
          "threshold": 0.2,
          "PPV": NaN,
          "NPV": 0.9937645178632334,
          "sensitivity": 0.0,
          "specificity": 1.0
        }
      },
      "nri": {
        "cutoff_nri": {
          "0.000000": 0.7995161778046569
        }
      }
    }
  },
  "n_rows_total": 3413,
  "horizon": 1.0
}