{
  "mode": "survival",
  "n_rows_ipcw": 2574,
  "weighted_event_rate": 0.05937830729860997,
  "ppv_npv_thresholds": [
    0.05,
    0.1,
    0.15,
    0.2
  ],
  "models": {
    "O": {
      "risk_column": "risks_7y_o",
      "C_td": 0.7298977691340892,
      "calibration": {
        "calibration_intercept": 0.09447604717892348,
        "calibration_slope": 1.0156080471420812,
        "brier_score": 0.0510858077030763,
        "fit_status": "full_intercept_and_slope"
      },
      "classification": {
        "0.0500": {
          "threshold": 0.05,
          "PPV": 0.1182025342624831,
          "NPV": 0.9710880859487102,
          "sensitivity": 0.6792258076120453,
          "specificity": 0.6801332778009163
        },
        "0.1000": {
          "threshold": 0.1,
          "PPV": 0.20216133744631898,
          "NPV": 0.9610589208644161,
          "sensitivity": 0.42630283593625107,
          "specificity": 0.8937942523948353
        },
        "0.1500": {
          "threshold": 0.15,
          "PPV": 0.26919417784355726,
          "NPV": 0.9584375391793327,
          "sensitivity": 0.35482281502613217,
          "specificity": 0.939192003331945
        },
        "0.2000": {
          "threshold": 0.2,
          "PPV": 0.358876097587362,
          "NPV": 0.9532079427948357,
          "sensitivity": 0.24374825651402315,
          "specificity": 0.9725114535610163
        }
      },
      "nri": {
        "is_reference": true
      }
    },
    "O+Q": {
      "risk_column": "risks_7y_oq",
      "C_td": 0.8014808840520462,
      "calibration": {
        "calibration_intercept": 0.05004397855419876,
        "calibration_slope": 0.9945333616598299,
        "brier_score": 0.04478996235960497,
        "fit_status": "full_intercept_and_slope"
      },
      "classification": {
        "0.0500": {
          "threshold": 0.05,
          "PPV": 0.158061972904231,
          "NPV": 0.9759036316701392,
          "sensitivity": 0.7010657031162477,
          "specificity": 0.764264889629321
        },
        "0.1000": {
          "threshold": 0.1,
          "PPV": 0.27560256730863647,
          "NPV": 0.969821940521931,
          "sensitivity": 0.5522351604075199,
          "specificity": 0.908371511870054
        },
        "0.1500": {
          "threshold": 0.15,
          "PPV": 0.36610032551067445,
          "NPV": 0.9632126214377927,
          "sensitivity": 0.42295832965319746,
          "specificity": 0.9537692628071637
        },
        "0.2000": {
          "threshold": 0.2,
          "PPV": 0.47520299077640515,
          "NPV": 0.9611429005560902,
          "sensitivity": 0.3763772637391307,
          "specificity": 0.9737609329446063
        }
      },
      "nri": {
        "cutoff_nri": {
          "0.000000": 0.6106415197906458
        }
      }
    },
    "S": {
      "risk_column": "risks_7y_s",
      "C_td": 0.7415337783637218,
      "calibration": {
        "calibration_intercept": 0.2479029821015581,
        "calibration_slope": 1.074370626627888,
        "brier_score": 0.05136376836481999,
        "fit_status": "full_intercept_and_slope"
      },
      "classification": {
        "0.0500": {
          "threshold": 0.05,
          "PPV": 0.13385151014924884,
          "NPV": 0.9715667225190114,
          "sensitivity": 0.6617144779802754,
          "specificity": 0.7296959600166597
        },
        "0.1000": {
          "threshold": 0.1,
          "PPV": 0.1973448482310906,
          "NPV": 0.9612064239009305,
          "sensitivity": 0.43149269709317956,
          "specificity": 0.8892128279883381
        },
        "0.1500": {
          "threshold": 0.15,
          "PPV": 0.2663539270803445,
          "NPV": 0.9539128785296267,
          "sensitivity": 0.2706736428228931,
          "specificity": 0.9529362765514369
        },
        "0.2000": {
          "threshold": 0.2,
          "PPV": 0.3010325659277498,
          "NPV": 0.9496126359781047,
          "sensitivity": 0.1818576312022025,
          "specificity": 0.973344439816743
        }
      },
      "nri": {
        "cutoff_nri": {
          "0.000000": -0.06304213321520663
        }
      }
    },
    "O+S": {
      "risk_column": "risks_7y_os",
      "C_td": 0.7660739371607336,
      "calibration": {
        "calibration_intercept": 0.36552600959536813,
        "calibration_slope": 1.117463190388619,
        "brier_score": 0.04954669904562349,
        "fit_status": "full_intercept_and_slope"
      },
      "classification": {
        "0.0500": {
          "threshold": 0.05,
          "PPV": 0.14242859232369,
          "NPV": 0.9756212608242651,
          "sensitivity": 0.7111588243036103,
          "specificity": 0.7296959600166597
        },
        "0.1000": {
          "threshold": 0.1,
          "PPV": 0.21380353707493885,
          "NPV": 0.9650400001968512,
          "sensitivity": 0.49161981626664847,
          "specificity": 0.8858808829654311
        },
        "0.1500": {
          "threshold": 0.15,
          "PPV": 0.28454923114066477,
          "NPV": 0.9574508474313489,
          "sensitivity": 0.33325478962853433,
          "specificity": 0.9471053727613494
        },
        "0.2000": {
          "threshold": 0.2,
          "PPV": 0.35359421225940657,
          "NPV": 0.9536566227759656,
          "sensitivity": 0.2526346807474815,
          "specificity": 0.9708454810495627
        }
      },
      "nri": {
        "cutoff_nri": {
          "0.000000": 0.24195602506662683
        }
      }
    },
    "O+Q+S": {
      "risk_column": "risks_7y_oqs",
      "C_td": 0.797820307805907,
      "calibration": {
        "calibration_intercept": 0.07768011014861484,
        "calibration_slope": 1.0134847117228756,
        "brier_score": 0.04419626983054897,
        "fit_status": "full_intercept_and_slope"
      },
      "classification": {
        "0.0500": {
          "threshold": 0.05,
          "PPV": 0.1638645921288254,
          "NPV": 0.9758368226422822,
          "sensitivity": 0.6956420068531681,
          "specificity": 0.775926697209496
        },
        "0.1000": {
          "threshold": 0.1,
          "PPV": 0.2795469429392544,
          "NPV": 0.9700769658875562,
          "sensitivity": 0.5555252581265008,
          "specificity": 0.9096209912536443
        },
        "0.1500": {
          "threshold": 0.15,
          "PPV": 0.3695363093104013,
          "NPV": 0.963821903562248,
          "sensitivity": 0.43312183356520845,
          "specificity": 0.9533527696793003
        },
        "0.2000": {
          "threshold": 0.2,
          "PPV": 0.4630165273399598,
          "NPV": 0.9607157101009324,
          "sensitivity": 0.3697804512899456,
          "specificity": 0.9729279466888796
        }
      },
      "nri": {
        "cutoff_nri": {
          "0.000000": 0.5790121168203037
        }
      }
    }
  },
  "n_rows_total": 3413,
  "horizon": 7.0
}