n,min_risk,max_risk,observed_event_rate,mean_predicted_risk
17065.000000000004,0.00026956011576,0.0993890193531618,0.0032132126139697795,0.003513722746135114
