n,min_risk,max_risk,observed_event_rate,mean_predicted_risk
16990.582373115787,7.331062120153592e-05,0.0993464729439597,0.0025595739622335813,0.003023682794354734
57.10042994994908,0.1008039067721033,0.199735753810427,0.12423638198169897,0.14407800869840676
12.237929955970634,0.2016852749085498,0.2915740202493598,0.08269255230341754,0.24773058523021368
1.0205403902728156,0.3122911113621248,0.3122911113621248,0.0,0.3122911113621248
3.0467409250507576,0.4217293224205321,0.4666561618261008,0.6650386707048899,0.44056223189102156
1.011985662969662,0.5444423203057913,0.5444423203057913,1.0,0.5444423203057913
