n,min_risk,max_risk,observed_event_rate,mean_predicted_risk
17065.000000000004,0.0004477183823598,0.0840059339907518,0.0032132126139697795,0.00349625215929799
