n,min_risk,max_risk,observed_event_rate,mean_predicted_risk
17062.95697351062,0.00053682639808,0.088819304072772,0.0022514994005351395,0.0037829993898652386
2.043026489393184,0.1020981194686455,0.1081864440926751,0.0,0.10514228178066029
