{
  "O": {
    "calibration_intercept": -3.6775133925491326,
    "calibration_slope": 0.4297602756182129,
    "brier_score": 0.002310342417615508,
    "fit_status": "full_intercept_and_slope"
  },
  "O+S": {
    "calibration_intercept": -2.5814454126583977,
    "calibration_slope": 0.5734611602738687,
    "brier_score": 0.0023484377517308044,
    "fit_status": "full_intercept_and_slope"
  },
  "O+D": {
    "calibration_intercept": -2.9127793046579216,
    "calibration_slope": 0.5470002388213476,
    "brier_score": 0.0022690572833460065,
    "fit_status": "full_intercept_and_slope"
  },
  "O+S+D": {
    "calibration_intercept": -2.4750349108129592,
    "calibration_slope": 0.5933557761748918,
    "brier_score": 0.0023308585354331036,
    "fit_status": "full_intercept_and_slope"
  }
}