n,min_risk,max_risk,observed_event_rate,mean_predicted_risk
16994.676383565944,0.0002443415873333,0.0996818447563355,0.0024996039810020387,0.002983824690299194
56.059485943309554,0.100364634890178,0.1998771969967129,0.16258850464624755,0.13159955118568797
12.22937522866748,0.2008215249954241,0.2927826837011658,0.16550079526506253,0.24134191316115686
1.0142148718082802,0.3654000419197641,0.3654000419197641,1.0,0.3654000419197641
1.0205403902728156,0.4348880293400197,0.4348880293400197,0.0,0.4348880293400197
