n,min_risk,max_risk,observed_event_rate,mean_predicted_risk
17051.720327818955,0.0004287552619232,0.0998651517357408,0.0022529830808062454,0.004923958305318953
13.279672181055696,0.100703020881415,0.1884877189302686,0.0,0.12717663775309698
