n,min_risk,max_risk,observed_event_rate,mean_predicted_risk
17065.000000000004,0.0006925562746603,0.0668139377976307,0.0032132126139697795,0.003499052386878169
