n,min_risk,max_risk,observed_event_rate,mean_predicted_risk
17005.761699387906,0.0002443415873333,0.0996818447563355,0.002199559913518222,0.002916958821829247
48.001654920442114,0.100364634890178,0.1998771969967129,0.021083557766419635,0.1342680441083734
10.21513244696592,0.2008215249954241,0.2927826837011658,0.0,0.23805546362230862
1.021513244696592,0.4348880293400197,0.4348880293400197,0.0,0.4348880293400197
