n,min_risk,max_risk,observed_event_rate,mean_predicted_risk
17000.654133164422,7.331062120153592e-05,0.0993464729439597,0.002200220735027372,0.002949959480530341
50.05414899013301,0.1008039067721033,0.199735753810427,0.0,0.144029824158653
12.248691356061395,0.2016852749085498,0.2915740202493598,0.08262479925237573,0.24772734691954898
1.021513244696592,0.3122911113621248,0.3122911113621248,0.0,0.3122911113621248
1.021513244696592,0.4217293224205321,0.4217293224205321,0.0,0.4217293224205321
