n,min_risk,max_risk,observed_event_rate,mean_predicted_risk
17048.694788728706,0.0004287552619232,0.0998651517357408,0.003026307255442991,0.004940119216741106
16.30521127129421,0.100703020881415,0.1884877189302686,0.18633221901861632,0.13548571299017814
