n,min_risk,max_risk,observed_event_rate,mean_predicted_risk
17064.999999999996,5.816920841363508e-05,0.0155347502064848,0.0011869025359134953,0.0010061987317877663
