n,min_risk,max_risk,observed_event_rate,mean_predicted_risk
17065.000000000015,0.0001889070263691,0.0056510854305046,0.0011834536366560717,0.0010107302320237243
