n,min_risk,max_risk,observed_event_rate,mean_predicted_risk
16851.000000000022,5.059302085717737e-05,0.0198790722061765,6.0099765610914085e-05,0.0010189959599628156
