n,min_risk,max_risk,observed_event_rate,mean_predicted_risk
17065.000000000015,4.039824725735025e-05,0.0261978490570283,0.0011834536366560717,0.0010242570565355206
