n,min_risk,max_risk,observed_event_rate,mean_predicted_risk
17064.999999999996,6.888577621587082e-05,0.0148625020876632,0.0011869025359134953,0.0010070898919791887
