n,min_risk,max_risk,observed_event_rate,mean_predicted_risk
17064.999999999996,7.576615900114555e-05,0.0145691509104934,0.0011869025359134953,0.001005431155740021
