n,min_risk,max_risk,observed_event_rate,mean_predicted_risk
17065.000000000015,0.0002734579462651,0.0083920699126258,0.0011834536366560717,0.001017139025626395
