{
  "O": {
    "calibration_intercept": -18.759080557093053,
    "calibration_slope": -1.283587277701226,
    "brier_score": 6.115893842747719e-05,
    "fit_status": "full_intercept_and_slope"
  },
  "O+S": {
    "calibration_intercept": -1.3128399174852743,
    "calibration_slope": 1.2237277517831446,
    "brier_score": 6.121849408720963e-05,
    "fit_status": "full_intercept_and_slope"
  },
  "O+D": {
    "calibration_intercept": 1.0219711769220081,
    "calibration_slope": 1.6133640498526725,
    "brier_score": 6.199862919247404e-05,
    "fit_status": "full_intercept_and_slope"
  },
  "O+S+D": {
    "calibration_intercept": 3.269096794192284,
    "calibration_slope": 2.0033113558860034,
    "brier_score": 6.199590511880108e-05,
    "fit_status": "full_intercept_and_slope"
  }
}