n,min_risk,max_risk,observed_event_rate,mean_predicted_risk
16851.000000000022,0.0001889070263691,0.0056510854305046,6.0099765610914085e-05,0.0010107837913636124
