n,min_risk,max_risk,observed_event_rate,mean_predicted_risk
17064.999999999996,0.0002526622061193,0.0049263292763332,0.0011869025359134953,0.0009998626980874856
