n,min_risk,max_risk,observed_event_rate,mean_predicted_risk
17065.000000000015,5.059302085717737e-05,0.0198790722061765,0.0011834536366560717,0.0010211683876668507
