n,min_risk,max_risk,observed_event_rate,mean_predicted_risk
16851.000000000022,0.0002734579462651,0.0083920699126258,6.0099765610914085e-05,0.0010170028467234046
