n,min_risk,max_risk,observed_event_rate,mean_predicted_risk
16851.000000000022,4.039824725735025e-05,0.0261978490570283,6.0099765610914085e-05,0.0010215199938963509
