n,min_risk,max_risk,observed_event_rate,mean_predicted_risk
17064.999999999996,0.000283989617684,0.0045850196424554,0.0011869025359134953,0.001004222755589388
