{
  "mode": "survival",
  "n_rows_ipcw": 16688,
  "weighted_event_rate": 0.001183453636656072,
  "ppv_npv_thresholds": [
    0.005,
    0.01,
    0.02,
    0.05
  ],
  "models": {
    "O": {
      "risk_column": "risks_1y_o",
      "C_td": 0.49111633475351685,
      "calibration": {
        "calibration_intercept": -5.153934345899381,
        "calibration_slope": 0.22815165972654683,
        "brier_score": 0.0011820147445601782,
        "fit_status": "full_intercept_and_slope"
      },
      "classification": {
        "0.0050": {
          "threshold": 0.005,
          "PPV": 0.0,
          "NPV": 0.998816475441583,
          "sensitivity": 0.0,
          "specificity": 0.999940004799616
        },
        "0.0100": {
          "threshold": 0.01,
          "PPV": NaN,
          "NPV": 0.998816546363344,
          "sensitivity": 0.0,
          "specificity": 1.0
        },
        "0.0200": {
          "threshold": 0.02,
          "PPV": NaN,
          "NPV": 0.998816546363344,
          "sensitivity": 0.0,
          "specificity": 1.0
        },
        "0.0500": {
          "threshold": 0.05,
          "PPV": NaN,
          "NPV": 0.998816546363344,
          "sensitivity": 0.0,
          "specificity": 1.0
        }
      },
      "nri": {
        "is_reference": true
      }
    },
    "O+S": {
      "risk_column": "risks_1y_oq",
      "C_td": 0.6291847563356713,
      "calibration": {
        "calibration_intercept": -0.1355964235106317,
        "calibration_slope": 0.9578012607510895,
        "brier_score": 0.0011818465240680837,
        "fit_status": "full_intercept_and_slope"
      },
      "classification": {
        "0.0050": {
          "threshold": 0.005,
          "PPV": 0.0,
          "NPV": 0.9988150552191439,
          "sensitivity": 0.0,
          "specificity": 0.9987401007919366
        },
        "0.0100": {
          "threshold": 0.01,
          "PPV": NaN,
          "NPV": 0.998816546363344,
          "sensitivity": 0.0,
          "specificity": 1.0
        },
        "0.0200": {
          "threshold": 0.02,
          "PPV": NaN,
          "NPV": 0.998816546363344,
          "sensitivity": 0.0,
          "specificity": 1.0
        },
        "0.0500": {
          "threshold": 0.05,
          "PPV": NaN,
          "NPV": 0.998816546363344,
          "sensitivity": 0.0,
          "specificity": 1.0
        }
      },
      "nri": {
        "cutoff_nri": {
          "0.000000": 0.26378689704823616
        }
      }
    },
    "O+D": {
      "risk_column": "risks_1y_os",
      "C_td": 0.7324238310655224,
      "calibration": {
        "calibration_intercept": 0.12140539638473959,
        "calibration_slope": 0.9959453992070396,
        "brier_score": 0.0011808052923427056,
        "fit_status": "full_intercept_and_slope"
      },
      "classification": {
        "0.0050": {
          "threshold": 0.005,
          "PPV": 0.010005681772136623,
          "NPV": 0.9989230155313903,
          "sensitivity": 0.10081640295888859,
          "specificity": 0.9881809455243581
        },
        "0.0100": {
          "threshold": 0.01,
          "PPV": 0.0,
          "NPV": 0.9988149841185431,
          "sensitivity": 0.0,
          "specificity": 0.9986801055915526
        },
        "0.0200": {
          "threshold": 0.02,
          "PPV": NaN,
          "NPV": 0.998816546363344,
          "sensitivity": 0.0,
          "specificity": 1.0
        },
        "0.0500": {
          "threshold": 0.05,
          "PPV": NaN,
          "NPV": 0.998816546363344,
          "sensitivity": 0.0,
          "specificity": 1.0
        }
      },
      "nri": {
        "cutoff_nri": {
          "0.000000": 0.7034557235421166
        }
      }
    },
    "O+S+D": {
      "risk_column": "risks_1y_oqs",
      "C_td": 0.7385362516680328,
      "calibration": {
        "calibration_intercept": 0.6414909877154077,
        "calibration_slope": 1.0768248242855323,
        "brier_score": 0.001180019470736961,
        "fit_status": "full_intercept_and_slope"
      },
      "classification": {
        "0.0050": {
          "threshold": 0.005,
          "PPV": 0.009045885097141796,
          "NPV": 0.9989210910442774,
          "sensitivity": 0.10030168831997154,
          "specificity": 0.9869810415166788
        },
        "0.0100": {
          "threshold": 0.01,
          "PPV": 0.0,
          "NPV": 0.9988146284875121,
          "sensitivity": 0.0,
          "specificity": 0.9983801295896327
        },
        "0.0200": {
          "threshold": 0.02,
          "PPV": 0.0,
          "NPV": 0.9988164045113211,
          "sensitivity": 0.0,
          "specificity": 0.9998800095992321
        },
        "0.0500": {
          "threshold": 0.05,
          "PPV": NaN,
          "NPV": 0.998816546363344,
          "sensitivity": 0.0,
          "specificity": 1.0
        }
      },
      "nri": {
        "cutoff_nri": {
          "0.000000": 0.7072954163666906
        }
      }
    }
  },
  "n_rows_total": 17065,
  "horizon": 1.0
}