{
  "mode": "survival",
  "n_rows_ipcw": 2454,
  "weighted_event_rate": 0.019085907040455544,
  "ppv_npv_thresholds": [
    0.005,
    0.01,
    0.02,
    0.05
  ],
  "models": {
    "O": {
      "risk_column": "risks_7y_o",
      "C_td": 0.6207255570974596,
      "calibration": {
        "calibration_intercept": -0.7865008780367803,
        "calibration_slope": 0.7326216606185473,
        "brier_score": 0.01866551167884565,
        "fit_status": "full_intercept_and_slope"
      },
      "classification": {
        "0.0050": {
          "threshold": 0.005,
          "PPV": 0.02075355957235925,
          "NPV": 0.9922962272764209,
          "sensitivity": 0.948418637862714,
          "specificity": 0.12927439532944118
        },
        "0.0100": {
          "threshold": 0.01,
          "PPV": 0.023095868592603742,
          "NPV": 0.9881022273470642,
          "sensitivity": 0.7767718878754072,
          "specificity": 0.36071726438698914
        },
        "0.0200": {
          "threshold": 0.02,
          "PPV": 0.03633912861782814,
          "NPV": 0.9837841890002343,
          "sensitivity": 0.27155546821372795,
          "specificity": 0.859883236030025
        },
        "0.0500": {
          "threshold": 0.05,
          "PPV": NaN,
          "NPV": 0.9809140929595445,
          "sensitivity": 0.0,
          "specificity": 1.0
        }
      },
      "nri": {
        "is_reference": true
      }
    },
    "O+Q": {
      "risk_column": "risks_7y_oq",
      "C_td": 0.6550928973493663,
      "calibration": {
        "calibration_intercept": -0.06865081751696246,
        "calibration_slope": 0.9060358158821716,
        "brier_score": 0.018628861693366375,
        "fit_status": "full_intercept_and_slope"
      },
      "classification": {
        "0.0050": {
          "threshold": 0.005,
          "PPV": 0.021241748051936623,
          "NPV": 0.9930977539603988,
          "sensitivity": 0.9456298799182435,
          "specificity": 0.15221017514595495
        },
        "0.0100": {
          "threshold": 0.01,
          "PPV": 0.024814551704776283,
          "NPV": 0.9898390209948655,
          "sensitivity": 0.7918717123141652,
          "specificity": 0.39449541284403666
        },
        "0.0200": {
          "threshold": 0.02,
          "PPV": 0.034113110637789865,
          "NPV": 0.9846882845641968,
          "sensitivity": 0.35879169721544524,
          "specificity": 0.8023352793994997
        },
        "0.0500": {
          "threshold": 0.05,
          "PPV": 0.0,
          "NPV": 0.9808828130294073,
          "sensitivity": 0.0,
          "specificity": 0.9983319432860718
        }
      },
      "nri": {
        "cutoff_nri": {
          "0.000000": 0.37677231025854874
        }
      }
    },
    "S": {
      "risk_column": "risks_7y_s",
      "C_td": 0.5827497125388263,
      "calibration": {
        "calibration_intercept": 0.17622788590072141,
        "calibration_slope": 0.9715089299006351,
        "brier_score": 0.01869397315038012,
        "fit_status": "full_intercept_and_slope"
      },
      "classification": {
        "0.0050": {
          "threshold": 0.005,
          "PPV": 0.019093717422651903,
          "NPV": 1.0,
          "sensitivity": 1.0,
          "specificity": 0.00041701417848206827
        },
        "0.0100": {
          "threshold": 0.01,
          "PPV": 0.022506993210838228,
          "NPV": 0.9907077965410273,
          "sensitivity": 0.8739596322530684,
          "specificity": 0.26146788990825687
        },
        "0.0200": {
          "threshold": 0.02,
          "PPV": 0.03228223211410579,
          "NPV": 0.9833137370428194,
          "sensitivity": 0.2602466906360259,
          "specificity": 0.8482068390325271
        },
        "0.0500": {
          "threshold": 0.05,
          "PPV": NaN,
          "NPV": 0.9809140929595445,
          "sensitivity": 0.0,
          "specificity": 1.0
        }
      },
      "nri": {
        "cutoff_nri": {
          "0.000000": -0.25711902776122963
        }
      }
    },
    "O+S": {
      "risk_column": "risks_7y_os",
      "C_td": 0.5999497823490074,
      "calibration": {
        "calibration_intercept": -0.9717865155620518,
        "calibration_slope": 0.6889306734609543,
        "brier_score": 0.018689426992587417,
        "fit_status": "full_intercept_and_slope"
      },
      "classification": {
        "0.0050": {
          "threshold": 0.005,
          "PPV": 0.021106323062301,
          "NPV": 0.996863514298746,
          "sensitivity": 0.9815231826746603,
          "specificity": 0.11426188490408672
        },
        "0.0100": {
          "threshold": 0.01,
          "PPV": 0.02420651162411329,
          "NPV": 0.9890064131408965,
          "sensitivity": 0.7767718878754072,
          "specificity": 0.39074228523769805
        },
        "0.0200": {
          "threshold": 0.02,
          "PPV": 0.030550506301825407,
          "NPV": 0.9834336256349896,
          "sensitivity": 0.288396569469539,
          "specificity": 0.8219349457881568
        },
        "0.0500": {
          "threshold": 0.05,
          "PPV": 0.0,
          "NPV": 0.980906282577348,
          "sensitivity": 0.0,
          "specificity": 0.9995829858215179
        }
      },
      "nri": {
        "cutoff_nri": {
          "0.000000": -0.18554152269748603
        }
      }
    },
    "O+Q+S": {
      "risk_column": "risks_7y_oqs",
      "C_td": 0.6322946465475521,
      "calibration": {
        "calibration_intercept": -0.32515985207423126,
        "calibration_slope": 0.8459981067836464,
        "brier_score": 0.018657283009425523,
        "fit_status": "full_intercept_and_slope"
      },
      "classification": {
        "0.0050": {
          "threshold": 0.005,
          "PPV": 0.020752446309238476,
          "NPV": 0.9963756266931365,
          "sensitivity": 0.9815231826746603,
          "specificity": 0.09883236030025017
        },
        "0.0100": {
          "threshold": 0.01,
          "PPV": 0.025663389187704656,
          "NPV": 0.9915168821870689,
          "sensitivity": 0.829834171438527,
          "specificity": 0.3869891576313595
        },
        "0.0200": {
          "threshold": 0.02,
          "PPV": 0.030731743911313184,
          "NPV": 0.9838109300459047,
          "sensitivity": 0.3207407982202889,
          "specificity": 0.8031693077564638
        },
        "0.0500": {
          "threshold": 0.05,
          "PPV": 0.11788919842485951,
          "NPV": 0.981189764133797,
          "sensitivity": 0.017185853929959007,
          "specificity": 0.9974979149291077
        }
      },
      "nri": {
        "cutoff_nri": {
          "0.000000": 0.0008340283569641116
        }
      }
    }
  },
  "n_rows_total": 3413,
  "horizon": 7.0
}