{
  "mode": "survival",
  "n_rows_ipcw": 703,
  "weighted_event_rate": 0.060279698437018955,
  "ppv_npv_thresholds": [
    0.005,
    0.01,
    0.02,
    0.05
  ],
  "models": {
    "O": {
      "risk_column": "risks_10y_o",
      "C_td": 0.629288981716892,
      "calibration": {
        "calibration_intercept": 1.7198018855934418,
        "calibration_slope": 1.388270078056485,
        "brier_score": 0.05602645295414259,
        "fit_status": "full_intercept_and_slope"
      },
      "classification": {
        "0.0050": {
          "threshold": 0.005,
          "PPV": 0.060279698437018955,
          "NPV": NaN,
          "sensitivity": 1.0,
          "specificity": 0.0
        },
        "0.0100": {
          "threshold": 0.01,
          "PPV": 0.060279698437018955,
          "NPV": NaN,
          "sensitivity": 1.0,
          "specificity": 0.0
        },
        "0.0200": {
          "threshold": 0.02,
          "PPV": 0.0655694073215124,
          "NPV": 0.9821124867663295,
          "sensitivity": 0.9670802013728067,
          "specificity": 0.11594202898550722
        },
        "0.0500": {
          "threshold": 0.05,
          "PPV": 0.1310739424502806,
          "NPV": 0.9569697374444899,
          "sensitivity": 0.4260121660807055,
          "specificity": 0.818840579710145
        }
      },
      "nri": {
        "is_reference": true
      }
    },
    "O+Q": {
      "risk_column": "risks_10y_q",
      "C_td": 0.6637596119940967,
      "calibration": {
        "calibration_intercept": 1.0639562952901056,
        "calibration_slope": 1.1854226006004065,
        "brier_score": 0.055331835680885934,
        "fit_status": "full_intercept_and_slope"
      },
      "classification": {
        "0.0050": {
          "threshold": 0.005,
          "PPV": 0.060279698437018955,
          "NPV": NaN,
          "sensitivity": 1.0,
          "specificity": 0.0
        },
        "0.0100": {
          "threshold": 0.01,
          "PPV": 0.060279698437018955,
          "NPV": NaN,
          "sensitivity": 1.0,
          "specificity": 0.0
        },
        "0.0200": {
          "threshold": 0.02,
          "PPV": 0.07083552200142905,
          "NPV": 0.983619999134033,
          "sensitivity": 0.9473263936938827,
          "specificity": 0.20289855072463764
        },
        "0.0500": {
          "threshold": 0.05,
          "PPV": 0.13988477762392765,
          "NPV": 0.9586349263342746,
          "sensitivity": 0.44552698907667393,
          "specificity": 0.8242753623188406
        }
      },
      "nri": {
        "cutoff_nri": {
          "0.000000": 0.31008254151070164
        }
      }
    },
    "S": {
      "risk_column": "risks_10y_s",
      "C_td": 0.5802675519800099,
      "calibration": {
        "calibration_intercept": 3.276957638834735,
        "calibration_slope": 1.902782678983534,
        "brier_score": 0.056583925661366004,
        "fit_status": "full_intercept_and_slope"
      },
      "classification": {
        "0.0050": {
          "threshold": 0.005,
          "PPV": 0.060279698437018955,
          "NPV": NaN,
          "sensitivity": 1.0,
          "specificity": 0.0
        },
        "0.0100": {
          "threshold": 0.01,
          "PPV": 0.060279698437018955,
          "NPV": NaN,
          "sensitivity": 1.0,
          "specificity": 0.0
        },
        "0.0200": {
          "threshold": 0.02,
          "PPV": 0.060279698437018955,
          "NPV": NaN,
          "sensitivity": 1.0,
          "specificity": 0.0
        },
        "0.0500": {
          "threshold": 0.05,
          "PPV": 0.1596642629602677,
          "NPV": 0.9477734394404598,
          "sensitivity": 0.19853865346037,
          "specificity": 0.9329710144927537
        }
      },
      "nri": {
        "cutoff_nri": {
          "0.000000": -0.3327094730780305
        }
      }
    },
    "O+S": {
      "risk_column": "risks_10y_os",
      "C_td": 0.6405353383105481,
      "calibration": {
        "calibration_intercept": 2.2189722374903385,
        "calibration_slope": 1.5516204916104515,
        "brier_score": 0.05596550246102121,
        "fit_status": "full_intercept_and_slope"
      },
      "classification": {
        "0.0050": {
          "threshold": 0.005,
          "PPV": 0.060279698437018955,
          "NPV": NaN,
          "sensitivity": 1.0,
          "specificity": 0.0
        },
        "0.0100": {
          "threshold": 0.01,
          "PPV": 0.060279698437018955,
          "NPV": NaN,
          "sensitivity": 1.0,
          "specificity": 0.0
        },
        "0.0200": {
          "threshold": 0.02,
          "PPV": 0.061910368866761,
          "NPV": 0.980792918078196,
          "sensitivity": 0.987832672189911,
          "specificity": 0.03985507246376811
        },
        "0.0500": {
          "threshold": 0.05,
          "PPV": 0.12587062055032391,
          "NPV": 0.95558377745364,
          "sensitivity": 0.4066653004005064,
          "specificity": 0.818840579710145
        }
      },
      "nri": {
        "cutoff_nri": {
          "0.000000": -0.1694260485651214
        }
      }
    },
    "O+Q+S": {
      "risk_column": "risks_10y_qs",
      "C_td": 0.681259640947196,
      "calibration": {
        "calibration_intercept": 1.4620385685414434,
        "calibration_slope": 1.3301922100546728,
        "brier_score": 0.055196208144922425,
        "fit_status": "full_intercept_and_slope"
      },
      "classification": {
        "0.0050": {
          "threshold": 0.005,
          "PPV": 0.060279698437018955,
          "NPV": NaN,
          "sensitivity": 1.0,
          "specificity": 0.0
        },
        "0.0100": {
          "threshold": 0.01,
          "PPV": 0.060279698437018955,
          "NPV": NaN,
          "sensitivity": 1.0,
          "specificity": 0.0
        },
        "0.0200": {
          "threshold": 0.02,
          "PPV": 0.06921091524965949,
          "NPV": 0.9851954738776497,
          "sensitivity": 0.9596833750486535,
          "specificity": 0.1721014492753623
        },
        "0.0500": {
          "threshold": 0.05,
          "PPV": 0.13591947900649987,
          "NPV": 0.9592127463091074,
          "sensitivity": 0.46200777709245083,
          "specificity": 0.8115942028985508
        }
      },
      "nri": {
        "cutoff_nri": {
          "0.000000": 0.28899126595642577
        }
      }
    }
  },
  "n_rows_total": 3413,
  "horizon": 10.0
}