{
  "mode": "survival",
  "n_rows_ipcw": 2424,
  "weighted_event_rate": 0.00777105462020078,
  "ppv_npv_thresholds": [
    0.005,
    0.01,
    0.02,
    0.05
  ],
  "models": {
    "O": {
      "risk_column": "risks_7y_o",
      "C_td": 0.44605708879590833,
      "calibration": {
        "calibration_intercept": -7.286507709256311,
        "calibration_slope": -0.4718373756613833,
        "brier_score": 0.007729370673800239,
        "fit_status": "full_intercept_and_slope"
      },
      "classification": {
        "0.0050": {
          "threshold": 0.005,
          "PPV": 0.007575755479975824,
          "NPV": 0.9918434129976206,
          "sensitivity": 0.6470780543231689,
          "specificity": 0.3361099541857559
        },
        "0.0100": {
          "threshold": 0.01,
          "PPV": 0.005686875062629859,
          "NPV": 0.9919786160106854,
          "sensitivity": 0.07847114536064491,
          "specificity": 0.8925447730112454
        },
        "0.0200": {
          "threshold": 0.02,
          "PPV": 0.0,
          "NPV": 0.9922064000870227,
          "sensitivity": 0.0,
          "specificity": 0.9970845481049563
        },
        "0.0500": {
          "threshold": 0.05,
          "PPV": NaN,
          "NPV": 0.9922289453797992,
          "sensitivity": 0.0,
          "specificity": 1.0
        }
      },
      "nri": {
        "is_reference": true
      }
    },
    "O+Q": {
      "risk_column": "risks_7y_oq",
      "C_td": 0.675775079660301,
      "calibration": {
        "calibration_intercept": 4.705069983084935,
        "calibration_slope": 1.9224705511988205,
        "brier_score": 0.007691150210986811,
        "fit_status": "full_intercept_and_slope"
      },
      "classification": {
        "0.0050": {
          "threshold": 0.005,
          "PPV": 0.009576157614090506,
          "NPV": 0.9965634550945173,
          "sensitivity": 0.869982122549048,
          "specificity": 0.29529362765514366
        },
        "0.0100": {
          "threshold": 0.01,
          "PPV": 0.019601738783386776,
          "NPV": 0.9933419737276603,
          "sensitivity": 0.21690122415450086,
          "specificity": 0.9150354019158684
        },
        "0.0200": {
          "threshold": 0.02,
          "PPV": 0.0,
          "NPV": 0.9922225171885726,
          "sensitivity": 0.0,
          "specificity": 0.9991670137442732
        },
        "0.0500": {
          "threshold": 0.05,
          "PPV": NaN,
          "NPV": 0.9922289453797992,
          "sensitivity": 0.0,
          "specificity": 1.0
        }
      },
      "nri": {
        "cutoff_nri": {
          "0.000000": 0.46451659634572545
        }
      }
    },
    "S": {
      "risk_column": "risks_7y_s",
      "C_td": 0.6354368346909517,
      "calibration": {
        "calibration_intercept": -1.5865386368429863,
        "calibration_slope": 0.6340518883642386,
        "brier_score": 0.0077064323003319165,
        "fit_status": "full_intercept_and_slope"
      },
      "classification": {
        "0.0050": {
          "threshold": 0.005,
          "PPV": 0.01162498061403508,
          "NPV": 0.9951992670182481,
          "sensitivity": 0.6511199125282426,
          "specificity": 0.5664306538942108
        },
        "0.0100": {
          "threshold": 0.01,
          "PPV": 0.014300687304480324,
          "NPV": 0.9935288323229273,
          "sensitivity": 0.3055254647351326,
          "specificity": 0.8350687213660974
        },
        "0.0200": {
          "threshold": 0.02,
          "PPV": 0.021900660468085465,
          "NPV": 0.9928587822799336,
          "sensitivity": 0.12026392981512242,
          "specificity": 0.9579341940857976
        },
        "0.0500": {
          "threshold": 0.05,
          "PPV": 0.0,
          "NPV": 0.9922160783537836,
          "sensitivity": 0.0,
          "specificity": 0.9983340274885465
        }
      },
      "nri": {
        "cutoff_nri": {
          "0.000000": 0.6224580337902685
        }
      }
    },
    "O+S": {
      "risk_column": "risks_7y_os",
      "C_td": 0.619084578559528,
      "calibration": {
        "calibration_intercept": -1.8391925574520387,
        "calibration_slope": 0.581732204581777,
        "brier_score": 0.007705279855942828,
        "fit_status": "full_intercept_and_slope"
      },
      "classification": {
        "0.0050": {
          "threshold": 0.005,
          "PPV": 0.010430116571339442,
          "NPV": 0.9941920214204129,
          "sensitivity": 0.5700374863587551,
          "specificity": 0.576426488962932
        },
        "0.0100": {
          "threshold": 0.01,
          "PPV": 0.014665986496526812,
          "NPV": 0.9935076157052734,
          "sensitivity": 0.2952408237774402,
          "specificity": 0.8446480633069554
        },
        "0.0200": {
          "threshold": 0.02,
          "PPV": 0.02051028730690288,
          "NPV": 0.9928371379436326,
          "sensitivity": 0.12026392981512242,
          "specificity": 0.9550187421907539
        },
        "0.0500": {
          "threshold": 0.05,
          "PPV": 0.0,
          "NPV": 0.9922160783537836,
          "sensitivity": 0.0,
          "specificity": 0.9983340274885465
        }
      },
      "nri": {
        "cutoff_nri": {
          "0.000000": 0.6616083878094272
        }
      }
    },
    "O+Q+S": {
      "risk_column": "risks_7y_oqs",
      "C_td": 0.6936782765114378,
      "calibration": {
        "calibration_intercept": -0.2439223093247478,
        "calibration_slope": 0.9091999703304752,
        "brier_score": 0.007683301377983625,
        "fit_status": "full_intercept_and_slope"
      },
      "classification": {
        "0.0050": {
          "threshold": 0.005,
          "PPV": 0.013886985052423388,
          "NPV": 0.9970267377306455,
          "sensitivity": 0.7855910664043744,
          "specificity": 0.5630987088713036
        },
        "0.0100": {
          "threshold": 0.01,
          "PPV": 0.021293333306692756,
          "NPV": 0.9947086980515818,
          "sensitivity": 0.42461657255753577,
          "specificity": 0.8471470220741357
        },
        "0.0200": {
          "threshold": 0.02,
          "PPV": 0.031550862028392614,
          "NPV": 0.993233670480037,
          "sensitivity": 0.16458785619627014,
          "specificity": 0.9604331528529779
        },
        "0.0500": {
          "threshold": 0.05,
          "PPV": 0.0,
          "NPV": 0.9922192991032748,
          "sensitivity": 0.0,
          "specificity": 0.9987505206164098
        }
      },
      "nri": {
        "cutoff_nri": {
          "0.000000": 0.6374517863933507
        }
      }
    }
  },
  "n_rows_total": 3413,
  "horizon": 7.0
}