n,min_risk,max_risk,observed_event_rate,mean_predicted_risk
14948.53156207354,0.0044267076707217,0.099998470581645,0.04189939772357881,0.03700360757728563
1510.8021918681443,0.1001505123023946,0.1999659621498597,0.16460643169229358,0.13859736986983018
410.08443404055004,0.2004340282835727,0.2999503348488614,0.3135375788268182,0.23665289899413924
155.1380974128802,0.3000711678969384,0.3996150479126338,0.45821162088243217,0.33953977696527277
34.04332763036681,0.4005026130385243,0.4941875705773723,0.21619940582570643,0.4291542777620179
2.6683180424351653,0.5214132635494401,0.5645924837770164,0.0,0.5430028736632283
2.6683180424351653,0.601638417473441,0.6589332407792569,0.0,0.630285829126349
1.0637508897044454,0.7435155877008198,0.7435155877008198,1.0,0.7435155877008198
