{
  "O": {
    "calibration_intercept": -2.1638299112187056,
    "calibration_slope": 0.5107158175240872,
    "brier_score": 0.03146693148854762,
    "fit_status": "full_intercept_and_slope"
  },
  "O+S": {
    "calibration_intercept": -1.8991182465260323,
    "calibration_slope": 0.5211460351376107,
    "brier_score": 0.02888395907740331,
    "fit_status": "full_intercept_and_slope"
  },
  "O+D": {
    "calibration_intercept": -1.8915689679349923,
    "calibration_slope": 0.5615806354851722,
    "brier_score": 0.02876118488393745,
    "fit_status": "full_intercept_and_slope"
  },
  "O+S+D": {
    "calibration_intercept": -1.7878273748724036,
    "calibration_slope": 0.5588814352648153,
    "brier_score": 0.028403823848753805,
    "fit_status": "full_intercept_and_slope"
  }
}