n,min_risk,max_risk,observed_event_rate,mean_predicted_risk
14701.309575737701,0.0107842540322573,0.0999512393128641,0.03587646696073463,0.035750675271826356
1549.3600462990544,0.1000040944190423,0.1998952318411365,0.16294617897205482,0.13812434081475153
459.8218702370976,0.2000030127156714,0.2998372726066672,0.2969752879931128,0.24503293275739857
192.80508401217074,0.3004716307064248,0.3979499745133998,0.34392059258970503,0.33761474488636994
92.23845850421691,0.4027545318198658,0.4993792826189641,0.5428680280954822,0.4509500906788936
47.38844053078508,0.5015345017743373,0.5996779346757766,0.5416299871316589,0.5441119986447669
17.652305359940204,0.6072447566725816,0.6820113969363679,0.6380835974979492,0.6492441088303477
4.424219319038351,0.7022666338806219,0.7776411817168529,0.7111961052995055,0.733625317656538
