{
  "O": {
    "calibration_intercept": -0.19502967581193342,
    "calibration_slope": 1.0008944066325682,
    "brier_score": 0.05245994589725767,
    "fit_status": "full_intercept_and_slope"
  },
  "O+S": {
    "calibration_intercept": 0.15708230929783196,
    "calibration_slope": 1.019555361067812,
    "brier_score": 0.04608508185377252,
    "fit_status": "full_intercept_and_slope"
  },
  "O+D": {
    "calibration_intercept": 0.30270091368704555,
    "calibration_slope": 1.0917649097573483,
    "brier_score": 0.052193595204095104,
    "fit_status": "full_intercept_and_slope"
  },
  "O+S+D": {
    "calibration_intercept": 0.305415256526572,
    "calibration_slope": 1.0719244059890158,
    "brier_score": 0.045937391008617594,
    "fit_status": "full_intercept_and_slope"
  }
}