n,min_risk,max_risk,observed_event_rate,mean_predicted_risk
15004.984483039618,0.0086294165129423,0.0999482127739692,0.03910220243175788,0.03462870545833701
1364.1560591652058,0.1000818352625078,0.1997808687370956,0.17162506197215072,0.1379210735340999
425.0353313731602,0.2001898929595203,0.2974633508460194,0.3157117887451952,0.23885748703696022
146.8043067415194,0.3030319980948524,0.3991656596248495,0.3729273036512524,0.34219663133684664
72.82802644513755,0.4012924314845486,0.496772424355408,0.5786559242941951,0.44714297128710084
35.609529099047684,0.5018451613764662,0.5892781995789232,0.6628028649983084,0.5364043544635583
14.248105115151015,0.6017842013387243,0.6483330999000128,0.5318117706055954,0.6250174647227343
1.3341590212175827,0.7153147065598086,0.7153147065598086,0.0,0.7153147065598086
