n,min_risk,max_risk,observed_event_rate,mean_predicted_risk
14149.568953442797,0.0076155273735191,0.0999701047056797,0.021675809025362276,0.04017241068858923
1940.7870872502137,0.1000434337573776,0.1998821587933838,0.040236159401698814,0.13690506819339382
543.4466774009088,0.2001559241383438,0.2997636469729555,0.05766453374897565,0.2419050667747867
245.24310393630702,0.3006238484838144,0.3996353475809491,0.08574978657646942,0.3465113574882499
103.54238540623162,0.4000984714571377,0.4993009156036458,0.14151678828679587,0.4511151436877692
51.096630712466094,0.5011066976360493,0.5967769653269475,0.06527166741177182,0.5378279756805633
18.09375619165755,0.6029359355833769,0.6986905691653656,0.19343546664952002,0.6546148155601751
11.894698203174563,0.7070417105690527,0.7845516799572968,0.10769828127678159,0.7417866354902412
1.32670745629833,0.8289585383602136,0.8289585383602136,0.0,0.8289585383602136
