{
  "mode": "survival",
  "n_rows_ipcw": 2988,
  "weighted_event_rate": 0.07587194856551684,
  "ppv_npv_thresholds": [
    0.05,
    0.1,
    0.15,
    0.2
  ],
  "models": {
    "O": {
      "risk_column": "risks_5y_o",
      "C_td": 0.5894791547023804,
      "calibration": {
        "calibration_intercept": -0.7687767767440966,
        "calibration_slope": 0.673883654658155,
        "brier_score": 0.06973570431385326,
        "fit_status": "full_intercept_and_slope"
      },
      "classification": {
        "0.0500": {
          "threshold": 0.05,
          "PPV": 0.08312562327024123,
          "NPV": 0.9569899043183997,
          "sensitivity": 0.8974974338680107,
          "specificity": 0.18724954462659377
        },
        "0.1000": {
          "threshold": 0.1,
          "PPV": 0.11316976358382483,
          "NPV": 0.9310630036726815,
          "sensitivity": 0.2338560096444425,
          "specificity": 0.8495446265938069
        },
        "0.1500": {
          "threshold": 0.15,
          "PPV": NaN,
          "NPV": 0.9241280514344832,
          "sensitivity": 0.0,
          "specificity": 1.0
        },
        "0.2000": {
          "threshold": 0.2,
          "PPV": NaN,
          "NPV": 0.9241280514344832,
          "sensitivity": 0.0,
          "specificity": 1.0
        }
      },
      "nri": {
        "is_reference": true
      }
    },
    "O+Q": {
      "risk_column": "risks_5y_q",
      "C_td": 0.6818213180426591,
      "calibration": {
        "calibration_intercept": 0.28339548385930946,
        "calibration_slope": 1.1061614702681446,
        "brier_score": 0.06795450677608311,
        "fit_status": "full_intercept_and_slope"
      },
      "classification": {
        "0.0500": {
          "threshold": 0.05,
          "PPV": 0.10273718450325751,
          "NPV": 0.9694997100093545,
          "sensitivity": 0.8504954801854069,
          "specificity": 0.3901639344262296
        },
        "0.1000": {
          "threshold": 0.1,
          "PPV": 0.13639943123924986,
          "NPV": 0.9435433565791527,
          "sensitivity": 0.4366125882104921,
          "specificity": 0.7730418943533698
        },
        "0.1500": {
          "threshold": 0.15,
          "PPV": 0.1603215712433429,
          "NPV": 0.9293788344417122,
          "sensitivity": 0.1236916510395632,
          "specificity": 0.9468123861566484
        },
        "0.2000": {
          "threshold": 0.2,
          "PPV": 0.22305811508901607,
          "NPV": 0.9253498853731458,
          "sensitivity": 0.024204251704256278,
          "specificity": 0.9930783242258652
        }
      },
      "nri": {
        "cutoff_nri": {
          "0.000000": 0.5172232341631249
        }
      }
    },
    "S": {
      "risk_column": "risks_5y_s",
      "C_td": 0.6003459248864081,
      "calibration": {
        "calibration_intercept": 1.022858871930947,
        "calibration_slope": 1.384973633362779,
        "brier_score": 0.06953471052058796,
        "fit_status": "full_intercept_and_slope"
      },
      "classification": {
        "0.0500": {
          "threshold": 0.05,
          "PPV": 0.07706679393613856,
          "NPV": 0.9362784831865881,
          "sensitivity": 0.9248049978865852,
          "specificity": 0.09071038251366119
        },
        "0.1000": {
          "threshold": 0.1,
          "PPV": 0.12256069493811972,
          "NPV": 0.9276952907285095,
          "sensitivity": 0.11466065674506964,
          "specificity": 0.9326047358834244
        },
        "0.1500": {
          "threshold": 0.15,
          "PPV": NaN,
          "NPV": 0.9241280514344832,
          "sensitivity": 0.0,
          "specificity": 1.0
        },
        "0.2000": {
          "threshold": 0.2,
          "PPV": NaN,
          "NPV": 0.9241280514344832,
          "sensitivity": 0.0,
          "specificity": 1.0
        }
      },
      "nri": {
        "cutoff_nri": {
          "0.000000": -0.0009174930850704421
        }
      }
    },
    "O+S": {
      "risk_column": "risks_5y_os",
      "C_td": 0.611418314640004,
      "calibration": {
        "calibration_intercept": 0.2907909064090031,
        "calibration_slope": 1.0968551302727307,
        "brier_score": 0.06935841958234785,
        "fit_status": "full_intercept_and_slope"
      },
      "classification": {
        "0.0500": {
          "threshold": 0.05,
          "PPV": 0.081988292315962,
          "NPV": 0.9539691999872759,
          "sensitivity": 0.8968023578826191,
          "specificity": 0.17559198542805096
        },
        "0.1000": {
          "threshold": 0.1,
          "PPV": 0.12410110014402784,
          "NPV": 0.9322249069880945,
          "sensitivity": 0.2351266300572972,
          "specificity": 0.863752276867031
        },
        "0.1500": {
          "threshold": 0.15,
          "PPV": 0.4756090441659228,
          "NPV": 0.924384847266548,
          "sensitivity": 0.004024421664979204,
          "specificity": 0.9996357012750455
        },
        "0.2000": {
          "threshold": 0.2,
          "PPV": NaN,
          "NPV": 0.9241280514344832,
          "sensitivity": 0.0,
          "specificity": 1.0
        }
      },
      "nri": {
        "cutoff_nri": {
          "0.000000": 0.2080550495851043
        }
      }
    },
    "O+Q+S": {
      "risk_column": "risks_5y_qs",
      "C_td": 0.7690366911096037,
      "calibration": {
        "calibration_intercept": 0.27582317267121936,
        "calibration_slope": 1.1289182924428294,
        "brier_score": 0.0641178945239824,
        "fit_status": "full_intercept_and_slope"
      },
      "classification": {
        "0.0500": {
          "threshold": 0.05,
          "PPV": 0.1269588071849323,
          "NPV": 0.9812550464892803,
          "sensitivity": 0.8833648466136877,
          "specificity": 0.5012750455373406
        },
        "0.1000": {
          "threshold": 0.1,
          "PPV": 0.18334747618461547,
          "NPV": 0.9616718280044038,
          "sensitivity": 0.6256131055889931,
          "specificity": 0.7712204007285974
        },
        "0.1500": {
          "threshold": 0.15,
          "PPV": 0.23324411949471052,
          "NPV": 0.9476360313879525,
          "sensitivity": 0.3995341123294009,
          "specificity": 0.8921675774134791
        },
        "0.2000": {
          "threshold": 0.2,
          "PPV": 0.29181510083389256,
          "NPV": 0.9395245229618263,
          "sensitivity": 0.25597508877886305,
          "specificity": 0.9489981785063752
        }
      },
      "nri": {
        "cutoff_nri": {
          "0.000000": 0.7764690008770154
        }
      }
    }
  },
  "n_rows_total": 3413,
  "horizon": 5.0
}