n,min_risk,max_risk,observed_event_rate,mean_predicted_risk
17064.99999999997,0.0053944342660228,0.1144899470809414,0.027971268661865535,0.023545503455359707
