n,min_risk,max_risk,observed_event_rate,mean_predicted_risk
17065.000000000025,0.0071398067619652,0.059661234955348,0.02661042824877676,0.02186926819525906
