n,min_risk,max_risk,observed_event_rate,mean_predicted_risk
17064.99999999997,0.0058019476664374,0.1476275017638841,0.027971268661865535,0.02277562366980296
