n,min_risk,max_risk,observed_event_rate,mean_predicted_risk
17064.99999999997,0.0058583413103129,0.1145588074253488,0.027971268661865535,0.024952224903767452
