n,min_risk,max_risk,observed_event_rate,mean_predicted_risk
17064.99999999997,0.004085740491307,0.1386941164356125,0.027971268661865535,0.029124138670219273
