n,min_risk,max_risk,observed_event_rate,mean_predicted_risk
17065.000000000047,0.0053944342660228,0.1144899470809414,0.03399177232178227,0.023403752556526485
