n,min_risk,max_risk,observed_event_rate,mean_predicted_risk
17065.000000000025,0.0038907695794066,0.0860284472744584,0.02661042824877676,0.019697712919842736
