{
  "O": {
    "calibration_intercept": -1.350443936887515,
    "calibration_slope": 0.5545590044277933,
    "brier_score": 0.03280133280710893,
    "fit_status": "full_intercept_and_slope"
  },
  "O+S": {
    "calibration_intercept": -0.9066799333220728,
    "calibration_slope": 0.6538157753882426,
    "brier_score": 0.03275791514942928,
    "fit_status": "full_intercept_and_slope"
  },
  "O+D": {
    "calibration_intercept": -1.1250517192189762,
    "calibration_slope": 0.5857284804850678,
    "brier_score": 0.032839736491069305,
    "fit_status": "full_intercept_and_slope"
  },
  "O+S+D": {
    "calibration_intercept": -1.1437446673262448,
    "calibration_slope": 0.5747022798549531,
    "brier_score": 0.03287535971258459,
    "fit_status": "full_intercept_and_slope"
  }
}