n,min_risk,max_risk,observed_event_rate,mean_predicted_risk
17065.000000000047,0.0058583413103129,0.1158402467388344,0.03399177232178227,0.024799259923325132
