n,min_risk,max_risk,observed_event_rate,mean_predicted_risk
17065.000000000047,0.004085740491307,0.1386941164356125,0.03399177232178227,0.02892874488058105
