n,min_risk,max_risk,observed_event_rate,mean_predicted_risk
17065.000000000047,0.0058019476664374,0.1476275017638841,0.03399177232178227,0.022629318690699157
