n,min_risk,max_risk,observed_event_rate,mean_predicted_risk
17065.000000000025,0.0043835091026244,0.0710755718461057,0.02661042824877676,0.020126892337884766
