{
  "O": {
    "calibration_intercept": 0.6363740251662626,
    "calibration_slope": 1.2068649416268329,
    "brier_score": 0.02675192161887216,
    "fit_status": "full_intercept_and_slope"
  },
  "O+S": {
    "calibration_intercept": 1.2536350065654325,
    "calibration_slope": 1.3291639487154554,
    "brier_score": 0.026738755067108492,
    "fit_status": "full_intercept_and_slope"
  },
  "O+D": {
    "calibration_intercept": 1.6645103093091957,
    "calibration_slope": 1.421273284789753,
    "brier_score": 0.026824220349431823,
    "fit_status": "full_intercept_and_slope"
  },
  "O+S+D": {
    "calibration_intercept": 1.2873905438198026,
    "calibration_slope": 1.3015547325782868,
    "brier_score": 0.026842786703964554,
    "fit_status": "full_intercept_and_slope"
  }
}