n,min_risk,max_risk,observed_event_rate,mean_predicted_risk
17065.000000000025,0.0033317376453353,0.0667136794000151,0.02661042824877676,0.019571389305979174
