n,min_risk,max_risk,observed_event_rate,mean_predicted_risk
17065.000000000025,0.0044984128997399,0.0950404535146168,0.02661042824877676,0.020261978049667978
