{
  "mode": "survival",
  "n_rows_ipcw": 3267,
  "weighted_event_rate": 0.027971268661865535,
  "ppv_npv_thresholds": [
    0.005,
    0.01,
    0.02,
    0.05
  ],
  "models": {
    "O": {
      "risk_column": "risks_10y_o",
      "C_td": 0.6507197018164356,
      "calibration": {
        "calibration_intercept": 0.6363740251662626,
        "calibration_slope": 1.2068649416268329,
        "brier_score": 0.02675192161887216,
        "fit_status": "full_intercept_and_slope"
      },
      "classification": {
        "0.0050": {
          "threshold": 0.005,
          "PPV": 0.027980583021665763,
          "NPV": 1.0,
          "sensitivity": 1.0,
          "specificity": 0.00034246575342465754
        },
        "0.0100": {
          "threshold": 0.01,
          "PPV": 0.029480169467819613,
          "NPV": 0.9893625220313211,
          "sensitivity": 0.9695460057234101,
          "specificity": 0.08150684931506849
        },
        "0.0200": {
          "threshold": 0.02,
          "PPV": 0.04284650967089009,
          "NPV": 0.9921739527278077,
          "sensitivity": 0.8811573199618695,
          "specificity": 0.4335616438356164
        },
        "0.0500": {
          "threshold": 0.05,
          "PPV": 0.07246848709347557,
          "NPV": 0.9790984527323621,
          "sensitivity": 0.3551959211165706,
          "specificity": 0.8691780821917807
        }
      },
      "nri": {
        "is_reference": true
      }
    },
    "O+S": {
      "risk_column": "risks_10y_oq",
      "C_td": 0.6539707647644337,
      "calibration": {
        "calibration_intercept": 1.2536350065654325,
        "calibration_slope": 1.3291639487154554,
        "brier_score": 0.026738755067108492,
        "fit_status": "full_intercept_and_slope"
      },
      "classification": {
        "0.0050": {
          "threshold": 0.005,
          "PPV": 0.027971268661865535,
          "NPV": NaN,
          "sensitivity": 1.0,
          "specificity": 0.0
        },
        "0.0100": {
          "threshold": 0.01,
          "PPV": 0.02982852926244736,
          "NPV": 0.9906420238895426,
          "sensitivity": 0.9696462023167726,
          "specificity": 0.09246575342465754
        },
        "0.0200": {
          "threshold": 0.02,
          "PPV": 0.044489184413857956,
          "NPV": 0.9903377556719644,
          "sensitivity": 0.8361653421382538,
          "specificity": 0.4832191780821918
        },
        "0.0500": {
          "threshold": 0.05,
          "PPV": 0.08303279113467195,
          "NPV": 0.9764093225448462,
          "sensitivity": 0.21876405024211223,
          "specificity": 0.9304794520547945
        }
      },
      "nri": {
        "cutoff_nri": {
          "0.000000": -0.014959930519916231
        }
      }
    },
    "O+D": {
      "risk_column": "risks_10y_os",
      "C_td": 0.645930551877141,
      "calibration": {
        "calibration_intercept": 1.6645103093091957,
        "calibration_slope": 1.421273284789753,
        "brier_score": 0.026824220349431823,
        "fit_status": "full_intercept_and_slope"
      },
      "classification": {
        "0.0050": {
          "threshold": 0.005,
          "PPV": 0.027971268661865535,
          "NPV": NaN,
          "sensitivity": 1.0,
          "specificity": 0.0
        },
        "0.0100": {
          "threshold": 0.01,
          "PPV": 0.030504987725861257,
          "NPV": 0.9963881613324733,
          "sensitivity": 0.9878344155271633,
          "specificity": 0.09657534246575343
        },
        "0.0200": {
          "threshold": 0.02,
          "PPV": 0.04607445948598424,
          "NPV": 0.9906494376451755,
          "sensitivity": 0.8352095904248971,
          "specificity": 0.5023972602739726
        },
        "0.0500": {
          "threshold": 0.05,
          "PPV": 0.08230149719295894,
          "NPV": 0.9749354339676125,
          "sensitivity": 0.1494238197784835,
          "specificity": 0.952054794520548
        }
      },
      "nri": {
        "cutoff_nri": {
          "0.000000": -0.17353835221665143
        }
      }
    },
    "O+S+D": {
      "risk_column": "risks_10y_oqs",
      "C_td": 0.6456007106902231,
      "calibration": {
        "calibration_intercept": 1.2873905438198026,
        "calibration_slope": 1.3015547325782868,
        "brier_score": 0.026842786703964554,
        "fit_status": "full_intercept_and_slope"
      },
      "classification": {
        "0.0050": {
          "threshold": 0.005,
          "PPV": 0.027971268661865535,
          "NPV": NaN,
          "sensitivity": 1.0,
          "specificity": 0.0
        },
        "0.0100": {
          "threshold": 0.01,
          "PPV": 0.03085318706777749,
          "NPV": 0.9932330170220564,
          "sensitivity": 0.9710534880912046,
          "specificity": 0.12226027397260275
        },
        "0.0200": {
          "threshold": 0.02,
          "PPV": 0.04617953817455064,
          "NPV": 0.9890171984813796,
          "sensitivity": 0.7968731916179563,
          "specificity": 0.5263698630136986
        },
        "0.0500": {
          "threshold": 0.05,
          "PPV": 0.0813384890819101,
          "NPV": 0.9750098169602177,
          "sensitivity": 0.15384292248801376,
          "specificity": 0.95
        }
      },
      "nri": {
        "cutoff_nri": {
          "0.000000": -0.06773716000157914
        }
      }
    }
  },
  "n_rows_total": 17065,
  "horizon": 10.0
}