{
  "mode": "survival",
  "n_rows_ipcw": 3091,
  "weighted_event_rate": 0.003047077402933075,
  "ppv_npv_thresholds": [
    0.005,
    0.01,
    0.02,
    0.05
  ],
  "models": {
    "O": {
      "risk_column": "risks_3y_o",
      "C_td": 0.48622309200448083,
      "calibration": {
        "calibration_intercept": -4.7548397085608105,
        "calibration_slope": 0.17694146449902076,
        "brier_score": 0.003037944353810794,
        "fit_status": "full_intercept_and_slope"
      },
      "classification": {
        "0.0050": {
          "threshold": 0.005,
          "PPV": 0.006188948219734139,
          "NPV": 0.9971097320384105,
          "sensitivity": 0.09655290588159209,
          "specificity": 0.9526127880558259
        },
        "0.0100": {
          "threshold": 0.01,
          "PPV": NaN,
          "NPV": 0.9969529225970669,
          "sensitivity": 0.0,
          "specificity": 1.0
        },
        "0.0200": {
          "threshold": 0.02,
          "PPV": NaN,
          "NPV": 0.9969529225970669,
          "sensitivity": 0.0,
          "specificity": 1.0
        },
        "0.0500": {
          "threshold": 0.05,
          "PPV": NaN,
          "NPV": 0.9969529225970669,
          "sensitivity": 0.0,
          "specificity": 1.0
        }
      },
      "nri": {
        "is_reference": true
      }
    },
    "O+Q": {
      "risk_column": "risks_3y_q",
      "C_td": 0.7403953226310276,
      "calibration": {
        "calibration_intercept": 5.661881065972675,
        "calibration_slope": 1.998057714192449,
        "brier_score": 0.003032990307432684,
        "fit_status": "full_intercept_and_slope"
      },
      "classification": {
        "0.0050": {
          "threshold": 0.005,
          "PPV": 0.00859711411412987,
          "NPV": 0.9973759722067312,
          "sensitivity": 0.19983047125139375,
          "specificity": 0.9295683219733852
        },
        "0.0100": {
          "threshold": 0.01,
          "PPV": 0.0,
          "NPV": 0.9969469952318746,
          "sensitivity": 0.0,
          "specificity": 0.9980525803310613
        },
        "0.0200": {
          "threshold": 0.02,
          "PPV": NaN,
          "NPV": 0.9969529225970669,
          "sensitivity": 0.0,
          "specificity": 1.0
        },
        "0.0500": {
          "threshold": 0.05,
          "PPV": NaN,
          "NPV": 0.9969529225970669,
          "sensitivity": 0.0,
          "specificity": 1.0
        }
      },
      "nri": {
        "cutoff_nri": {
          "0.000000": 0.924310288867251
        }
      }
    },
    "S": {
      "risk_column": "risks_3y_s",
      "C_td": 0.6186163235929464,
      "calibration": {
        "calibration_intercept": -1.594986802934597,
        "calibration_slope": 0.7165672479940356,
        "brier_score": 0.0030365554066309453,
        "fit_status": "full_intercept_and_slope"
      },
      "classification": {
        "0.0050": {
          "threshold": 0.005,
          "PPV": 0.006776814556298247,
          "NPV": 0.9975327821028304,
          "sensitivity": 0.29924594236646707,
          "specificity": 0.8659526127880558
        },
        "0.0100": {
          "threshold": 0.01,
          "PPV": 0.0,
          "NPV": 0.9969038313986038,
          "sensitivity": 0.0,
          "specificity": 0.9840960727036677
        },
        "0.0200": {
          "threshold": 0.02,
          "PPV": NaN,
          "NPV": 0.9969529225970669,
          "sensitivity": 0.0,
          "specificity": 1.0
        },
        "0.0500": {
          "threshold": 0.05,
          "PPV": NaN,
          "NPV": 0.9969529225970669,
          "sensitivity": 0.0,
          "specificity": 1.0
        }
      },
      "nri": {
        "cutoff_nri": {
          "0.000000": 0.6061019149626744
        }
      }
    },
    "O+S": {
      "risk_column": "risks_3y_os",
      "C_td": 0.6211478769206455,
      "calibration": {
        "calibration_intercept": -1.351926208404809,
        "calibration_slope": 0.7594484678932459,
        "brier_score": 0.0030365246392742794,
        "fit_status": "full_intercept_and_slope"
      },
      "classification": {
        "0.0050": {
          "threshold": 0.005,
          "PPV": 0.004685552097280528,
          "NPV": 0.997192228592885,
          "sensitivity": 0.19596837699666547,
          "specificity": 0.8727685816293411
        },
        "0.0100": {
          "threshold": 0.01,
          "PPV": 0.0,
          "NPV": 0.9969170091000301,
          "sensitivity": 0.0,
          "specificity": 0.9883154819863681
        },
        "0.0200": {
          "threshold": 0.02,
          "PPV": NaN,
          "NPV": 0.9969529225970669,
          "sensitivity": 0.0,
          "specificity": 1.0
        },
        "0.0500": {
          "threshold": 0.05,
          "PPV": NaN,
          "NPV": 0.9969529225970669,
          "sensitivity": 0.0,
          "specificity": 1.0
        }
      },
      "nri": {
        "cutoff_nri": {
          "0.000000": 0.5814345991561181
        }
      }
    },
    "O+Q+S": {
      "risk_column": "risks_3y_qs",
      "C_td": 0.6796172957861616,
      "calibration": {
        "calibration_intercept": -0.2550426197773097,
        "calibration_slope": 0.9521293605919325,
        "brier_score": 0.003035527796888504,
        "fit_status": "full_intercept_and_slope"
      },
      "classification": {
        "0.0050": {
          "threshold": 0.005,
          "PPV": 0.00895727401750143,
          "NPV": 0.9978741132726199,
          "sensitivity": 0.39639941022408093,
          "specificity": 0.8659526127880558
        },
        "0.0100": {
          "threshold": 0.01,
          "PPV": 0.0,
          "NPV": 0.9968977113125643,
          "sensitivity": 0.0,
          "specificity": 0.982148653034729
        },
        "0.0200": {
          "threshold": 0.02,
          "PPV": 0.0,
          "NPV": 0.9969519363017043,
          "sensitivity": 0.0,
          "specificity": 0.9996754300551769
        },
        "0.0500": {
          "threshold": 0.05,
          "PPV": NaN,
          "NPV": 0.9969529225970669,
          "sensitivity": 0.0,
          "specificity": 1.0
        }
      },
      "nri": {
        "cutoff_nri": {
          "0.000000": 0.6262252515417072
        }
      }
    }
  },
  "n_rows_total": 3413,
  "horizon": 3.0
}