{
  "mode": "survival",
  "n_rows_ipcw": 3308,
  "weighted_event_rate": 0.001183833137534142,
  "ppv_npv_thresholds": [
    0.005,
    0.01,
    0.02,
    0.05
  ],
  "models": {
    "O": {
      "risk_column": "risks_1y_o",
      "C_td": 0.6126243315884384,
      "calibration": {
        "calibration_intercept": -1.9432351063293867,
        "calibration_slope": 0.7919976769296624,
        "brier_score": 0.001185026896717365,
        "fit_status": "full_intercept_and_slope"
      },
      "classification": {
        "0.0050": {
          "threshold": 0.005,
          "PPV": 0.0,
          "NPV": 0.9987293551883987,
          "sensitivity": 0.0,
          "specificity": 0.931598062953995
        },
        "0.0100": {
          "threshold": 0.01,
          "PPV": NaN,
          "NPV": 0.9988161668624659,
          "sensitivity": 0.0,
          "specificity": 1.0
        },
        "0.0200": {
          "threshold": 0.02,
          "PPV": NaN,
          "NPV": 0.9988161668624659,
          "sensitivity": 0.0,
          "specificity": 1.0
        },
        "0.0500": {
          "threshold": 0.05,
          "PPV": NaN,
          "NPV": 0.9988161668624659,
          "sensitivity": 0.0,
          "specificity": 1.0
        }
      },
      "nri": {
        "is_reference": true
      }
    },
    "O+Q": {
      "risk_column": "risks_1y_oq",
      "C_td": 0.7057692508296939,
      "calibration": {
        "calibration_intercept": -0.6474177815652861,
        "calibration_slope": 1.0122982665305686,
        "brier_score": 0.0011850271294230287,
        "fit_status": "full_intercept_and_slope"
      },
      "classification": {
        "0.0050": {
          "threshold": 0.005,
          "PPV": 0.0,
          "NPV": 0.9987113758409839,
          "sensitivity": 0.0,
          "specificity": 0.9185835351089587
        },
        "0.0100": {
          "threshold": 0.01,
          "PPV": 0.0,
          "NPV": 0.9988147336140054,
          "sensitivity": 0.0,
          "specificity": 0.9987893462469734
        },
        "0.0200": {
          "threshold": 0.02,
          "PPV": NaN,
          "NPV": 0.9988161668624659,
          "sensitivity": 0.0,
          "specificity": 1.0
        },
        "0.0500": {
          "threshold": 0.05,
          "PPV": NaN,
          "NPV": 0.9988161668624659,
          "sensitivity": 0.0,
          "specificity": 1.0
        }
      },
      "nri": {
        "cutoff_nri": {
          "0.000000": 0.21489104116222757
        }
      }
    },
    "S": {
      "risk_column": "risks_1y_s",
      "C_td": 0.33006281129628634,
      "calibration": {
        "calibration_intercept": -16.006243814375342,
        "calibration_slope": -1.4917297538934413,
        "brier_score": 0.0011861303633525857,
        "fit_status": "full_intercept_and_slope"
      },
      "classification": {
        "0.0050": {
          "threshold": 0.005,
          "PPV": 0.0,
          "NPV": 0.9987916932816293,
          "sensitivity": 0.0,
          "specificity": 0.9797215496368039
        },
        "0.0100": {
          "threshold": 0.01,
          "PPV": NaN,
          "NPV": 0.9988161668624659,
          "sensitivity": 0.0,
          "specificity": 1.0
        },
        "0.0200": {
          "threshold": 0.02,
          "PPV": NaN,
          "NPV": 0.9988161668624659,
          "sensitivity": 0.0,
          "specificity": 1.0
        },
        "0.0500": {
          "threshold": 0.05,
          "PPV": NaN,
          "NPV": 0.9988161668624659,
          "sensitivity": 0.0,
          "specificity": 1.0
        }
      },
      "nri": {
        "cutoff_nri": {
          "0.000000": -0.5932203389830508
        }
      }
    },
    "O+S": {
      "risk_column": "risks_1y_os",
      "C_td": 0.5414655677777882,
      "calibration": {
        "calibration_intercept": -4.631327665953301,
        "calibration_slope": 0.3444640454868557,
        "brier_score": 0.0011857429414428569,
        "fit_status": "full_intercept_and_slope"
      },
      "classification": {
        "0.0050": {
          "threshold": 0.005,
          "PPV": 0.0,
          "NPV": 0.9987599351674266,
          "sensitivity": 0.0,
          "specificity": 0.9546004842615012
        },
        "0.0100": {
          "threshold": 0.01,
          "PPV": NaN,
          "NPV": 0.9988161668624659,
          "sensitivity": 0.0,
          "specificity": 1.0
        },
        "0.0200": {
          "threshold": 0.02,
          "PPV": NaN,
          "NPV": 0.9988161668624659,
          "sensitivity": 0.0,
          "specificity": 1.0
        },
        "0.0500": {
          "threshold": 0.05,
          "PPV": NaN,
          "NPV": 0.9988161668624659,
          "sensitivity": 0.0,
          "specificity": 1.0
        }
      },
      "nri": {
        "cutoff_nri": {
          "0.000000": -0.07869249394673128
        }
      }
    },
    "O+Q+S": {
      "risk_column": "risks_1y_oqs",
      "C_td": 0.6273344197868419,
      "calibration": {
        "calibration_intercept": -2.801454665689624,
        "calibration_slope": 0.6472738469161919,
        "brier_score": 0.0011857783128351933,
        "fit_status": "full_intercept_and_slope"
      },
      "classification": {
        "0.0050": {
          "threshold": 0.005,
          "PPV": 0.0,
          "NPV": 0.9987297673452019,
          "sensitivity": 0.0,
          "specificity": 0.9319007263922519
        },
        "0.0100": {
          "threshold": 0.01,
          "PPV": 0.0,
          "NPV": 0.9988158088754078,
          "sensitivity": 0.0,
          "specificity": 0.9996973365617433
        },
        "0.0200": {
          "threshold": 0.02,
          "PPV": NaN,
          "NPV": 0.9988161668624659,
          "sensitivity": 0.0,
          "specificity": 1.0
        },
        "0.0500": {
          "threshold": 0.05,
          "PPV": NaN,
          "NPV": 0.9988161668624659,
          "sensitivity": 0.0,
          "specificity": 1.0
        }
      },
      "nri": {
        "cutoff_nri": {
          "0.000000": 0.07203389830508478
        }
      }
    }
  },
  "n_rows_total": 3413,
  "horizon": 1.0
}