{
  "mode": "survival",
  "n_rows_ipcw": 3142,
  "weighted_event_rate": 0.01868649651435488,
  "ppv_npv_thresholds": [
    0.05,
    0.1,
    0.15,
    0.2
  ],
  "models": {
    "O": {
      "risk_column": "risks_3y_o",
      "C_td": 0.5310218810965007,
      "calibration": {
        "calibration_intercept": -2.937360104725073,
        "calibration_slope": 0.25891972538461155,
        "brier_score": 0.018341683506199757,
        "fit_status": "full_intercept_and_slope"
      },
      "classification": {
        "0.0500": {
          "threshold": 0.05,
          "PPV": NaN,
          "NPV": 0.9813135034856452,
          "sensitivity": 0.0,
          "specificity": 1.0
        },
        "0.1000": {
          "threshold": 0.1,
          "PPV": NaN,
          "NPV": 0.9813135034856452,
          "sensitivity": 0.0,
          "specificity": 1.0
        },
        "0.1500": {
          "threshold": 0.15,
          "PPV": NaN,
          "NPV": 0.9813135034856452,
          "sensitivity": 0.0,
          "specificity": 1.0
        },
        "0.2000": {
          "threshold": 0.2,
          "PPV": NaN,
          "NPV": 0.9813135034856452,
          "sensitivity": 0.0,
          "specificity": 1.0
        }
      },
      "nri": {
        "is_reference": true
      }
    },
    "O+Q": {
      "risk_column": "risks_3y_oq",
      "C_td": 0.5469844892508681,
      "calibration": {
        "calibration_intercept": -1.5651247681024674,
        "calibration_slope": 0.6068557540606894,
        "brier_score": 0.018327306261042307,
        "fit_status": "full_intercept_and_slope"
      },
      "classification": {
        "0.0500": {
          "threshold": 0.05,
          "PPV": 0.0,
          "NPV": 0.981307549849246,
          "sensitivity": 0.0,
          "specificity": 0.9996754300551769
        },
        "0.1000": {
          "threshold": 0.1,
          "PPV": NaN,
          "NPV": 0.9813135034856452,
          "sensitivity": 0.0,
          "specificity": 1.0
        },
        "0.1500": {
          "threshold": 0.15,
          "PPV": NaN,
          "NPV": 0.9813135034856452,
          "sensitivity": 0.0,
          "specificity": 1.0
        },
        "0.2000": {
          "threshold": 0.2,
          "PPV": NaN,
          "NPV": 0.9813135034856452,
          "sensitivity": 0.0,
          "specificity": 1.0
        }
      },
      "nri": {
        "cutoff_nri": {
          "0.000000": 0.13909684422238888
        }
      }
    },
    "S": {
      "risk_column": "risks_3y_s",
      "C_td": 0.48320660940380644,
      "calibration": {
        "calibration_intercept": -6.420774946725777,
        "calibration_slope": -0.6210933050721891,
        "brier_score": 0.018362622438139756,
        "fit_status": "full_intercept_and_slope"
      },
      "classification": {
        "0.0500": {
          "threshold": 0.05,
          "PPV": NaN,
          "NPV": 0.9813135034856452,
          "sensitivity": 0.0,
          "specificity": 1.0
        },
        "0.1000": {
          "threshold": 0.1,
          "PPV": NaN,
          "NPV": 0.9813135034856452,
          "sensitivity": 0.0,
          "specificity": 1.0
        },
        "0.1500": {
          "threshold": 0.15,
          "PPV": NaN,
          "NPV": 0.9813135034856452,
          "sensitivity": 0.0,
          "specificity": 1.0
        },
        "0.2000": {
          "threshold": 0.2,
          "PPV": NaN,
          "NPV": 0.9813135034856452,
          "sensitivity": 0.0,
          "specificity": 1.0
        }
      },
      "nri": {
        "cutoff_nri": {
          "0.000000": -0.0482066180343832
        }
      }
    },
    "O+S": {
      "risk_column": "risks_3y_os",
      "C_td": 0.49147330177680265,
      "calibration": {
        "calibration_intercept": -5.410871382669255,
        "calibration_slope": -0.3660749586799546,
        "brier_score": 0.018357051367092224,
        "fit_status": "full_intercept_and_slope"
      },
      "classification": {
        "0.0500": {
          "threshold": 0.05,
          "PPV": NaN,
          "NPV": 0.9813135034856452,
          "sensitivity": 0.0,
          "specificity": 1.0
        },
        "0.1000": {
          "threshold": 0.1,
          "PPV": NaN,
          "NPV": 0.9813135034856452,
          "sensitivity": 0.0,
          "specificity": 1.0
        },
        "0.1500": {
          "threshold": 0.15,
          "PPV": NaN,
          "NPV": 0.9813135034856452,
          "sensitivity": 0.0,
          "specificity": 1.0
        },
        "0.2000": {
          "threshold": 0.2,
          "PPV": NaN,
          "NPV": 0.9813135034856452,
          "sensitivity": 0.0,
          "specificity": 1.0
        }
      },
      "nri": {
        "cutoff_nri": {
          "0.000000": 0.09106049238856873
        }
      }
    },
    "O+Q+S": {
      "risk_column": "risks_3y_oqs",
      "C_td": 0.7768134907885079,
      "calibration": {
        "calibration_intercept": 3.221462401015426,
        "calibration_slope": 1.9521419959423545,
        "brier_score": 0.018026693768778516,
        "fit_status": "full_intercept_and_slope"
      },
      "classification": {
        "0.0500": {
          "threshold": 0.05,
          "PPV": 0.09024693737042672,
          "NPV": 0.9825625441242654,
          "sensitivity": 0.08285013469917607,
          "specificity": 0.9840960727036676
        },
        "0.1000": {
          "threshold": 0.1,
          "PPV": NaN,
          "NPV": 0.9813135034856452,
          "sensitivity": 0.0,
          "specificity": 1.0
        },
        "0.1500": {
          "threshold": 0.15,
          "PPV": NaN,
          "NPV": 0.9813135034856452,
          "sensitivity": 0.0,
          "specificity": 1.0
        },
        "0.2000": {
          "threshold": 0.2,
          "PPV": NaN,
          "NPV": 0.9813135034856452,
          "sensitivity": 0.0,
          "specificity": 1.0
        }
      },
      "nri": {
        "cutoff_nri": {
          "0.000000": 0.7211837757594137
        }
      }
    }
  },
  "n_rows_total": 3413,
  "horizon": 3.0
}