{
  "mode": "survival",
  "n_rows_ipcw": 2801,
  "weighted_event_rate": 0.00792159965352383,
  "ppv_npv_thresholds": [
    0.005,
    0.01,
    0.02,
    0.05
  ],
  "models": {
    "O": {
      "risk_column": "risks_5y_o",
      "C_td": 0.6285512920426494,
      "calibration": {
        "calibration_intercept": -0.6621528673345355,
        "calibration_slope": 0.8917877847708487,
        "brier_score": 0.007855456350353581,
        "fit_status": "full_intercept_and_slope"
      },
      "classification": {
        "0.0050": {
          "threshold": 0.005,
          "PPV": 0.008194423614850538,
          "NPV": 0.9943107364413108,
          "sensitivity": 0.9217849737758886,
          "specificity": 0.10914985590778097
        },
        "0.0100": {
          "threshold": 0.01,
          "PPV": 0.01518064856263526,
          "NPV": 0.9947532011862247,
          "sensitivity": 0.5160018993960994,
          "specificity": 0.7327089337175792
        },
        "0.0200": {
          "threshold": 0.02,
          "PPV": 0.005249823048130889,
          "NPV": 0.9919132919122193,
          "sensitivity": 0.03857085776679996,
          "specificity": 0.94164265129683
        },
        "0.0500": {
          "threshold": 0.05,
          "PPV": 0.0,
          "NPV": 0.9920670601472266,
          "sensitivity": 0.0,
          "specificity": 0.9985590778097982
        }
      },
      "nri": {
        "is_reference": true
      }
    },
    "O+Q": {
      "risk_column": "risks_5y_q",
      "C_td": 0.642956483851477,
      "calibration": {
        "calibration_intercept": -0.5837543441435272,
        "calibration_slope": 0.9075455194358539,
        "brier_score": 0.007849618494050343,
        "fit_status": "full_intercept_and_slope"
      },
      "classification": {
        "0.0050": {
          "threshold": 0.005,
          "PPV": 0.008492855476693534,
          "NPV": 0.9946999087078486,
          "sensitivity": 0.8802889452349245,
          "specificity": 0.17939481268011526
        },
        "0.0100": {
          "threshold": 0.01,
          "PPV": 0.013759122013363417,
          "NPV": 0.9943091341574255,
          "sensitivity": 0.48022625810607283,
          "specificity": 0.7251440922190201
        },
        "0.0200": {
          "threshold": 0.02,
          "PPV": 0.015569646019617075,
          "NPV": 0.9925877568984541,
          "sensitivity": 0.12272578874086475,
          "specificity": 0.9380403458213257
        },
        "0.0500": {
          "threshold": 0.05,
          "PPV": 0.0,
          "NPV": 0.9920755683372947,
          "sensitivity": 0.0,
          "specificity": 0.9996397694524495
        }
      },
      "nri": {
        "cutoff_nri": {
          "0.000000": 0.048645533141210395
        }
      }
    },
    "S": {
      "risk_column": "risks_5y_s",
      "C_td": 0.5106934520044346,
      "calibration": {
        "calibration_intercept": -4.632006150270228,
        "calibration_slope": 0.0413474488733372,
        "brier_score": 0.007898474011446993,
        "fit_status": "full_intercept_and_slope"
      },
      "classification": {
        "0.0050": {
          "threshold": 0.005,
          "PPV": 0.008668455009326292,
          "NPV": 0.9973907670419535,
          "sensitivity": 0.9594006017161039,
          "specificity": 0.12391930835734868
        },
        "0.0100": {
          "threshold": 0.01,
          "PPV": 0.0077159877231914335,
          "NPV": 0.9919948883299453,
          "sensitivity": 0.2813478136872384,
          "specificity": 0.7110951008645534
        },
        "0.0200": {
          "threshold": 0.02,
          "PPV": 0.007941739785068203,
          "NPV": 0.9920792549777295,
          "sensitivity": 0.04081037274720968,
          "specificity": 0.9592939481268011
        },
        "0.0500": {
          "threshold": 0.05,
          "PPV": 0.0,
          "NPV": 0.9920727343024759,
          "sensitivity": 0.0,
          "specificity": 0.9992795389048992
        }
      },
      "nri": {
        "cutoff_nri": {
          "0.000000": -0.45008645533141206
        }
      }
    },
    "O+S": {
      "risk_column": "risks_5y_os",
      "C_td": 0.5940044613482345,
      "calibration": {
        "calibration_intercept": -2.248757886098944,
        "calibration_slope": 0.5443764979037466,
        "brier_score": 0.007880497624134336,
        "fit_status": "full_intercept_and_slope"
      },
      "classification": {
        "0.0050": {
          "threshold": 0.005,
          "PPV": 0.008172109277338465,
          "NPV": 0.9935432639677336,
          "sensitivity": 0.8809673987449264,
          "specificity": 0.14625360230547552
        },
        "0.0100": {
          "threshold": 0.01,
          "PPV": 0.014732577252717328,
          "NPV": 0.9950070678836911,
          "sensitivity": 0.5592329816740735,
          "specificity": 0.7013688760806917
        },
        "0.0200": {
          "threshold": 0.02,
          "PPV": 0.0,
          "NPV": 0.9916768422111089,
          "sensitivity": 0.0,
          "specificity": 0.9513688760806918
        },
        "0.0500": {
          "threshold": 0.05,
          "PPV": 0.0,
          "NPV": 0.9920698982398456,
          "sensitivity": 0.0,
          "specificity": 0.9989193083573487
        }
      },
      "nri": {
        "cutoff_nri": {
          "0.000000": -0.17409221902017297
        }
      }
    },
    "O+Q+S": {
      "risk_column": "risks_5y_qs",
      "C_td": 0.6010942091331607,
      "calibration": {
        "calibration_intercept": -2.228918351537155,
        "calibration_slope": 0.544566901556863,
        "brier_score": 0.007891507781520398,
        "fit_status": "full_intercept_and_slope"
      },
      "classification": {
        "0.0050": {
          "threshold": 0.005,
          "PPV": 0.008421953139402366,
          "NPV": 0.9935824951573704,
          "sensitivity": 0.7977747474668692,
          "specificity": 0.24999999999999997
        },
        "0.0100": {
          "threshold": 0.01,
          "PPV": 0.015096199701954513,
          "NPV": 0.9950700852690143,
          "sensitivity": 0.560800401353725,
          "specificity": 0.7078530259365994
        },
        "0.0200": {
          "threshold": 0.02,
          "PPV": 0.005270987123722445,
          "NPV": 0.9919038187378468,
          "sensitivity": 0.041117742233708336,
          "specificity": 0.9380403458213257
        },
        "0.0500": {
          "threshold": 0.05,
          "PPV": 0.0,
          "NPV": 0.9920556874332107,
          "sensitivity": 0.0,
          "specificity": 0.9971181556195966
        }
      },
      "nri": {
        "cutoff_nri": {
          "0.000000": -0.08835734870317008
        }
      }
    }
  },
  "n_rows_total": 3413,
  "horizon": 5.0
}