{
  "mode": "survival",
  "n_rows_ipcw": 2445,
  "weighted_event_rate": 0.018762704740471762,
  "ppv_npv_thresholds": [
    0.005,
    0.01,
    0.02,
    0.05
  ],
  "models": {
    "O": {
      "risk_column": "risks_7y_o",
      "C_td": 0.6471718470237718,
      "calibration": {
        "calibration_intercept": 0.028467618499164234,
        "calibration_slope": 0.9401665442136337,
        "brier_score": 0.01834759147703687,
        "fit_status": "full_intercept_and_slope"
      },
      "classification": {
        "0.0050": {
          "threshold": 0.005,
          "PPV": 0.020423654692127115,
          "NPV": 1.0,
          "sensitivity": 1.0,
          "specificity": 0.08287986605274172
        },
        "0.0100": {
          "threshold": 0.01,
          "PPV": 0.02504770993174405,
          "NPV": 0.9911208567005378,
          "sensitivity": 0.8160457861387739,
          "specificity": 0.3926329007953119
        },
        "0.0200": {
          "threshold": 0.02,
          "PPV": 0.034568478861987356,
          "NPV": 0.984304478683492,
          "sensitivity": 0.2994226230405751,
          "specificity": 0.8401004604437002
        },
        "0.0500": {
          "threshold": 0.05,
          "PPV": NaN,
          "NPV": 0.9812372952595282,
          "sensitivity": 0.0,
          "specificity": 1.0
        }
      },
      "nri": {
        "is_reference": true
      }
    },
    "O+Q": {
      "risk_column": "risks_7y_oq",
      "C_td": 0.6531607025588295,
      "calibration": {
        "calibration_intercept": 0.18317351001177803,
        "calibration_slope": 0.9748128311904819,
        "brier_score": 0.018331010882712544,
        "fit_status": "full_intercept_and_slope"
      },
      "classification": {
        "0.0050": {
          "threshold": 0.005,
          "PPV": 0.019968869725660966,
          "NPV": 0.9959260407053558,
          "sensitivity": 0.9835233137136489,
          "specificity": 0.07701967350355797
        },
        "0.0100": {
          "threshold": 0.01,
          "PPV": 0.02540671225517942,
          "NPV": 0.9924913706078079,
          "sensitivity": 0.8514444692281703,
          "specificity": 0.37547090832984514
        },
        "0.0200": {
          "threshold": 0.02,
          "PPV": 0.03696319791081626,
          "NPV": 0.9857639429853673,
          "sensitivity": 0.39237920863368325,
          "specificity": 0.8045207199665131
        },
        "0.0500": {
          "threshold": 0.05,
          "PPV": 0.0943661100090086,
          "NPV": 0.9814780781245798,
          "sensitivity": 0.015967020371571362,
          "specificity": 0.9970699037254082
        }
      },
      "nri": {
        "cutoff_nri": {
          "0.000000": 0.04647790468217422
        }
      }
    },
    "S": {
      "risk_column": "risks_7y_s",
      "C_td": 0.5609922795346737,
      "calibration": {
        "calibration_intercept": -1.2117131012914624,
        "calibration_slope": 0.6467767456584971,
        "brier_score": 0.01840279480322142,
        "fit_status": "full_intercept_and_slope"
      },
      "classification": {
        "0.0050": {
          "threshold": 0.005,
          "PPV": 0.018894635277874276,
          "NPV": 1.0,
          "sensitivity": 1.0,
          "specificity": 0.007115948095437422
        },
        "0.0100": {
          "threshold": 0.01,
          "PPV": 0.021168346081720538,
          "NPV": 0.9881061860494886,
          "sensitivity": 0.8355762439755051,
          "specificity": 0.26119715362076185
        },
        "0.0200": {
          "threshold": 0.02,
          "PPV": 0.024293033231549556,
          "NPV": 0.9824492056255048,
          "sensitivity": 0.23273015883894388,
          "specificity": 0.8212641272498953
        },
        "0.0500": {
          "threshold": 0.05,
          "PPV": 0.0,
          "NPV": 0.9812218697243572,
          "sensitivity": 0.0,
          "specificity": 0.9991628296358309
        }
      },
      "nri": {
        "cutoff_nri": {
          "0.000000": -0.3277222986306284
        }
      }
    },
    "O+S": {
      "risk_column": "risks_7y_os",
      "C_td": 0.6231218948136682,
      "calibration": {
        "calibration_intercept": -0.15455032100001964,
        "calibration_slope": 0.8926381325056699,
        "brier_score": 0.018356354786767063,
        "fit_status": "full_intercept_and_slope"
      },
      "classification": {
        "0.0050": {
          "threshold": 0.005,
          "PPV": 0.019240474199264845,
          "NPV": 0.9912416022574756,
          "sensitivity": 0.9787234954542975,
          "specificity": 0.04604437002930096
        },
        "0.0100": {
          "threshold": 0.01,
          "PPV": 0.02401617154750193,
          "NPV": 0.9898355886481673,
          "sensitivity": 0.7945397479954005,
          "specificity": 0.38258685642528256
        },
        "0.0200": {
          "threshold": 0.02,
          "PPV": 0.03213786783633526,
          "NPV": 0.9842738827291634,
          "sensitivity": 0.31692208465803823,
          "specificity": 0.8174968606111344
        },
        "0.0500": {
          "threshold": 0.05,
          "PPV": 0.0,
          "NPV": 0.9812218697243572,
          "sensitivity": 0.0,
          "specificity": 0.9991628296358309
        }
      },
      "nri": {
        "cutoff_nri": {
          "0.000000": -0.21805298092447523
        }
      }
    },
    "O+Q+S": {
      "risk_column": "risks_7y_oqs",
      "C_td": 0.6355039247577183,
      "calibration": {
        "calibration_intercept": 0.13398568376931516,
        "calibration_slope": 0.9648362828727224,
        "brier_score": 0.01834857389613143,
        "fit_status": "full_intercept_and_slope"
      },
      "classification": {
        "0.0050": {
          "threshold": 0.005,
          "PPV": 0.01926923134601913,
          "NPV": 1.0,
          "sensitivity": 1.0,
          "specificity": 0.026789451653411473
        },
        "0.0100": {
          "threshold": 0.01,
          "PPV": 0.025014556456491845,
          "NPV": 0.9922865400406594,
          "sensitivity": 0.8514444692281703,
          "specificity": 0.36542486395981577
        },
        "0.0200": {
          "threshold": 0.02,
          "PPV": 0.029102617969331935,
          "NPV": 0.9837019837572035,
          "sensitivity": 0.2985606568666689,
          "specificity": 0.8095437421515279
        },
        "0.0500": {
          "threshold": 0.05,
          "PPV": 0.0,
          "NPV": 0.9811831946910781,
          "sensitivity": 0.0,
          "specificity": 0.9970699037254082
        }
      },
      "nri": {
        "cutoff_nri": {
          "0.000000": -0.07631704837648756
        }
      }
    }
  },
  "n_rows_total": 3413,
  "horizon": 7.0
}