n,min_risk,max_risk,observed_event_rate,mean_predicted_risk
17065.000000000033,0.0020906907452172,0.052694411983024,0.011885332707763326,0.011838911096986524
