n,min_risk,max_risk,observed_event_rate,mean_predicted_risk
17065.00000000005,0.0016920138828006,0.0833189175727686,0.011633061047645624,0.010454333189458915
