n,min_risk,max_risk,observed_event_rate,mean_predicted_risk
17065.000000000047,0.0023533959339088,0.0930225954613322,0.0036215016555401105,0.012550844171446623
