n,min_risk,max_risk,observed_event_rate,mean_predicted_risk
17065.000000000047,0.0022240156059256,0.0728122778290527,0.0036215016555401105,0.011199905526616157
