n,min_risk,max_risk,observed_event_rate,mean_predicted_risk
17065.00000000005,0.0029183088159495,0.0422788041498537,0.011633061047645624,0.0105678285113762
