{
  "O": {
    "calibration_intercept": -0.967692752044155,
    "calibration_slope": 0.8213782711662008,
    "brier_score": 0.011731765077242032,
    "fit_status": "full_intercept_and_slope"
  },
  "O+S": {
    "calibration_intercept": -0.32842803644911267,
    "calibration_slope": 0.935597102930439,
    "brier_score": 0.011700006872018495,
    "fit_status": "full_intercept_and_slope"
  },
  "O+D": {
    "calibration_intercept": -0.5783663755096388,
    "calibration_slope": 0.8641553075528886,
    "brier_score": 0.011714402027740184,
    "fit_status": "full_intercept_and_slope"
  },
  "O+S+D": {
    "calibration_intercept": -0.3863019417260353,
    "calibration_slope": 0.8973723006249024,
    "brier_score": 0.011708616396900443,
    "fit_status": "full_intercept_and_slope"
  }
}