n,min_risk,max_risk,observed_event_rate,mean_predicted_risk
17065.000000000033,0.0022240156059256,0.0728122778290527,0.011885332707763326,0.011232105662090612
