n,min_risk,max_risk,observed_event_rate,mean_predicted_risk
17065.00000000005,0.0013981297905251,0.0335457506203059,0.011633061047645624,0.010575246613312364
