n,min_risk,max_risk,observed_event_rate,mean_predicted_risk
17065.000000000033,0.0016075995354688,0.0901503116726383,0.011885332707763326,0.015245030476820305
