n,min_risk,max_risk,observed_event_rate,mean_predicted_risk
17065.00000000005,0.0018113877490805,0.0384872628897796,0.011633061047645624,0.010502519543660443
