{
  "O": {
    "calibration_intercept": -0.08950400885051898,
    "calibration_slope": 0.9574709566078805,
    "brier_score": 0.011454696370295767,
    "fit_status": "full_intercept_and_slope"
  },
  "O+Q": {
    "calibration_intercept": 0.055651696856247324,
    "calibration_slope": 0.9878878678208762,
    "brier_score": 0.011447152128147965,
    "fit_status": "full_intercept_and_slope"
  },
  "S": {
    "calibration_intercept": -0.13445548831208443,
    "calibration_slope": 0.9480541410572361,
    "brier_score": 0.011479434958366645,
    "fit_status": "full_intercept_and_slope"
  },
  "O+S": {
    "calibration_intercept": 0.0030169515203199524,
    "calibration_slope": 0.9771227930404681,
    "brier_score": 0.011461384672140343,
    "fit_status": "full_intercept_and_slope"
  },
  "O+Q+S": {
    "calibration_intercept": 0.15139595184186386,
    "calibration_slope": 1.010476740458011,
    "brier_score": 0.011452834544612494,
    "fit_status": "full_intercept_and_slope"
  }
}