n,min_risk,max_risk,observed_event_rate,mean_predicted_risk
17065.000000000033,0.0023533959339088,0.0930225954613322,0.011885332707763326,0.012594172238670402
