n,min_risk,max_risk,observed_event_rate,mean_predicted_risk
17065.00000000005,0.0017983940823577,0.0648367795679218,0.011633061047645624,0.010484794613060977
