n,min_risk,max_risk,observed_event_rate,mean_predicted_risk
17065.000000000047,0.0016075995354688,0.0901503116726383,0.0036215016555401105,0.015194333522110897
