n,min_risk,max_risk,observed_event_rate,mean_predicted_risk
17065.000000000047,0.0020906907452172,0.052694411983024,0.0036215016555401105,0.011809941791278564
