{
  "O": {
    "calibration_intercept": -3.2758191770527367,
    "calibration_slope": 0.5492083522579222,
    "brier_score": 0.003818207082326674,
    "fit_status": "full_intercept_and_slope"
  },
  "O+S": {
    "calibration_intercept": -2.606169796368508,
    "calibration_slope": 0.680634360089572,
    "brier_score": 0.0037285895872619388,
    "fit_status": "full_intercept_and_slope"
  },
  "O+D": {
    "calibration_intercept": -3.055130378717248,
    "calibration_slope": 0.5699743057737022,
    "brier_score": 0.0037028119733927556,
    "fit_status": "full_intercept_and_slope"
  },
  "O+S+D": {
    "calibration_intercept": -2.726094785363388,
    "calibration_slope": 0.6365615798121952,
    "brier_score": 0.0036932155628641014,
    "fit_status": "full_intercept_and_slope"
  }
}