{
  "mode": "survival",
  "n_rows_ipcw": 14393,
  "weighted_event_rate": 0.011885332707763327,
  "ppv_npv_thresholds": [
    0.005,
    0.01,
    0.02,
    0.05
  ],
  "models": {
    "O": {
      "risk_column": "risks_5y_o",
      "C_td": 0.6497603183791514,
      "calibration": {
        "calibration_intercept": -0.967692752044155,
        "calibration_slope": 0.8213782711662008,
        "brier_score": 0.011731765077242032,
        "fit_status": "full_intercept_and_slope"
      },
      "classification": {
        "0.0050": {
          "threshold": 0.005,
          "PPV": 0.012634886976092828,
          "NPV": 0.9948306709989483,
          "sensitivity": 0.9563319660442376,
          "specificity": 0.1010840489933831
        },
        "0.0100": {
          "threshold": 0.01,
          "PPV": 0.015440526953799867,
          "NPV": 0.9937126932672723,
          "sensitivity": 0.7945326934314362,
          "specificity": 0.3906096015767985
        },
        "0.0200": {
          "threshold": 0.02,
          "PPV": 0.0215201912473847,
          "NPV": 0.9916484694440186,
          "sensitivity": 0.48588714173424963,
          "specificity": 0.7342672110375897
        },
        "0.0500": {
          "threshold": 0.05,
          "PPV": 0.029955076188598002,
          "NPV": 0.9882714975918537,
          "sensitivity": 0.021686227989911235,
          "specificity": 0.9915528649866254
        }
      },
      "nri": {
        "is_reference": true
      }
    },
    "O+S": {
      "risk_column": "risks_5y_oq",
      "C_td": 0.6610645508764523,
      "calibration": {
        "calibration_intercept": -0.32842803644911267,
        "calibration_slope": 0.935597102930439,
        "brier_score": 0.011700006872018495,
        "fit_status": "full_intercept_and_slope"
      },
      "classification": {
        "0.0050": {
          "threshold": 0.005,
          "PPV": 0.01347559560410259,
          "NPV": 0.997058488205979,
          "sensitivity": 0.9626378889092873,
          "specificity": 0.15233000140785583
        },
        "0.0100": {
          "threshold": 0.01,
          "PPV": 0.017727022309487223,
          "NPV": 0.9948678236210166,
          "sensitivity": 0.7997208001105134,
          "specificity": 0.4669857806560608
        },
        "0.0200": {
          "threshold": 0.02,
          "PPV": 0.024923741793054136,
          "NPV": 0.990607448844746,
          "sensitivity": 0.33657462566581986,
          "specificity": 0.8416162184992256
        },
        "0.0500": {
          "threshold": 0.05,
          "PPV": 0.0,
          "NPV": 0.9880947933641036,
          "sensitivity": 0.0,
          "specificity": 0.9983105729973252
        }
      },
      "nri": {
        "cutoff_nri": {
          "0.000000": 0.10109910627504692
        }
      }
    },
    "O+D": {
      "risk_column": "risks_5y_os",
      "C_td": 0.6331936541080165,
      "calibration": {
        "calibration_intercept": -0.5783663755096388,
        "calibration_slope": 0.8641553075528886,
        "brier_score": 0.011714402027740184,
        "fit_status": "full_intercept_and_slope"
      },
      "classification": {
        "0.0050": {
          "threshold": 0.005,
          "PPV": 0.013009761189813292,
          "NPV": 0.9946839365562125,
          "sensitivity": 0.9346304449246956,
          "specificity": 0.1471209348162748
        },
        "0.0100": {
          "threshold": 0.01,
          "PPV": 0.016420721455237545,
          "NPV": 0.9931162236983502,
          "sensitivity": 0.7245640407154622,
          "specificity": 0.4779670561734478
        },
        "0.0200": {
          "threshold": 0.02,
          "PPV": 0.02378574592078552,
          "NPV": 0.9899893031142757,
          "sensitivity": 0.2723511353593707,
          "specificity": 0.865549767703787
        },
        "0.0500": {
          "threshold": 0.05,
          "PPV": 0.0,
          "NPV": 0.9881138405367458,
          "sensitivity": 0.0,
          "specificity": 0.9999296072082219
        }
      },
      "nri": {
        "cutoff_nri": {
          "0.000000": -0.1835655793552622
        }
      }
    },
    "O+S+D": {
      "risk_column": "risks_5y_oqs",
      "C_td": 0.6433010993873488,
      "calibration": {
        "calibration_intercept": -0.3863019417260353,
        "calibration_slope": 0.8973723006249024,
        "brier_score": 0.011708616396900443,
        "fit_status": "full_intercept_and_slope"
      },
      "classification": {
        "0.0050": {
          "threshold": 0.005,
          "PPV": 0.01368407492199702,
          "NPV": 0.9966543813061287,
          "sensitivity": 0.9510245615794957,
          "specificity": 0.17548922990285795
        },
        "0.0100": {
          "threshold": 0.01,
          "PPV": 0.017666419788072263,
          "NPV": 0.9931549012484988,
          "sensitivity": 0.6923211779962604,
          "specificity": 0.5369562156835139
        },
        "0.0200": {
          "threshold": 0.02,
          "PPV": 0.02342477701299038,
          "NPV": 0.9896250537338916,
          "sensitivity": 0.22811157405399465,
          "specificity": 0.8856117133605519
        },
        "0.0500": {
          "threshold": 0.05,
          "PPV": 0.0,
          "NPV": 0.9881063945581918,
          "sensitivity": 0.0,
          "specificity": 0.9992960720822187
        }
      },
      "nri": {
        "cutoff_nri": {
          "0.000000": 0.05356778524702599
        }
      }
    }
  },
  "n_rows_total": 17065,
  "horizon": 5.0
}