{
  "mode": "survival",
  "n_rows_ipcw": 2435,
  "weighted_event_rate": 0.013621580025509311,
  "ppv_npv_thresholds": [
    0.005,
    0.01,
    0.02,
    0.05
  ],
  "models": {
    "O": {
      "risk_column": "risks_7y_o",
      "C_td": 0.6395420624833731,
      "calibration": {
        "calibration_intercept": 1.310292211553527,
        "calibration_slope": 1.2834194572579303,
        "brier_score": 0.013361109093527187,
        "fit_status": "full_intercept_and_slope"
      },
      "classification": {
        "0.0050": {
          "threshold": 0.005,
          "PPV": 0.013621580025509311,
          "NPV": NaN,
          "sensitivity": 1.0,
          "specificity": 0.0
        },
        "0.0100": {
          "threshold": 0.01,
          "PPV": 0.018731827166904493,
          "NPV": 0.9918964194376424,
          "sensitivity": 0.713958037416208,
          "specificity": 0.48350730688935284
        },
        "0.0200": {
          "threshold": 0.02,
          "PPV": 0.03662376041167924,
          "NPV": 0.9905212863289397,
          "sensitivity": 0.4103418175753291,
          "specificity": 0.8509394572025053
        },
        "0.0500": {
          "threshold": 0.05,
          "PPV": NaN,
          "NPV": 0.9863784199744906,
          "sensitivity": 0.0,
          "specificity": 1.0
        }
      },
      "nri": {
        "is_reference": true
      }
    },
    "O+Q": {
      "risk_column": "risks_7y_oq",
      "C_td": 0.6334546014737397,
      "calibration": {
        "calibration_intercept": 0.16288474990521043,
        "calibration_slope": 1.0107925783731873,
        "brier_score": 0.01337337591899815,
        "fit_status": "full_intercept_and_slope"
      },
      "classification": {
        "0.0050": {
          "threshold": 0.005,
          "PPV": 0.013746129284910534,
          "NPV": 1.0,
          "sensitivity": 1.0,
          "specificity": 0.00918580375782881
        },
        "0.0100": {
          "threshold": 0.01,
          "PPV": 0.020632851799622227,
          "NPV": 0.992046189775585,
          "sensitivity": 0.677107383452854,
          "specificity": 0.5561586638830899
        },
        "0.0200": {
          "threshold": 0.02,
          "PPV": 0.0332844826247166,
          "NPV": 0.9892487667321536,
          "sensitivity": 0.31126111398635836,
          "specificity": 0.8751565762004174
        },
        "0.0500": {
          "threshold": 0.05,
          "PPV": 0.0,
          "NPV": 0.9863107651980668,
          "sensitivity": 0.0,
          "specificity": 0.9949895615866388
        }
      },
      "nri": {
        "cutoff_nri": {
          "0.000000": 0.03914405010438421
        }
      }
    },
    "S": {
      "risk_column": "risks_7y_s",
      "C_td": 0.6107008020928312,
      "calibration": {
        "calibration_intercept": 0.5133953038272369,
        "calibration_slope": 1.0967469630248172,
        "brier_score": 0.013400134456056798,
        "fit_status": "full_intercept_and_slope"
      },
      "classification": {
        "0.0050": {
          "threshold": 0.005,
          "PPV": 0.013621580025509311,
          "NPV": NaN,
          "sensitivity": 1.0,
          "specificity": 0.0
        },
        "0.0100": {
          "threshold": 0.01,
          "PPV": 0.01647778556202785,
          "NPV": 0.9919945799217603,
          "sensitivity": 0.8018740261041932,
          "specificity": 0.33903966597077245
        },
        "0.0200": {
          "threshold": 0.02,
          "PPV": 0.021748537813156953,
          "NPV": 0.9869223424385769,
          "sensitivity": 0.10015586473430764,
          "specificity": 0.9377870563674321
        },
        "0.0500": {
          "threshold": 0.05,
          "PPV": 0.19191115759925934,
          "NPV": 0.9866514375955266,
          "sensitivity": 0.021541350525962722,
          "specificity": 0.9987473903966597
        }
      },
      "nri": {
        "cutoff_nri": {
          "0.000000": -0.2525052192066806
        }
      }
    },
    "O+S": {
      "risk_column": "risks_7y_os",
      "C_td": 0.6249532391022165,
      "calibration": {
        "calibration_intercept": 1.0267701136388916,
        "calibration_slope": 1.2152246850287107,
        "brier_score": 0.013362988592227955,
        "fit_status": "full_intercept_and_slope"
      },
      "classification": {
        "0.0050": {
          "threshold": 0.005,
          "PPV": 0.013621580025509311,
          "NPV": NaN,
          "sensitivity": 1.0,
          "specificity": 0.0
        },
        "0.0100": {
          "threshold": 0.01,
          "PPV": 0.017800132214223167,
          "NPV": 0.9900043907010244,
          "sensitivity": 0.6071187916505693,
          "specificity": 0.5373695198329854
        },
        "0.0200": {
          "threshold": 0.02,
          "PPV": 0.03957667566274274,
          "NPV": 0.9891910723437064,
          "sensitivity": 0.28406780697056405,
          "specificity": 0.9048016701461378
        },
        "0.0500": {
          "threshold": 0.05,
          "PPV": 0.10614033619301799,
          "NPV": 0.9866348990971746,
          "sensitivity": 0.021541350525962722,
          "specificity": 0.9974947807933194
        }
      },
      "nri": {
        "cutoff_nri": {
          "0.000000": -0.11701461377870565
        }
      }
    },
    "O+Q+S": {
      "risk_column": "risks_7y_oqs",
      "C_td": 0.6172589656308654,
      "calibration": {
        "calibration_intercept": 0.5071957477811406,
        "calibration_slope": 1.0933333505297538,
        "brier_score": 0.013380848655357025,
        "fit_status": "full_intercept_and_slope"
      },
      "classification": {
        "0.0050": {
          "threshold": 0.005,
          "PPV": 0.013621580025509311,
          "NPV": NaN,
          "sensitivity": 1.0,
          "specificity": 0.0
        },
        "0.0100": {
          "threshold": 0.01,
          "PPV": 0.01895966424855992,
          "NPV": 0.9911799933499447,
          "sensitivity": 0.6591184010199324,
          "specificity": 0.5290187891440501
        },
        "0.0200": {
          "threshold": 0.02,
          "PPV": 0.03252532640038706,
          "NPV": 0.9884202846531507,
          "sensitivity": 0.23277058559011693,
          "specificity": 0.904384133611691
        },
        "0.0500": {
          "threshold": 0.05,
          "PPV": 0.0,
          "NPV": 0.9863390361919127,
          "sensitivity": 0.0,
          "specificity": 0.9970772442588727
        }
      },
      "nri": {
        "cutoff_nri": {
          "0.000000": -0.14196242171189977
        }
      }
    }
  },
  "n_rows_total": 3413,
  "horizon": 7.0
}