{
  "mode": "survival",
  "n_rows_ipcw": 3315,
  "weighted_event_rate": 0.002367783784304812,
  "ppv_npv_thresholds": [
    0.005,
    0.01,
    0.02,
    0.05
  ],
  "models": {
    "O": {
      "risk_column": "risks_1y_o",
      "C_td": 0.7308176658579933,
      "calibration": {
        "calibration_intercept": 2.07910498162167,
        "calibration_slope": 1.3391403770581387,
        "brier_score": 0.002359063959380646,
        "fit_status": "full_intercept_and_slope"
      },
      "classification": {
        "0.0050": {
          "threshold": 0.005,
          "PPV": 0.0,
          "NPV": 0.9974986541002211,
          "sensitivity": 0.0,
          "specificity": 0.9464771696401573
        },
        "0.0100": {
          "threshold": 0.01,
          "PPV": NaN,
          "NPV": 0.9976322162156952,
          "sensitivity": 0.0,
          "specificity": 1.0
        },
        "0.0200": {
          "threshold": 0.02,
          "PPV": NaN,
          "NPV": 0.9976322162156952,
          "sensitivity": 0.0,
          "specificity": 1.0
        },
        "0.0500": {
          "threshold": 0.05,
          "PPV": NaN,
          "NPV": 0.9976322162156952,
          "sensitivity": 0.0,
          "specificity": 1.0
        }
      },
      "nri": {
        "is_reference": true
      }
    },
    "O+Q": {
      "risk_column": "risks_1y_oq",
      "C_td": 0.7427876798097669,
      "calibration": {
        "calibration_intercept": 2.730116593013445,
        "calibration_slope": 1.4529677167949973,
        "brier_score": 0.0023572758995459983,
        "fit_status": "full_intercept_and_slope"
      },
      "classification": {
        "0.0050": {
          "threshold": 0.005,
          "PPV": 0.01033557055772453,
          "NPV": 0.998116582034116,
          "sensitivity": 0.25014888567723986,
          "specificity": 0.9431508920471726
        },
        "0.0100": {
          "threshold": 0.01,
          "PPV": 0.0,
          "NPV": 0.99763078676093,
          "sensitivity": 0.0,
          "specificity": 0.999395222255821
        },
        "0.0200": {
          "threshold": 0.02,
          "PPV": NaN,
          "NPV": 0.9976322162156952,
          "sensitivity": 0.0,
          "specificity": 1.0
        },
        "0.0500": {
          "threshold": 0.05,
          "PPV": NaN,
          "NPV": 0.9976322162156952,
          "sensitivity": 0.0,
          "specificity": 1.0
        }
      },
      "nri": {
        "cutoff_nri": {
          "0.000000": 0.15210160266102207
        }
      }
    },
    "S": {
      "risk_column": "risks_1y_s",
      "C_td": 0.540494118315111,
      "calibration": {
        "calibration_intercept": -3.2662659704275256,
        "calibration_slope": 0.4480767916865926,
        "brier_score": 0.0023615611035751045,
        "fit_status": "full_intercept_and_slope"
      },
      "classification": {
        "0.0050": {
          "threshold": 0.005,
          "PPV": 0.01231650079341854,
          "NPV": 0.9978750180632525,
          "sensitivity": 0.12392484144539377,
          "specificity": 0.9764136679770185
        },
        "0.0100": {
          "threshold": 0.01,
          "PPV": NaN,
          "NPV": 0.9976322162156952,
          "sensitivity": 0.0,
          "specificity": 1.0
        },
        "0.0200": {
          "threshold": 0.02,
          "PPV": NaN,
          "NPV": 0.9976322162156952,
          "sensitivity": 0.0,
          "specificity": 1.0
        },
        "0.0500": {
          "threshold": 0.05,
          "PPV": NaN,
          "NPV": 0.9976322162156952,
          "sensitivity": 0.0,
          "specificity": 1.0
        }
      },
      "nri": {
        "cutoff_nri": {
          "0.000000": -0.2890081644995464
        }
      }
    },
    "O+S": {
      "risk_column": "risks_1y_os",
      "C_td": 0.6395446686683024,
      "calibration": {
        "calibration_intercept": -0.5767365703172237,
        "calibration_slope": 0.8888758252719295,
        "brier_score": 0.0023606023234576806,
        "fit_status": "full_intercept_and_slope"
      },
      "classification": {
        "0.0050": {
          "threshold": 0.005,
          "PPV": 0.006485627912895508,
          "NPV": 0.997827346777236,
          "sensitivity": 0.12392484144539377,
          "specificity": 0.9549440580586634
        },
        "0.0100": {
          "threshold": 0.01,
          "PPV": NaN,
          "NPV": 0.9976322162156952,
          "sensitivity": 0.0,
          "specificity": 1.0
        },
        "0.0200": {
          "threshold": 0.02,
          "PPV": NaN,
          "NPV": 0.9976322162156952,
          "sensitivity": 0.0,
          "specificity": 1.0
        },
        "0.0500": {
          "threshold": 0.05,
          "PPV": NaN,
          "NPV": 0.9976322162156952,
          "sensitivity": 0.0,
          "specificity": 1.0
        }
      },
      "nri": {
        "cutoff_nri": {
          "0.000000": -0.03537949803447238
        }
      }
    },
    "O+Q+S": {
      "risk_column": "risks_1y_oqs",
      "C_td": 0.6787638813712346,
      "calibration": {
        "calibration_intercept": 0.6863447724146059,
        "calibration_slope": 1.1002763776119868,
        "brier_score": 0.0023590352506440105,
        "fit_status": "full_intercept_and_slope"
      },
      "classification": {
        "0.0050": {
          "threshold": 0.005,
          "PPV": 0.0053746619934149096,
          "NPV": 0.997805855101729,
          "sensitivity": 0.12392484144539377,
          "specificity": 0.9455700030238888
        },
        "0.0100": {
          "threshold": 0.01,
          "PPV": NaN,
          "NPV": 0.9976322162156952,
          "sensitivity": 0.0,
          "specificity": 1.0
        },
        "0.0200": {
          "threshold": 0.02,
          "PPV": NaN,
          "NPV": 0.9976322162156952,
          "sensitivity": 0.0,
          "specificity": 1.0
        },
        "0.0500": {
          "threshold": 0.05,
          "PPV": NaN,
          "NPV": 0.9976322162156952,
          "sensitivity": 0.0,
          "specificity": 1.0
        }
      },
      "nri": {
        "cutoff_nri": {
          "0.000000": 0.04807983066223165
        }
      }
    }
  },
  "n_rows_total": 3413,
  "horizon": 1.0
}