{
  "mode": "survival",
  "n_rows_ipcw": 3075,
  "weighted_event_rate": 0.0036818314840416397,
  "ppv_npv_thresholds": [
    0.005,
    0.01,
    0.02,
    0.05
  ],
  "models": {
    "O": {
      "risk_column": "risks_3y_o",
      "C_td": 0.603694491619029,
      "calibration": {
        "calibration_intercept": 1.8682147333996617,
        "calibration_slope": 1.2713154307970318,
        "brier_score": 0.0036676246719804318,
        "fit_status": "full_intercept_and_slope"
      },
      "classification": {
        "0.0050": {
          "threshold": 0.005,
          "PPV": 0.0,
          "NPV": 0.9963121707175312,
          "sensitivity": 0.0,
          "specificity": 0.9983676134508652
        },
        "0.0100": {
          "threshold": 0.01,
          "PPV": NaN,
          "NPV": 0.9963181685159584,
          "sensitivity": 0.0,
          "specificity": 1.0
        },
        "0.0200": {
          "threshold": 0.02,
          "PPV": NaN,
          "NPV": 0.9963181685159584,
          "sensitivity": 0.0,
          "specificity": 1.0
        },
        "0.0500": {
          "threshold": 0.05,
          "PPV": NaN,
          "NPV": 0.9963181685159584,
          "sensitivity": 0.0,
          "specificity": 1.0
        }
      },
      "nri": {
        "is_reference": true
      }
    },
    "O+Q": {
      "risk_column": "risks_3y_q",
      "C_td": 0.6619082261503364,
      "calibration": {
        "calibration_intercept": 3.5500881313880868,
        "calibration_slope": 1.5653538349099108,
        "brier_score": 0.003662783298114444,
        "fit_status": "full_intercept_and_slope"
      },
      "classification": {
        "0.0050": {
          "threshold": 0.005,
          "PPV": 0.015262292931149812,
          "NPV": 0.9970502344531561,
          "sensitivity": 0.24646705054623855,
          "specificity": 0.9412340842311459
        },
        "0.0100": {
          "threshold": 0.01,
          "PPV": 0.0,
          "NPV": 0.9963133718399984,
          "sensitivity": 0.0,
          "specificity": 0.9986940907606922
        },
        "0.0200": {
          "threshold": 0.02,
          "PPV": NaN,
          "NPV": 0.9963181685159584,
          "sensitivity": 0.0,
          "specificity": 1.0
        },
        "0.0500": {
          "threshold": 0.05,
          "PPV": NaN,
          "NPV": 0.9963181685159584,
          "sensitivity": 0.0,
          "specificity": 1.0
        }
      },
      "nri": {
        "cutoff_nri": {
          "0.000000": 0.2456741756447927
        }
      }
    },
    "S": {
      "risk_column": "risks_3y_s",
      "C_td": 0.815886306081275,
      "calibration": {
        "calibration_intercept": 2.90041784841938,
        "calibration_slope": 1.4862314679675734,
        "brier_score": 0.0036481056828468854,
        "fit_status": "full_intercept_and_slope"
      },
      "classification": {
        "0.0050": {
          "threshold": 0.005,
          "PPV": 0.021545808886062796,
          "NPV": 0.9989792598636379,
          "sensitivity": 0.7587069433604634,
          "specificity": 0.8726738491674828
        },
        "0.0100": {
          "threshold": 0.01,
          "PPV": 0.022259141354650527,
          "NPV": 0.9968457005406939,
          "sensitivity": 0.16693595335063335,
          "specificity": 0.9729023832843617
        },
        "0.0200": {
          "threshold": 0.02,
          "PPV": 0.0,
          "NPV": 0.9963097661230744,
          "sensitivity": 0.0,
          "specificity": 0.9977146588312112
        },
        "0.0500": {
          "threshold": 0.05,
          "PPV": NaN,
          "NPV": 0.9963181685159584,
          "sensitivity": 0.0,
          "specificity": 1.0
        }
      },
      "nri": {
        "cutoff_nri": {
          "0.000000": 0.8300685602350637
        }
      }
    },
    "O+S": {
      "risk_column": "risks_3y_os",
      "C_td": 0.8146436496564168,
      "calibration": {
        "calibration_intercept": 3.7480117323405913,
        "calibration_slope": 1.6402676812574981,
        "brier_score": 0.0036478611565324897,
        "fit_status": "full_intercept_and_slope"
      },
      "classification": {
        "0.0050": {
          "threshold": 0.005,
          "PPV": 0.021709204750477062,
          "NPV": 0.9989804030243922,
          "sensitivity": 0.7587069433604634,
          "specificity": 0.8736532810969637
        },
        "0.0100": {
          "threshold": 0.01,
          "PPV": 0.028677815701881687,
          "NPV": 0.9968656217948269,
          "sensitivity": 0.16693595335063335,
          "specificity": 0.9791054521710741
        },
        "0.0200": {
          "threshold": 0.02,
          "PPV": 0.0,
          "NPV": 0.9963157717392341,
          "sensitivity": 0.0,
          "specificity": 0.9993470453803461
        },
        "0.0500": {
          "threshold": 0.05,
          "PPV": NaN,
          "NPV": 0.9963181685159584,
          "sensitivity": 0.0,
          "specificity": 1.0
        }
      },
      "nri": {
        "cutoff_nri": {
          "0.000000": 0.9764936336924583
        }
      }
    },
    "O+Q+S": {
      "risk_column": "risks_3y_qs",
      "C_td": 0.8079960789200337,
      "calibration": {
        "calibration_intercept": 3.4742910110474043,
        "calibration_slope": 1.6009393478401768,
        "brier_score": 0.0036288762652227006,
        "fit_status": "full_intercept_and_slope"
      },
      "classification": {
        "0.0050": {
          "threshold": 0.005,
          "PPV": 0.021692189981756572,
          "NPV": 0.998954202019628,
          "sensitivity": 0.7522223780721549,
          "specificity": 0.8746327130264446
        },
        "0.0100": {
          "threshold": 0.01,
          "PPV": 0.04750556022990908,
          "NPV": 0.9978035760435048,
          "sensitivity": 0.4230000065044585,
          "specificity": 0.9686581782566112
        },
        "0.0200": {
          "threshold": 0.02,
          "PPV": 0.09205872081534251,
          "NPV": 0.9966040441044295,
          "sensitivity": 0.08061889289973866,
          "specificity": 0.9970617042115573
        },
        "0.0500": {
          "threshold": 0.05,
          "PPV": NaN,
          "NPV": 0.9963181685159584,
          "sensitivity": 0.0,
          "specificity": 1.0
        }
      },
      "nri": {
        "cutoff_nri": {
          "0.000000": 1.0339536402220046
        }
      }
    }
  },
  "n_rows_total": 3413,
  "horizon": 3.0
}