{
  "mode": "survival",
  "n_rows_ipcw": 2841,
  "weighted_event_rate": 0.020876740103608585,
  "ppv_npv_thresholds": [
    0.005,
    0.01,
    0.02,
    0.05
  ],
  "models": {
    "O": {
      "risk_column": "risks_5y_o",
      "C_td": 0.6439914541971293,
      "calibration": {
        "calibration_intercept": 0.5236729482062527,
        "calibration_slope": 1.1238446631057843,
        "brier_score": 0.02029537966232797,
        "fit_status": "full_intercept_and_slope"
      },
      "classification": {
        "0.0050": {
          "threshold": 0.005,
          "PPV": 0.020876740103608588,
          "NPV": NaN,
          "sensitivity": 1.0,
          "specificity": 0.0
        },
        "0.0100": {
          "threshold": 0.01,
          "PPV": 0.024197336668584382,
          "NPV": 0.9980150346463927,
          "sensitivity": 0.9857861595672968,
          "specificity": 0.1523775216138328
        },
        "0.0200": {
          "threshold": 0.02,
          "PPV": 0.02925092204280648,
          "NPV": 0.9841159355834156,
          "sensitivity": 0.5233363602423193,
          "specificity": 0.6296829971181557
        },
        "0.0500": {
          "threshold": 0.05,
          "PPV": 0.0690131542688583,
          "NPV": 0.980492410560045,
          "sensitivity": 0.09142530421191859,
          "specificity": 0.9737031700288185
        }
      },
      "nri": {
        "is_reference": true
      }
    },
    "O+Q": {
      "risk_column": "risks_5y_oq",
      "C_td": 0.6710765952344171,
      "calibration": {
        "calibration_intercept": 0.7037540401421486,
        "calibration_slope": 1.1678817497468768,
        "brier_score": 0.020191289253275325,
        "fit_status": "full_intercept_and_slope"
      },
      "classification": {
        "0.0050": {
          "threshold": 0.005,
          "PPV": 0.020876740103608588,
          "NPV": NaN,
          "sensitivity": 1.0,
          "specificity": 0.0
        },
        "0.0100": {
          "threshold": 0.01,
          "PPV": 0.024227960127205038,
          "NPV": 0.9945967525421869,
          "sensitivity": 0.9539248498340289,
          "specificity": 0.18083573487031696
        },
        "0.0200": {
          "threshold": 0.02,
          "PPV": 0.033968081991151,
          "NPV": 0.9860979490830923,
          "sensitivity": 0.5655509273803417,
          "specificity": 0.6570605187319885
        },
        "0.0500": {
          "threshold": 0.05,
          "PPV": 0.0904240695013091,
          "NPV": 0.981407317493151,
          "sensitivity": 0.1377254381418092,
          "specificity": 0.9704610951008645
        }
      },
      "nri": {
        "cutoff_nri": {
          "0.000000": 0.36769009088893806
        }
      }
    },
    "S": {
      "risk_column": "risks_5y_s",
      "C_td": 0.5821299336184154,
      "calibration": {
        "calibration_intercept": 1.042493123041132,
        "calibration_slope": 1.2475728388835194,
        "brier_score": 0.02037343193604615,
        "fit_status": "full_intercept_and_slope"
      },
      "classification": {
        "0.0050": {
          "threshold": 0.005,
          "PPV": 0.020876740103608588,
          "NPV": NaN,
          "sensitivity": 1.0,
          "specificity": 0.0
        },
        "0.0100": {
          "threshold": 0.01,
          "PPV": 0.020876740103608588,
          "NPV": NaN,
          "sensitivity": 1.0,
          "specificity": 0.0
        },
        "0.0200": {
          "threshold": 0.02,
          "PPV": 0.026454711970320056,
          "NPV": 0.9815384108754132,
          "sensitivity": 0.3828848215309316,
          "specificity": 0.6995677233429395
        },
        "0.0500": {
          "threshold": 0.05,
          "PPV": 0.060501033441412076,
          "NPV": 0.9793476620221334,
          "sensitivity": 0.016319729899549974,
          "specificity": 0.9945965417867435
        }
      },
      "nri": {
        "cutoff_nri": {
          "0.000000": -0.26310130791398795
        }
      }
    },
    "O+S": {
      "risk_column": "risks_5y_os",
      "C_td": 0.6417781689153099,
      "calibration": {
        "calibration_intercept": 1.4364655348704456,
        "calibration_slope": 1.3580620284929992,
        "brier_score": 0.020268175534923067,
        "fit_status": "full_intercept_and_slope"
      },
      "classification": {
        "0.0050": {
          "threshold": 0.005,
          "PPV": 0.020876740103608588,
          "NPV": NaN,
          "sensitivity": 1.0,
          "specificity": 0.0
        },
        "0.0100": {
          "threshold": 0.01,
          "PPV": 0.02172835695246668,
          "NPV": 0.994385324616896,
          "sensitivity": 0.9857861595672968,
          "specificity": 0.05367435158501439
        },
        "0.0200": {
          "threshold": 0.02,
          "PPV": 0.03089354657467923,
          "NPV": 0.9850928467465471,
          "sensitivity": 0.5525847108877316,
          "specificity": 0.6304034582132565
        },
        "0.0500": {
          "threshold": 0.05,
          "PPV": 0.10423320066223352,
          "NPV": 0.9799184978001225,
          "sensitivity": 0.04718213348780201,
          "specificity": 0.9913544668587897
        }
      },
      "nri": {
        "cutoff_nri": {
          "0.000000": -0.12036133894923523
        }
      }
    },
    "O+Q+S": {
      "risk_column": "risks_5y_oqs",
      "C_td": 0.6723080331177209,
      "calibration": {
        "calibration_intercept": 0.9903448078425917,
        "calibration_slope": 1.2409244224972715,
        "brier_score": 0.020141996831229525,
        "fit_status": "full_intercept_and_slope"
      },
      "classification": {
        "0.0050": {
          "threshold": 0.005,
          "PPV": 0.020884106138941,
          "NPV": 1.0,
          "sensitivity": 1.0,
          "specificity": 0.0003602305475504322
        },
        "0.0100": {
          "threshold": 0.01,
          "PPV": 0.02447451258859944,
          "NPV": 0.9948547898778229,
          "sensitivity": 0.9541269153158477,
          "specificity": 0.18912103746397693
        },
        "0.0200": {
          "threshold": 0.02,
          "PPV": 0.035155412331588864,
          "NPV": 0.986394481401557,
          "sensitivity": 0.5681876023653734,
          "specificity": 0.667507204610951
        },
        "0.0500": {
          "threshold": 0.05,
          "PPV": 0.10476701900265202,
          "NPV": 0.9820653918219722,
          "sensitivity": 0.1700365113086847,
          "specificity": 0.9690201729106629
        }
      },
      "nri": {
        "cutoff_nri": {
          "0.000000": 0.2805142983817335
        }
      }
    }
  },
  "n_rows_total": 3413,
  "horizon": 5.0
}