{
  "mode": "survival",
  "n_rows_ipcw": 3092,
  "weighted_event_rate": 0.006467104840841682,
  "ppv_npv_thresholds": [
    0.005,
    0.01,
    0.02,
    0.05
  ],
  "models": {
    "O": {
      "risk_column": "risks_3y_o",
      "C_td": 0.7361436363694762,
      "calibration": {
        "calibration_intercept": 2.343552132468362,
        "calibration_slope": 1.4669781613035695,
        "brier_score": 0.006397457598544653,
        "fit_status": "full_intercept_and_slope"
      },
      "classification": {
        "0.0050": {
          "threshold": 0.005,
          "PPV": 0.010567249712947055,
          "NPV": 0.9986036262596705,
          "sensitivity": 0.9034660330125125,
          "specificity": 0.4493650276782807
        },
        "0.0100": {
          "threshold": 0.01,
          "PPV": 0.016591360016353418,
          "NPV": 0.9952829649064278,
          "sensitivity": 0.3781103056477074,
          "specificity": 0.8541191794203842
        },
        "0.0200": {
          "threshold": 0.02,
          "PPV": NaN,
          "NPV": 0.9935328951591583,
          "sensitivity": 0.0,
          "specificity": 1.0
        },
        "0.0500": {
          "threshold": 0.05,
          "PPV": NaN,
          "NPV": 0.9935328951591583,
          "sensitivity": 0.0,
          "specificity": 1.0
        }
      },
      "nri": {
        "is_reference": true
      }
    },
    "O+Q": {
      "risk_column": "risks_3y_q",
      "C_td": 0.7942730795435328,
      "calibration": {
        "calibration_intercept": 3.124419238597927,
        "calibration_slope": 1.640725847904249,
        "brier_score": 0.0063817019394037154,
        "fit_status": "full_intercept_and_slope"
      },
      "classification": {
        "0.0050": {
          "threshold": 0.005,
          "PPV": 0.012279017488953154,
          "NPV": 0.9993867036616448,
          "sensitivity": 0.9527536832303798,
          "specificity": 0.5011396939107783
        },
        "0.0100": {
          "threshold": 0.01,
          "PPV": 0.02092126636976875,
          "NPV": 0.9960181184917991,
          "sensitivity": 0.4746198027594153,
          "specificity": 0.8554216867469879
        },
        "0.0200": {
          "threshold": 0.02,
          "PPV": 0.060270001750015324,
          "NPV": 0.9940943761023001,
          "sensitivity": 0.09625247397334133,
          "specificity": 0.9902311950504721
        },
        "0.0500": {
          "threshold": 0.05,
          "PPV": 0.0,
          "NPV": 0.9935308022380311,
          "sensitivity": 0.0,
          "specificity": 0.9996743731683491
        }
      },
      "nri": {
        "cutoff_nri": {
          "0.000000": 0.7424601882433208
        }
      }
    },
    "S": {
      "risk_column": "risks_3y_s",
      "C_td": 0.6909098313262397,
      "calibration": {
        "calibration_intercept": 3.7045926139232326,
        "calibration_slope": 1.7337683172462461,
        "brier_score": 0.006408932761170241,
        "fit_status": "full_intercept_and_slope"
      },
      "classification": {
        "0.0050": {
          "threshold": 0.005,
          "PPV": 0.009057408276705455,
          "NPV": 0.9976324116950701,
          "sensitivity": 0.8582469228022215,
          "specificity": 0.38879843699120814
        },
        "0.0100": {
          "threshold": 0.01,
          "PPV": 0.02181432291545602,
          "NPV": 0.9947195236510771,
          "sensitivity": 0.24208768918928525,
          "specificity": 0.9293389775317487
        },
        "0.0200": {
          "threshold": 0.02,
          "PPV": 0.0,
          "NPV": 0.9935308022380311,
          "sensitivity": 0.0,
          "specificity": 0.9996743731683491
        },
        "0.0500": {
          "threshold": 0.05,
          "PPV": NaN,
          "NPV": 0.9935328951591583,
          "sensitivity": 0.0,
          "specificity": 1.0
        }
      },
      "nri": {
        "cutoff_nri": {
          "0.000000": -0.34392395838178974
        }
      }
    },
    "O+S": {
      "risk_column": "risks_3y_os",
      "C_td": 0.740752170690765,
      "calibration": {
        "calibration_intercept": 2.737862160105143,
        "calibration_slope": 1.5495822584302046,
        "brier_score": 0.006397663576682507,
        "fit_status": "full_intercept_and_slope"
      },
      "classification": {
        "0.0050": {
          "threshold": 0.005,
          "PPV": 0.010524141478130801,
          "NPV": 0.9986234084610498,
          "sensitivity": 0.9055940569502451,
          "specificity": 0.4457831325301205
        },
        "0.0100": {
          "threshold": 0.01,
          "PPV": 0.019455865723486523,
          "NPV": 0.9956861547345063,
          "sensitivity": 0.42781225125362954,
          "specificity": 0.8596548355584499
        },
        "0.0200": {
          "threshold": 0.02,
          "PPV": 0.0,
          "NPV": 0.9935224169895034,
          "sensitivity": 0.0,
          "specificity": 0.9983718658417454
        },
        "0.0500": {
          "threshold": 0.05,
          "PPV": NaN,
          "NPV": 0.9935328951591583,
          "sensitivity": 0.0,
          "specificity": 1.0
        }
      },
      "nri": {
        "cutoff_nri": {
          "0.000000": -0.0249957358391093
        }
      }
    },
    "O+Q+S": {
      "risk_column": "risks_3y_qs",
      "C_td": 0.7812715442361875,
      "calibration": {
        "calibration_intercept": 3.3128845593749725,
        "calibration_slope": 1.6776558202518477,
        "brier_score": 0.006387008737470447,
        "fit_status": "full_intercept_and_slope"
      },
      "classification": {
        "0.0050": {
          "threshold": 0.005,
          "PPV": 0.011880707531998541,
          "NPV": 0.9993652704624687,
          "sensitivity": 0.9527536832303798,
          "specificity": 0.48420709866492995
        },
        "0.0100": {
          "threshold": 0.01,
          "PPV": 0.02306160594652744,
          "NPV": 0.9963934533396,
          "sensitivity": 0.5243217483653375,
          "specificity": 0.8554216867469879
        },
        "0.0200": {
          "threshold": 0.02,
          "PPV": 0.0,
          "NPV": 0.9934950141714483,
          "sensitivity": 0.0,
          "specificity": 0.9941387170302833
        },
        "0.0500": {
          "threshold": 0.05,
          "PPV": NaN,
          "NPV": 0.9935328951591583,
          "sensitivity": 0.0,
          "specificity": 1.0
        }
      },
      "nri": {
        "cutoff_nri": {
          "0.000000": 0.4386658603526074
        }
      }
    }
  },
  "n_rows_total": 3413,
  "horizon": 3.0
}