n,min_risk,max_risk,observed_event_rate,mean_predicted_risk
3214.7226961194187,0.0056720160560668,0.0999192620717784,0.024334913656426628,0.02431180416009353
146.8112409582031,0.1003295601491238,0.1967422636364484,0.15979222261952133,0.13410455926670414
38.961391554475256,0.2027382732228568,0.2986936742485789,0.13933854434296625,0.24067154950855765
7.891961107810243,0.3142664953656737,0.3961526215034945,0.6965033920356448,0.3511363694130279
4.612710260093698,0.4075916750132446,0.4962900023286977,0.4807427106079776,0.45160085829290403
