{
  "mode": "survival",
  "n_rows_ipcw": 3330,
  "weighted_event_rate": 0.0035674731630271324,
  "ppv_npv_thresholds": [
    0.05,
    0.1,
    0.15,
    0.2
  ],
  "models": {
    "O": {
      "risk_column": "risks_1y_o",
      "C_td": 0.6121817193391758,
      "calibration": {
        "calibration_intercept": -2.271382581190532,
        "calibration_slope": 0.5769521876111203,
        "brier_score": 0.0035444765085998527,
        "fit_status": "full_intercept_and_slope"
      },
      "classification": {
        "0.0500": {
          "threshold": 0.05,
          "PPV": NaN,
          "NPV": 0.9964325268369729,
          "sensitivity": 0.0,
          "specificity": 1.0
        },
        "0.1000": {
          "threshold": 0.1,
          "PPV": NaN,
          "NPV": 0.9964325268369729,
          "sensitivity": 0.0,
          "specificity": 1.0
        },
        "0.1500": {
          "threshold": 0.15,
          "PPV": NaN,
          "NPV": 0.9964325268369729,
          "sensitivity": 0.0,
          "specificity": 1.0
        },
        "0.2000": {
          "threshold": 0.2,
          "PPV": NaN,
          "NPV": 0.9964325268369729,
          "sensitivity": 0.0,
          "specificity": 1.0
        }
      },
      "nri": {
        "is_reference": true
      }
    },
    "O+Q": {
      "risk_column": "risks_1y_oq",
      "C_td": 0.9808896570658272,
      "calibration": {
        "calibration_intercept": 1.14953088637807,
        "calibration_slope": 1.3030061895813039,
        "brier_score": 0.0032903181109216082,
        "fit_status": "full_intercept_and_slope"
      },
      "classification": {
        "0.0500": {
          "threshold": 0.05,
          "PPV": 0.06745688886157046,
          "NPV": 0.9972873725410472,
          "sensitivity": 0.2496617701654755,
          "specificity": 0.9876431585292346
        },
        "0.1000": {
          "threshold": 0.1,
          "PPV": 0.1415974319660572,
          "NPV": 0.9970144453817461,
          "sensitivity": 0.16663123544375558,
          "specificity": 0.996383363471971
        },
        "0.1500": {
          "threshold": 0.15,
          "PPV": 0.1656684616636681,
          "NPV": 0.9967247878128556,
          "sensitivity": 0.08357607719453808,
          "specificity": 0.9984930681133213
        },
        "0.2000": {
          "threshold": 0.2,
          "PPV": 0.33173428992077436,
          "NPV": 0.9967277412159122,
          "sensitivity": 0.08357607719453808,
          "specificity": 0.9993972272453285
        }
      },
      "nri": {
        "cutoff_nri": {
          "0.000000": 1.7166968053044003
        }
      }
    },
    "S": {
      "risk_column": "risks_1y_s",
      "C_td": 0.7258203195350519,
      "calibration": {
        "calibration_intercept": -0.8944456204809165,
        "calibration_slope": 0.8306503323432485,
        "brier_score": 0.0035488138081686796,
        "fit_status": "full_intercept_and_slope"
      },
      "classification": {
        "0.0500": {
          "threshold": 0.05,
          "PPV": NaN,
          "NPV": 0.9964325268369729,
          "sensitivity": 0.0,
          "specificity": 1.0
        },
        "0.1000": {
          "threshold": 0.1,
          "PPV": NaN,
          "NPV": 0.9964325268369729,
          "sensitivity": 0.0,
          "specificity": 1.0
        },
        "0.1500": {
          "threshold": 0.15,
          "PPV": NaN,
          "NPV": 0.9964325268369729,
          "sensitivity": 0.0,
          "specificity": 1.0
        },
        "0.2000": {
          "threshold": 0.2,
          "PPV": NaN,
          "NPV": 0.9964325268369729,
          "sensitivity": 0.0,
          "specificity": 1.0
        }
      },
      "nri": {
        "cutoff_nri": {
          "0.000000": -0.10669077757685352
        }
      }
    },
    "O+S": {
      "risk_column": "risks_1y_os",
      "C_td": 0.6612020762305043,
      "calibration": {
        "calibration_intercept": -1.8463611870933816,
        "calibration_slope": 0.6507633670113555,
        "brier_score": 0.0035361841991749057,
        "fit_status": "full_intercept_and_slope"
      },
      "classification": {
        "0.0500": {
          "threshold": 0.05,
          "PPV": 0.33173428992077436,
          "NPV": 0.9967277412159122,
          "sensitivity": 0.08357607719453808,
          "specificity": 0.9993972272453285
        },
        "0.1000": {
          "threshold": 0.1,
          "PPV": NaN,
          "NPV": 0.9964325268369729,
          "sensitivity": 0.0,
          "specificity": 1.0
        },
        "0.1500": {
          "threshold": 0.15,
          "PPV": NaN,
          "NPV": 0.9964325268369729,
          "sensitivity": 0.0,
          "specificity": 1.0
        },
        "0.2000": {
          "threshold": 0.2,
          "PPV": NaN,
          "NPV": 0.9964325268369729,
          "sensitivity": 0.0,
          "specificity": 1.0
        }
      },
      "nri": {
        "cutoff_nri": {
          "0.000000": 0.2163954189270645
        }
      }
    },
    "O+Q+S": {
      "risk_column": "risks_1y_oqs",
      "C_td": 0.9793384496588063,
      "calibration": {
        "calibration_intercept": 1.1854165503924285,
        "calibration_slope": 1.3147167945075229,
        "brier_score": 0.0032679053339722884,
        "fit_status": "full_intercept_and_slope"
      },
      "classification": {
        "0.0500": {
          "threshold": 0.05,
          "PPV": 0.10435795368713384,
          "NPV": 0.9975948181593716,
          "sensitivity": 0.3334884502901321,
          "specificity": 0.9897528631705846
        },
        "0.1000": {
          "threshold": 0.1,
          "PPV": 0.1525067831581893,
          "NPV": 0.997015345485698,
          "sensitivity": 0.16663123544375558,
          "specificity": 0.9966847498493068
        },
        "0.1500": {
          "threshold": 0.15,
          "PPV": 0.1104015597533982,
          "NPV": 0.9967218290737483,
          "sensitivity": 0.08357607719453808,
          "specificity": 0.997588908981314
        },
        "0.2000": {
          "threshold": 0.2,
          "PPV": 0.49819891615242473,
          "NPV": 0.996728724500303,
          "sensitivity": 0.08357607719453808,
          "specificity": 0.9996986136226642
        }
      },
      "nri": {
        "cutoff_nri": {
          "0.000000": 1.6600361663652803
        }
      }
    }
  },
  "n_rows_total": 3413,
  "horizon": 1.0
}