{
  "O": {
    "calibration_intercept": 0.6287580930128143,
    "calibration_slope": 1.3414583667732476,
    "brier_score": 0.0796276866457089,
    "fit_status": "full_intercept_and_slope"
  },
  "O+S": {
    "calibration_intercept": 0.6168571851146624,
    "calibration_slope": 1.1501251313938603,
    "brier_score": 0.07800919701396111,
    "fit_status": "full_intercept_and_slope"
  },
  "O+D": {
    "calibration_intercept": 1.1348630213222908,
    "calibration_slope": 1.4271443265029458,
    "brier_score": 0.08228016796771737,
    "fit_status": "full_intercept_and_slope"
  },
  "O+S+D": {
    "calibration_intercept": 0.8117665685697157,
    "calibration_slope": 1.227759034727288,
    "brier_score": 0.07784346685296183,
    "fit_status": "full_intercept_and_slope"
  }
}