n,min_risk,max_risk,observed_event_rate,mean_predicted_risk
12137.9929647826,0.0150163355416349,0.0999476490314493,0.11877575917384743,0.05582117698264959
3224.177302034228,0.1000578639128508,0.1995428712100788,0.17371886741554105,0.13758524024082883
976.2442305519754,0.2003877291145123,0.2990033130388878,0.2268958396546761,0.2410885215259505
363.0387505984959,0.3000860254678441,0.3990341609364133,0.2703032212818151,0.3463376111910522
171.23330205612348,0.4009463491796874,0.4978628423335113,0.4162037414481254,0.446894802417888
123.5610091739303,0.5080072125666971,0.5928337419513047,0.35277083443608354,0.5541337563184391
47.10841541804329,0.610182444492227,0.6930350722750446,0.46949308211309765,0.6517337037026162
20.36298683184447,0.7042963877257874,0.7946823748405117,0.5090830146611006,0.7256073257256199
1.2810385527879227,0.8539179381706066,0.8539179381706066,1.0,0.8539179381706065
