{
  "O": {
    "calibration_intercept": -0.5733335304912964,
    "calibration_slope": 0.5082251241367427,
    "brier_score": 0.12432218798170225,
    "fit_status": "full_intercept_and_slope"
  },
  "O+S": {
    "calibration_intercept": -0.7018251566721597,
    "calibration_slope": 0.3841744480308153,
    "brier_score": 0.12949312282470674,
    "fit_status": "full_intercept_and_slope"
  },
  "O+D": {
    "calibration_intercept": -0.4431513998306653,
    "calibration_slope": 0.5181103339284224,
    "brier_score": 0.12560893739246096,
    "fit_status": "full_intercept_and_slope"
  },
  "O+S+D": {
    "calibration_intercept": -0.5342538217062626,
    "calibration_slope": 0.44908182883376857,
    "brier_score": 0.12854361669574216,
    "fit_status": "full_intercept_and_slope"
  }
}