n,min_risk,max_risk,observed_event_rate,mean_predicted_risk
12968.451117218556,0.023005072202144,0.0999746715308012,0.045856137668064734,0.05200407861728795
2363.9862324010173,0.1001438505866349,0.1999740857899185,0.19422208576395109,0.13949403353793532
852.5421102724562,0.2001506050656325,0.2995915933272012,0.4429349344395782,0.24179890563071638
400.8186701241451,0.3002318607265775,0.3993400953415612,0.5878683461571077,0.34585430918384125
231.43615829349807,0.4001044896500689,0.4990090412073971,0.5538994894223563,0.4429264361446661
121.30863626748823,0.5010131710561482,0.5999317493769539,0.7021207471690551,0.5379605676112553
83.18091727446128,0.6001658094258607,0.6981215361109626,0.8758804401733179,0.6506716837764549
38.42378343822569,0.7001222340713136,0.7962765080963045,0.8656511942052193,0.7333043073723473
4.852374710124865,0.8091141439928887,0.8415579324906585,1.0,0.8207345280545814
