n,min_risk,max_risk,observed_event_rate,mean_predicted_risk
13660.202973822825,0.0228685829602164,0.0999842067991783,0.12293773757397423,0.05194491578979689
2283.191981369264,0.1000948219841352,0.1999740857899185,0.19220068790838,0.13812349451424843
644.68532873355,0.2001506050656325,0.2971061753614101,0.2867207605443219,0.2397019734248827
236.38229514387373,0.3008417695870865,0.3979640909903076,0.32336481617455054,0.34378751421580855
150.39328495457812,0.403244030523149,0.4959370049724112,0.33530701779644273,0.4443605114230826
61.836091858725986,0.5046298030063049,0.5905380277930845,0.43418357586566225,0.5338283191938812
20.780734155127035,0.6015859480986308,0.6798119935116707,0.5189517351330708,0.6295769639579788
6.010313718391279,0.7242353876371078,0.7285879749667273,0.16838483177709515,0.7278550652814342
1.5169962436927629,0.8302724464125996,0.8302724464125996,1.0,0.8302724464125996
