{
  "O": {
    "calibration_intercept": -1.4200543352151875,
    "calibration_slope": -0.0563763396517974,
    "brier_score": 0.18206857040734112,
    "fit_status": "full_intercept_and_slope"
  },
  "O+S": {
    "calibration_intercept": -1.4166301247315054,
    "calibration_slope": -0.053500201194816466,
    "brier_score": 0.18743978177843088,
    "fit_status": "full_intercept_and_slope"
  },
  "O+D": {
    "calibration_intercept": -1.4329471098436637,
    "calibration_slope": -0.06487502776032271,
    "brier_score": 0.1821557700351212,
    "fit_status": "full_intercept_and_slope"
  },
  "O+S+D": {
    "calibration_intercept": -1.4054723294407623,
    "calibration_slope": -0.04969646085416516,
    "brier_score": 0.18636755211782247,
    "fit_status": "full_intercept_and_slope"
  }
}