n,min_risk,max_risk,observed_event_rate,mean_predicted_risk
4260.509526715116,0.0002508344787971,0.0999962823250519,0.24872230180280913,0.04157515104015601
9231.195166443224,0.100066120115526,0.1999250045406983,0.19673526302206065,0.15029731222449033
3048.5344464052732,0.2000174952717737,0.2998941370402219,0.2177981260667069,0.24134647998218228
479.49367030113984,0.3000736991500264,0.3995191595131379,0.25403519240489636,0.33357043198197545
45.267190135313285,0.4042447451579424,0.4702277108001351,0.29087774138726724,0.4280081459301975
