n,min_risk,max_risk,observed_event_rate,mean_predicted_risk
6631.3358387184,9.918688232947048e-05,0.099993111192075,0.23033673914403122,0.0512779569553524
6269.763492139676,0.1000348405132485,0.1999010330467162,0.20643008571893517,0.14149647188356348
2514.2445382121364,0.200103111741309,0.2999705870708783,0.19566366270968136,0.24316279847602437
1147.865094449834,0.3000716559098725,0.3997536177816096,0.20499686383778712,0.3437898586480578
370.66819479655817,0.4009057692797029,0.4991690541562181,0.22059741557591306,0.4459057017750429
89.59909921288103,0.504118201585824,0.5950493797365219,0.3346558788881254,0.5377807953063807
36.938032169179664,0.6002702689275252,0.6636905877899351,0.3792698159450154,0.6259983513491839
4.585710301400767,0.7120355290054815,0.7120355290054815,0.0,0.7120355290054815
