{
  "O": {
    "calibration_intercept": -0.04817557564273192,
    "calibration_slope": 0.9172568769011707,
    "brier_score": 0.13090207672760806,
    "fit_status": "full_intercept_and_slope"
  },
  "O+S": {
    "calibration_intercept": -0.09247119904169589,
    "calibration_slope": 0.9157578754176229,
    "brier_score": 0.12573775519065788,
    "fit_status": "full_intercept_and_slope"
  },
  "O+D": {
    "calibration_intercept": 0.13223516548656972,
    "calibration_slope": 1.0444984416663197,
    "brier_score": 0.1292870620833187,
    "fit_status": "full_intercept_and_slope"
  },
  "O+S+D": {
    "calibration_intercept": 0.03639953878624221,
    "calibration_slope": 1.0044742838648253,
    "brier_score": 0.123904003190471,
    "fit_status": "full_intercept_and_slope"
  }
}