n,min_risk,max_risk,observed_event_rate,mean_predicted_risk
3596.391167160714,0.0015874407763588,0.099968388216151,0.05985209983396852,0.0459205217861736
9096.8225735164,0.1000011700576253,0.1999259582720294,0.15296963917990167,0.14835571223053318
3458.9854907840795,0.2000206625588928,0.2999736409750917,0.23862776880503125,0.2396652996253197
833.128112902049,0.3001122716818894,0.3984556333882654,0.3900720180894391,0.33352564136484575
71.88464461746578,0.4003152953183884,0.4957914346855366,0.45623548215080545,0.43655764401382063
7.788011019339839,0.5197601852923591,0.5942717548137745,1.0,0.5480816015612822
