n,min_risk,max_risk,observed_event_rate,mean_predicted_risk
5773.332723968045,0.0009734786984277,0.0999650992178507,0.05636228882203697,0.0538201735932069
6241.941301171914,0.1000066679356526,0.1999696421814037,0.14520894981198962,0.1426026019862771
2914.018517583364,0.2000163762435346,0.2999119426847637,0.2521757230242877,0.24463695443732
1443.8823923880614,0.3000196139392407,0.3996563495376473,0.35366368899712847,0.3436025327280359
502.53002688527755,0.4001902201382835,0.4990581122270433,0.4263499928443267,0.43961364775753203
168.5892580042322,0.5001106391075947,0.5976991684183889,0.5073074102359719,0.5373828715574349
18.60568287196502,0.6015860211342793,0.6885460154049527,1.0,0.6335010007931211
1.0009386195355363,0.7089636050621494,0.7089636050621494,1.0,0.7089636050621494
1.099158507651676,0.8405503151545617,0.8405503151545617,1.0,0.8405503151545617
