{
  "mode": "survival",
  "n_rows_ipcw": 3322,
  "weighted_event_rate": 0.0011886954780013159,
  "ppv_npv_thresholds": [
    0.005,
    0.01,
    0.02,
    0.05
  ],
  "models": {
    "O": {
      "risk_column": "risks_1y_o",
      "C_td": 0.6850969106879706,
      "calibration": {
        "calibration_intercept": 1.4529695065475996,
        "calibration_slope": 1.3004346779104194,
        "brier_score": 0.00118693355638949,
        "fit_status": "full_intercept_and_slope"
      },
      "classification": {
        "0.0050": {
          "threshold": 0.005,
          "PPV": NaN,
          "NPV": 0.9988113045219986,
          "sensitivity": 0.0,
          "specificity": 1.0
        },
        "0.0100": {
          "threshold": 0.01,
          "PPV": NaN,
          "NPV": 0.9988113045219986,
          "sensitivity": 0.0,
          "specificity": 1.0
        },
        "0.0200": {
          "threshold": 0.02,
          "PPV": NaN,
          "NPV": 0.9988113045219986,
          "sensitivity": 0.0,
          "specificity": 1.0
        },
        "0.0500": {
          "threshold": 0.05,
          "PPV": NaN,
          "NPV": 0.9988113045219986,
          "sensitivity": 0.0,
          "specificity": 1.0
        }
      },
      "nri": {
        "is_reference": true
      }
    },
    "O+Q": {
      "risk_column": "risks_1y_oq",
      "C_td": 0.5884382245320066,
      "calibration": {
        "calibration_intercept": -3.7350408330897187,
        "calibration_slope": 0.4664374775657202,
        "brier_score": 0.0011886128161121272,
        "fit_status": "full_intercept_and_slope"
      },
      "classification": {
        "0.0050": {
          "threshold": 0.005,
          "PPV": 0.0,
          "NPV": 0.9987755509429388,
          "sensitivity": 0.0,
          "specificity": 0.9707655213984329
        },
        "0.0100": {
          "threshold": 0.01,
          "PPV": 0.0,
          "NPV": 0.9988109465834832,
          "sensitivity": 0.0,
          "specificity": 0.9996986136226642
        },
        "0.0200": {
          "threshold": 0.02,
          "PPV": NaN,
          "NPV": 0.9988113045219986,
          "sensitivity": 0.0,
          "specificity": 1.0
        },
        "0.0500": {
          "threshold": 0.05,
          "PPV": NaN,
          "NPV": 0.9988113045219986,
          "sensitivity": 0.0,
          "specificity": 1.0
        }
      },
      "nri": {
        "cutoff_nri": {
          "0.000000": -0.30952380952380953
        }
      }
    },
    "S": {
      "risk_column": "risks_1y_s",
      "C_td": 0.5821190217876526,
      "calibration": {
        "calibration_intercept": 4.2171384539737495,
        "calibration_slope": 1.7538550327796092,
        "brier_score": 0.001183660986082495,
        "fit_status": "full_intercept_and_slope"
      },
      "classification": {
        "0.0050": {
          "threshold": 0.005,
          "PPV": 0.01572818328209141,
          "NPV": 0.9990877119765947,
          "sensitivity": 0.24684810826429643,
          "specificity": 0.9816154309825197
        },
        "0.0100": {
          "threshold": 0.01,
          "PPV": 0.1631449337435306,
          "NPV": 0.9991031186500992,
          "sensitivity": 0.24684810826429643,
          "specificity": 0.9984930681133213
        },
        "0.0200": {
          "threshold": 0.02,
          "PPV": NaN,
          "NPV": 0.9988113045219986,
          "sensitivity": 0.0,
          "specificity": 1.0
        },
        "0.0500": {
          "threshold": 0.05,
          "PPV": NaN,
          "NPV": 0.9988113045219986,
          "sensitivity": 0.0,
          "specificity": 1.0
        }
      },
      "nri": {
        "cutoff_nri": {
          "0.000000": -0.1681735985533454
        }
      }
    },
    "O+S": {
      "risk_column": "risks_1y_os",
      "C_td": 0.5958117192621918,
      "calibration": {
        "calibration_intercept": 3.176275260539267,
        "calibration_slope": 1.5902151789873837,
        "brier_score": 0.0011828700521063597,
        "fit_status": "full_intercept_and_slope"
      },
      "classification": {
        "0.0050": {
          "threshold": 0.005,
          "PPV": 0.013176796507590167,
          "NPV": 0.9990843414273963,
          "sensitivity": 0.24684810826429643,
          "specificity": 0.9779987944544907
        },
        "0.0100": {
          "threshold": 0.01,
          "PPV": 0.1631449337435306,
          "NPV": 0.9991031186500992,
          "sensitivity": 0.24684810826429643,
          "specificity": 0.9984930681133213
        },
        "0.0200": {
          "threshold": 0.02,
          "PPV": NaN,
          "NPV": 0.9988113045219986,
          "sensitivity": 0.0,
          "specificity": 1.0
        },
        "0.0500": {
          "threshold": 0.05,
          "PPV": NaN,
          "NPV": 0.9988113045219986,
          "sensitivity": 0.0,
          "specificity": 1.0
        }
      },
      "nri": {
        "cutoff_nri": {
          "0.000000": 0.05244122965641956
        }
      }
    },
    "O+Q+S": {
      "risk_column": "risks_1y_oqs",
      "C_td": 0.552185163846029,
      "calibration": {
        "calibration_intercept": 0.05529269659528354,
        "calibration_slope": 1.0751703930333762,
        "brier_score": 0.0011861462376845653,
        "fit_status": "full_intercept_and_slope"
      },
      "classification": {
        "0.0050": {
          "threshold": 0.005,
          "PPV": 0.00937487446063731,
          "NPV": 0.999075805075991,
          "sensitivity": 0.24684810826429643,
          "specificity": 0.9689572031344182
        },
        "0.0100": {
          "threshold": 0.01,
          "PPV": 0.0,
          "NPV": 0.9988105884293389,
          "sensitivity": 0.0,
          "specificity": 0.9993972272453285
        },
        "0.0200": {
          "threshold": 0.02,
          "PPV": NaN,
          "NPV": 0.9988113045219986,
          "sensitivity": 0.0,
          "specificity": 1.0
        },
        "0.0500": {
          "threshold": 0.05,
          "PPV": NaN,
          "NPV": 0.9988113045219986,
          "sensitivity": 0.0,
          "specificity": 1.0
        }
      },
      "nri": {
        "cutoff_nri": {
          "0.000000": 0.08257986738999401
        }
      }
    }
  },
  "n_rows_total": 3413,
  "horizon": 1.0
}