n,min_risk,max_risk,observed_event_rate,mean_predicted_risk
16975.634897328942,0.0045083609190891,0.1998301571706448,0.021399765357468684,0.022007552274922914
74.50773471438728,0.2012807556329991,0.3931251201424393,0.2277432578824062,0.2612955323973234
12.651715689759246,0.4061266252022887,0.5910941850296386,0.1646661631909445,0.4674522242794359
2.205652266934135,0.7228569721453358,0.7626221452679411,0.4676099337154334,0.744027555299897
