{
  "O": {
    "calibration_intercept": 0.4190881266793748,
    "calibration_slope": 1.0680910262993235,
    "brier_score": 0.021758037828983695,
    "fit_status": "full_intercept_and_slope"
  },
  "O+Q": {
    "calibration_intercept": 0.7138747874512189,
    "calibration_slope": 1.1481589015763267,
    "brier_score": 0.021570116093430503,
    "fit_status": "full_intercept_and_slope"
  },
  "S": {
    "calibration_intercept": 0.6755946581447577,
    "calibration_slope": 1.132778333877699,
    "brier_score": 0.021849865082169347,
    "fit_status": "full_intercept_and_slope"
  },
  "O+S": {
    "calibration_intercept": 0.8633632004996804,
    "calibration_slope": 1.182945509623779,
    "brier_score": 0.02174047854735678,
    "fit_status": "full_intercept_and_slope"
  },
  "O+Q+S": {
    "calibration_intercept": 1.134601293696537,
    "calibration_slope": 1.2611371479859577,
    "brier_score": 0.02156127268943525,
    "fit_status": "full_intercept_and_slope"
  }
}