n,min_risk,max_risk,observed_event_rate,mean_predicted_risk
17063.82573264343,0.0080685347167002,0.1894865942823395,0.022466118573607648,0.029841731277932354
1.1742673565937687,0.2016249683912336,0.2016249683912336,0.0,0.2016249683912336
