{
  "O": {
    "calibration_intercept": -0.42099060326786075,
    "calibration_slope": 0.9621602437872917,
    "brier_score": 0.021893534510973745,
    "fit_status": "full_intercept_and_slope"
  },
  "O+S": {
    "calibration_intercept": 0.3212141605984175,
    "calibration_slope": 1.1079822865048685,
    "brier_score": 0.021220519651027118,
    "fit_status": "full_intercept_and_slope"
  },
  "O+D": {
    "calibration_intercept": -0.012016956312144984,
    "calibration_slope": 1.0225534258371531,
    "brier_score": 0.02179132731732999,
    "fit_status": "full_intercept_and_slope"
  },
  "O+S+D": {
    "calibration_intercept": 0.7274053039194643,
    "calibration_slope": 1.1910336910843144,
    "brier_score": 0.021196825732063697,
    "fit_status": "full_intercept_and_slope"
  }
}