n,min_risk,max_risk,observed_event_rate,mean_predicted_risk
17065.00000000006,0.0058334978013888,0.1165790610037075,0.02242572922520928,0.01918210304682404
