n,min_risk,max_risk,observed_event_rate,mean_predicted_risk
17065.00000000006,0.0055966947241109,0.1513572484396345,0.02242572922520928,0.019056875045259825
