n,min_risk,max_risk,observed_event_rate,mean_predicted_risk
17065.00000000006,0.0074964850463488,0.1487351658396778,0.02242572922520928,0.019162807490917942
