n,min_risk,max_risk,observed_event_rate,mean_predicted_risk
17065.00000000006,0.003542236821995,0.1831562334059906,0.02242572922520928,0.019129095419450848
