n,min_risk,max_risk,observed_event_rate,mean_predicted_risk
17063.91573161829,0.005241832267277,0.1918481004289775,0.006902111476989902,0.024389013810310528
1.0842683817143335,0.2557902954439996,0.2557902954439996,1.0,0.2557902954439996
