n,min_risk,max_risk,observed_event_rate,mean_predicted_risk
17065.00000000006,0.0047924999879456,0.1886165575919035,0.02242572922520928,0.019136859539870876
