{
  "O": {
    "calibration_intercept": -4.29775026098617,
    "calibration_slope": 0.18374558762357338,
    "brier_score": 0.007706653294072352,
    "fit_status": "full_intercept_and_slope"
  },
  "O+S": {
    "calibration_intercept": -3.7478857994351955,
    "calibration_slope": 0.3088012321736551,
    "brier_score": 0.007761775939558298,
    "fit_status": "full_intercept_and_slope"
  },
  "O+D": {
    "calibration_intercept": -3.215214592313316,
    "calibration_slope": 0.46452129389682656,
    "brier_score": 0.007342636259389711,
    "fit_status": "full_intercept_and_slope"
  },
  "O+S+D": {
    "calibration_intercept": -3.381838114441659,
    "calibration_slope": 0.3963325733673065,
    "brier_score": 0.00749426656721028,
    "fit_status": "full_intercept_and_slope"
  }
}