n,min_risk,max_risk,observed_event_rate,mean_predicted_risk
17065.000000000022,0.005241832267277,0.1942911935623051,0.0224645726474623,0.02455648133396456
