n,min_risk,max_risk,observed_event_rate,mean_predicted_risk
16993.466970496414,0.0045083609190891,0.1989847243878406,0.006926694969877328,0.021532148123220865
59.60416938603187,0.2012807556329991,0.3931251201424393,0.0193401706938574,0.2668737968215574
10.735974105803344,0.4061266252022887,0.5910941850296386,0.0,0.4753385438033307
1.192886011755927,0.7626221452679411,0.7626221452679411,0.0,0.7626221452679411
