n,min_risk,max_risk,observed_event_rate,mean_predicted_risk
17018.51757674329,0.0049719283646035,0.1994363241118468,0.0069164991400995504,0.019960184861371882
39.32510718618111,0.201173254727764,0.3766806536138719,0.02931345627448221,0.2638326368610542
7.157316070535562,0.4145500754491497,0.5302065718494202,0.0,0.45740014343086777
