n,min_risk,max_risk,observed_event_rate,mean_predicted_risk
17006.790124343872,0.0049719283646035,0.1994363241118468,0.021742504812478438,0.020413216031276563
49.10150169590716,0.201173254727764,0.3766806536138719,0.23471677824198245,0.26222432547108987
9.108373960243345,0.4075626401255333,0.5302065718494202,0.22646960145514516,0.45863360603333075
