n,min_risk,max_risk,observed_event_rate,mean_predicted_risk
17063.80711398825,0.0080685347167002,0.1894865942823395,0.006965697408632073,0.02963549570821212
1.192886011755927,0.2016249683912336,0.2016249683912336,0.0,0.2016249683912336
