{
  "mode": "survival",
  "n_rows_ipcw": 14561,
  "weighted_event_rate": 0.022464572647462305,
  "ppv_npv_thresholds": [
    0.005,
    0.01,
    0.02,
    0.05
  ],
  "models": {
    "O": {
      "risk_column": "risks_5y_o",
      "C_td": 0.6482014849635723,
      "calibration": {
        "calibration_intercept": -0.42099060326786075,
        "calibration_slope": 0.9621602437872917,
        "brier_score": 0.021893534510973745,
        "fit_status": "full_intercept_and_slope"
      },
      "classification": {
        "0.0050": {
          "threshold": 0.005,
          "PPV": 0.022464572647462305,
          "NPV": NaN,
          "sensitivity": 1.0,
          "specificity": 0.0
        },
        "0.0100": {
          "threshold": 0.01,
          "PPV": 0.0228178954658921,
          "NPV": 0.992121096587381,
          "sensitivity": 0.9917049691581038,
          "specificity": 0.024003941996339574
        },
        "0.0200": {
          "threshold": 0.02,
          "PPV": 0.02852664670960081,
          "NPV": 0.9899543649061681,
          "sensitivity": 0.8533187051339896,
          "specificity": 0.33218358440095735
        },
        "0.0500": {
          "threshold": 0.05,
          "PPV": 0.051704763091196156,
          "NPV": 0.981160322810382,
          "sensitivity": 0.2538593160018487,
          "specificity": 0.8930029564972547
        }
      },
      "nri": {
        "is_reference": true
      }
    },
    "O+S": {
      "risk_column": "risks_5y_oq",
      "C_td": 0.728330254329681,
      "calibration": {
        "calibration_intercept": 0.3212141605984175,
        "calibration_slope": 1.1079822865048685,
        "brier_score": 0.021220519651027118,
        "fit_status": "full_intercept_and_slope"
      },
      "classification": {
        "0.0050": {
          "threshold": 0.005,
          "PPV": 0.022469211064294635,
          "NPV": 1.0,
          "sensitivity": 1.0,
          "specificity": 0.00021117837533436582
        },
        "0.0100": {
          "threshold": 0.01,
          "PPV": 0.02490605559460243,
          "NPV": 0.9943947588250263,
          "sensitivity": 0.9684372959867327,
          "specificity": 0.12867802337040687
        },
        "0.0200": {
          "threshold": 0.02,
          "PPV": 0.041065220112105706,
          "NPV": 0.9889408217949307,
          "sensitivity": 0.6948284488023458,
          "specificity": 0.6271293819512882
        },
        "0.0500": {
          "threshold": 0.05,
          "PPV": 0.12102473220866859,
          "NPV": 0.9836223826640498,
          "sensitivity": 0.31336379860282776,
          "specificity": 0.9476981557088554
        }
      },
      "nri": {
        "cutoff_nri": {
          "0.000000": 0.4925100086652536
        }
      }
    },
    "O+D": {
      "risk_column": "risks_5y_os",
      "C_td": 0.645352598655331,
      "calibration": {
        "calibration_intercept": -0.012016956312144984,
        "calibration_slope": 1.0225534258371531,
        "brier_score": 0.02179132731732999,
        "fit_status": "full_intercept_and_slope"
      },
      "classification": {
        "0.0050": {
          "threshold": 0.005,
          "PPV": 0.022464572647462305,
          "NPV": NaN,
          "sensitivity": 1.0,
          "specificity": 0.0
        },
        "0.0100": {
          "threshold": 0.01,
          "PPV": 0.02301822398154497,
          "NPV": 0.9907494615111384,
          "sensitivity": 0.9834406125589147,
          "specificity": 0.0407574264395326
        },
        "0.0200": {
          "threshold": 0.02,
          "PPV": 0.030631383996819708,
          "NPV": 0.9866605124539266,
          "sensitivity": 0.7195529460843444,
          "specificity": 0.47669998592144164
        },
        "0.0500": {
          "threshold": 0.05,
          "PPV": 0.060478195766147144,
          "NPV": 0.9797355610942714,
          "sensitivity": 0.14729062294457063,
          "specificity": 0.9474165845417428
        }
      },
      "nri": {
        "cutoff_nri": {
          "0.000000": 0.047618443308024894
        }
      }
    },
    "O+S+D": {
      "risk_column": "risks_5y_oqs",
      "C_td": 0.7279044927951211,
      "calibration": {
        "calibration_intercept": 0.7274053039194643,
        "calibration_slope": 1.1910336910843144,
        "brier_score": 0.021196825732063697,
        "fit_status": "full_intercept_and_slope"
      },
      "classification": {
        "0.0050": {
          "threshold": 0.005,
          "PPV": 0.02246611857360765,
          "NPV": 1.0,
          "sensitivity": 1.0,
          "specificity": 7.039279177812192e-05
        },
        "0.0100": {
          "threshold": 0.01,
          "PPV": 0.02482991089528564,
          "NPV": 0.9935212415341055,
          "sensitivity": 0.9628273485158111,
          "specificity": 0.1310009854990849
        },
        "0.0200": {
          "threshold": 0.02,
          "PPV": 0.04562396850363459,
          "NPV": 0.9887025017865939,
          "sensitivity": 0.6607012982823545,
          "specificity": 0.6823877234971137
        },
        "0.0500": {
          "threshold": 0.05,
          "PPV": 0.14078862298316103,
          "NPV": 0.9829460172742571,
          "sensitivity": 0.2740455278422466,
          "specificity": 0.9615655356891454
        }
      },
      "nri": {
        "cutoff_nri": {
          "0.000000": 0.49545222907202474
        }
      }
    }
  },
  "n_rows_total": 17065,
  "horizon": 5.0
}