n,min_risk,max_risk,observed_event_rate,mean_predicted_risk
17065.000000000007,0.0004305763064194,0.0112727598107347,0.0005917874448993585,0.0025605312258647397
