n,min_risk,max_risk,observed_event_rate,mean_predicted_risk
17065.000000000015,0.0004526254606753,0.0160249528313569,0.0014771423349639967,0.002442516168284612
