n,min_risk,max_risk,observed_event_rate,mean_predicted_risk
17065.000000000007,0.0004387591720307,0.0220676424563207,0.0005917874448993585,0.002741821160345353
