n,min_risk,max_risk,observed_event_rate,mean_predicted_risk
17065.000000000004,0.0005981212007258,0.0107397423888492,0.001480916766509688,0.0023006184590942756
