{
  "O": {
    "calibration_intercept": -6.1845068173308775,
    "calibration_slope": 0.21215194742809163,
    "brier_score": 0.0006040588640375177,
    "fit_status": "full_intercept_and_slope"
  },
  "O+S": {
    "calibration_intercept": -5.889212347791739,
    "calibration_slope": 0.25486003426214365,
    "brier_score": 0.0005993041941296133,
    "fit_status": "full_intercept_and_slope"
  },
  "O+D": {
    "calibration_intercept": -6.502805398632101,
    "calibration_slope": 0.15192089127373698,
    "brier_score": 0.0005977030514383111,
    "fit_status": "full_intercept_and_slope"
  },
  "O+S+D": {
    "calibration_intercept": -5.804814552312746,
    "calibration_slope": 0.26438935961832133,
    "brier_score": 0.0005971398144429686,
    "fit_status": "full_intercept_and_slope"
  }
}