n,min_risk,max_risk,observed_event_rate,mean_predicted_risk
17065.000000000004,0.0002691302767578,0.0077051990162485,0.001480916766509688,0.0023130593184945863
