{
  "O": {
    "calibration_intercept": 0.5510748824685827,
    "calibration_slope": 1.1701428548432016,
    "brier_score": 0.0014786983825588527,
    "fit_status": "full_intercept_and_slope"
  },
  "O+Q": {
    "calibration_intercept": 1.4037261947249666,
    "calibration_slope": 1.3188805554199767,
    "brier_score": 0.0014776795010793824,
    "fit_status": "full_intercept_and_slope"
  },
  "S": {
    "calibration_intercept": -3.8938900662892593,
    "calibration_slope": 0.42768338299824804,
    "brier_score": 0.001479983718834886,
    "fit_status": "full_intercept_and_slope"
  },
  "O+S": {
    "calibration_intercept": -0.7565698483855067,
    "calibration_slope": 0.9470452335288059,
    "brier_score": 0.0014793270592994674,
    "fit_status": "full_intercept_and_slope"
  },
  "O+Q+S": {
    "calibration_intercept": 0.3741423940670543,
    "calibration_slope": 1.1400075978951494,
    "brier_score": 0.0014786382699124151,
    "fit_status": "full_intercept_and_slope"
  }
}