{
  "O": {
    "calibration_intercept": -0.8041462426699824,
    "calibration_slope": 1.0021970841664014,
    "brier_score": 0.0014799526950369803,
    "fit_status": "full_intercept_and_slope"
  },
  "O+S": {
    "calibration_intercept": 0.7410880403251667,
    "calibration_slope": 1.241375939505905,
    "brier_score": 0.001475599133873789,
    "fit_status": "full_intercept_and_slope"
  },
  "O+D": {
    "calibration_intercept": -0.7593810403503967,
    "calibration_slope": 0.9642458027469781,
    "brier_score": 0.001476423385753017,
    "fit_status": "full_intercept_and_slope"
  },
  "O+S+D": {
    "calibration_intercept": 0.0020778695213668572,
    "calibration_slope": 1.0871958775401158,
    "brier_score": 0.0014755870567049404,
    "fit_status": "full_intercept_and_slope"
  }
}