n,min_risk,max_risk,observed_event_rate,mean_predicted_risk
17065.000000000004,0.0003443552579083,0.0098094240494235,0.001480916766509688,0.0023042015350287883
