n,min_risk,max_risk,observed_event_rate,mean_predicted_risk
17065.000000000004,0.0003284325755605,0.0149438870018917,0.001480916766509688,0.002310360266662085
