n,min_risk,max_risk,observed_event_rate,mean_predicted_risk
17065.000000000015,0.0004387591720307,0.0220676424563207,0.0014771423349639967,0.0027439325524841406
