n,min_risk,max_risk,observed_event_rate,mean_predicted_risk
17065.000000000004,0.000326963365738,0.0192060903147867,0.001480916766509688,0.0023120018891947046
