n,min_risk,max_risk,observed_event_rate,mean_predicted_risk
17065.000000000007,0.0003192189037146,0.0203193307433387,0.0005917874448993585,0.003330052418157172
