n,min_risk,max_risk,observed_event_rate,mean_predicted_risk
17065.000000000015,0.0003192189037146,0.0203193307433387,0.0014771423349639967,0.0033318414494800603
