n,min_risk,max_risk,observed_event_rate,mean_predicted_risk
17065.000000000007,0.0004526254606753,0.0160249528313569,0.0005917874448993585,0.002441219923115049
