n,min_risk,max_risk,observed_event_rate,mean_predicted_risk
17065.000000000015,0.0004305763064194,0.0112727598107347,0.0014771423349639967,0.002561584531611379
