{
  "mode": "survival",
  "n_rows_ipcw": 16693,
  "weighted_event_rate": 0.0014771423349639972,
  "ppv_npv_thresholds": [
    0.005,
    0.01,
    0.02,
    0.05
  ],
  "models": {
    "O": {
      "risk_column": "risks_1y_o",
      "C_td": 0.6942508417347341,
      "calibration": {
        "calibration_intercept": -0.8041462426699824,
        "calibration_slope": 1.0021970841664014,
        "brier_score": 0.0014799526950369803,
        "fit_status": "full_intercept_and_slope"
      },
      "classification": {
        "0.0050": {
          "threshold": 0.005,
          "PPV": 0.0027579855655130883,
          "NPV": 0.9988301504570053,
          "sensitivity": 0.36127201413798776,
          "specificity": 0.8067554595632349
        },
        "0.0100": {
          "threshold": 0.01,
          "PPV": 0.0,
          "NPV": 0.9984949983800486,
          "sensitivity": 0.0,
          "specificity": 0.9814614830813535
        },
        "0.0200": {
          "threshold": 0.02,
          "PPV": 0.0,
          "NPV": 0.9985227691691906,
          "sensitivity": 0.0,
          "specificity": 0.9999400047996161
        },
        "0.0500": {
          "threshold": 0.05,
          "PPV": NaN,
          "NPV": 0.9985228576650359,
          "sensitivity": 0.0,
          "specificity": 1.0
        }
      },
      "nri": {
        "is_reference": true
      }
    },
    "O+S": {
      "risk_column": "risks_1y_oq",
      "C_td": 0.7219298426748548,
      "calibration": {
        "calibration_intercept": 0.7410880403251667,
        "calibration_slope": 1.241375939505905,
        "brier_score": 0.001475599133873789,
        "fit_status": "full_intercept_and_slope"
      },
      "classification": {
        "0.0050": {
          "threshold": 0.005,
          "PPV": 0.003978991293566957,
          "NPV": 0.9988618542382338,
          "sensitivity": 0.32143882488234693,
          "specificity": 0.8809695224382049
        },
        "0.0100": {
          "threshold": 0.01,
          "PPV": 0.012750286101587207,
          "NPV": 0.9985757773460826,
          "sensitivity": 0.04033070488618919,
          "specificity": 0.9953803695704344
        },
        "0.0200": {
          "threshold": 0.02,
          "PPV": 0.0,
          "NPV": 0.9985227691691906,
          "sensitivity": 0.0,
          "specificity": 0.9999400047996161
        },
        "0.0500": {
          "threshold": 0.05,
          "PPV": NaN,
          "NPV": 0.9985228576650359,
          "sensitivity": 0.0,
          "specificity": 1.0
        }
      },
      "nri": {
        "cutoff_nri": {
          "0.000000": 0.3406431485481161
        }
      }
    },
    "O+D": {
      "risk_column": "risks_1y_os",
      "C_td": 0.665276633478538,
      "calibration": {
        "calibration_intercept": -0.7593810403503967,
        "calibration_slope": 0.9642458027469781,
        "brier_score": 0.001476423385753017,
        "fit_status": "full_intercept_and_slope"
      },
      "classification": {
        "0.0050": {
          "threshold": 0.005,
          "PPV": 0.0019949313428327662,
          "NPV": 0.9985733799669244,
          "sensitivity": 0.12006113348916655,
          "specificity": 0.9111471082313415
        },
        "0.0100": {
          "threshold": 0.01,
          "PPV": 0.0,
          "NPV": 0.9985224150797477,
          "sensitivity": 0.0,
          "specificity": 0.9997000239980801
        },
        "0.0200": {
          "threshold": 0.02,
          "PPV": NaN,
          "NPV": 0.9985228576650359,
          "sensitivity": 0.0,
          "specificity": 1.0
        },
        "0.0500": {
          "threshold": 0.05,
          "PPV": NaN,
          "NPV": 0.9985228576650359,
          "sensitivity": 0.0,
          "specificity": 1.0
        }
      },
      "nri": {
        "cutoff_nri": {
          "0.000000": -0.21692344612431014
        }
      }
    },
    "O+S+D": {
      "risk_column": "risks_1y_oqs",
      "C_td": 0.6942175207971593,
      "calibration": {
        "calibration_intercept": 0.0020778695213668572,
        "calibration_slope": 1.0871958775401158,
        "brier_score": 0.0014755870567049404,
        "fit_status": "full_intercept_and_slope"
      },
      "classification": {
        "0.0050": {
          "threshold": 0.005,
          "PPV": 0.002889370456535896,
          "NPV": 0.9986492216102452,
          "sensitivity": 0.16064994099796964,
          "specificity": 0.917986561075114
        },
        "0.0100": {
          "threshold": 0.01,
          "PPV": 0.0,
          "NPV": 0.9985201981690802,
          "sensitivity": 0.0,
          "specificity": 0.9982001439884809
        },
        "0.0200": {
          "threshold": 0.02,
          "PPV": NaN,
          "NPV": 0.9985228576650359,
          "sensitivity": 0.0,
          "specificity": 1.0
        },
        "0.0500": {
          "threshold": 0.05,
          "PPV": NaN,
          "NPV": 0.9985228576650359,
          "sensitivity": 0.0,
          "specificity": 1.0
        }
      },
      "nri": {
        "cutoff_nri": {
          "0.000000": -0.13548356131509465
        }
      }
    }
  },
  "n_rows_total": 17065,
  "horizon": 1.0
}