{
  "mode": "survival",
  "n_rows_ipcw": 2456,
  "weighted_event_rate": 0.020519078064824017,
  "ppv_npv_thresholds": [
    0.005,
    0.01,
    0.02,
    0.05
  ],
  "models": {
    "O": {
      "risk_column": "risks_7y_o",
      "C_td": 0.6610546904989106,
      "calibration": {
        "calibration_intercept": 0.47026065739360884,
        "calibration_slope": 1.0309434973261862,
        "brier_score": 0.0199747549684888,
        "fit_status": "full_intercept_and_slope"
      },
      "classification": {
        "0.0050": {
          "threshold": 0.005,
          "PPV": 0.022681001134964695,
          "NPV": 0.994738391366817,
          "sensitivity": 0.9681750354434988,
          "specificity": 0.12604340567612685
        },
        "0.0100": {
          "threshold": 0.01,
          "PPV": 0.02589089824990668,
          "NPV": 0.9888075610028384,
          "sensitivity": 0.8006498594203355,
          "specificity": 0.3689482470784641
        },
        "0.0200": {
          "threshold": 0.02,
          "PPV": 0.039237885910264926,
          "NPV": 0.9849446595079734,
          "sensitivity": 0.4320515583508828,
          "specificity": 0.7783806343906511
        },
        "0.0500": {
          "threshold": 0.05,
          "PPV": NaN,
          "NPV": 0.979480921935176,
          "sensitivity": 0.0,
          "specificity": 1.0
        }
      },
      "nri": {
        "is_reference": true
      }
    },
    "O+Q": {
      "risk_column": "risks_7y_oq",
      "C_td": 0.6500130772856199,
      "calibration": {
        "calibration_intercept": 0.34932304046229085,
        "calibration_slope": 0.9978132961017775,
        "brier_score": 0.019963512966626826,
        "fit_status": "full_intercept_and_slope"
      },
      "classification": {
        "0.0050": {
          "threshold": 0.005,
          "PPV": 0.022762402179317427,
          "NPV": 0.9965617584756622,
          "sensitivity": 0.9805477464066538,
          "specificity": 0.11811352253756258
        },
        "0.0100": {
          "threshold": 0.01,
          "PPV": 0.026021276845751215,
          "NPV": 0.9894278512443535,
          "sensitivity": 0.8164993006037344,
          "specificity": 0.35976627712854753
        },
        "0.0200": {
          "threshold": 0.02,
          "PPV": 0.044070005731483786,
          "NPV": 0.9858699496740518,
          "sensitivity": 0.4583200828892037,
          "specificity": 0.7917362270450752
        },
        "0.0500": {
          "threshold": 0.05,
          "PPV": 0.06125561618659909,
          "NPV": 0.9796769977281776,
          "sensitivity": 0.01430021510322982,
          "specificity": 0.9954090150250418
        }
      },
      "nri": {
        "cutoff_nri": {
          "0.000000": -0.03144129104062332
        }
      }
    },
    "S": {
      "risk_column": "risks_7y_s",
      "C_td": 0.5743721246317501,
      "calibration": {
        "calibration_intercept": -0.8843893997780108,
        "calibration_slope": 0.7052350915176088,
        "brier_score": 0.020090505801838143,
        "fit_status": "full_intercept_and_slope"
      },
      "classification": {
        "0.0050": {
          "threshold": 0.005,
          "PPV": 0.020527469661196614,
          "NPV": 1.0,
          "sensitivity": 1.0,
          "specificity": 0.00041736227045075116
        },
        "0.0100": {
          "threshold": 0.01,
          "PPV": 0.02196537355565426,
          "NPV": 0.9840475458584925,
          "sensitivity": 0.813000127748899,
          "specificity": 0.24165275459098495
        },
        "0.0200": {
          "threshold": 0.02,
          "PPV": 0.03281625704615797,
          "NPV": 0.98202830036368,
          "sensitivity": 0.27444632156338555,
          "specificity": 0.830550918196995
        },
        "0.0500": {
          "threshold": 0.05,
          "PPV": NaN,
          "NPV": 0.979480921935176,
          "sensitivity": 0.0,
          "specificity": 1.0
        }
      },
      "nri": {
        "cutoff_nri": {
          "0.000000": -0.28013355592654415
        }
      }
    },
    "O+S": {
      "risk_column": "risks_7y_os",
      "C_td": 0.6233171132280754,
      "calibration": {
        "calibration_intercept": -0.3273718618945785,
        "calibration_slope": 0.8338866919692928,
        "brier_score": 0.020052147684952778,
        "fit_status": "full_intercept_and_slope"
      },
      "classification": {
        "0.0050": {
          "threshold": 0.005,
          "PPV": 0.02165275041256893,
          "NPV": 0.9913769596532015,
          "sensitivity": 0.9634358589201893,
          "specificity": 0.0880634390651085
        },
        "0.0100": {
          "threshold": 0.01,
          "PPV": 0.027550702314760575,
          "NPV": 0.9908344767113316,
          "sensitivity": 0.8291609241167242,
          "specificity": 0.3868948247078463
        },
        "0.0200": {
          "threshold": 0.02,
          "PPV": 0.03732852371383795,
          "NPV": 0.9841277354802669,
          "sensitivity": 0.3939891033293727,
          "specificity": 0.7871452420701169
        },
        "0.0500": {
          "threshold": 0.05,
          "PPV": 0.0,
          "NPV": 0.9794725303388034,
          "sensitivity": 0.0,
          "specificity": 0.9995826377295493
        }
      },
      "nri": {
        "cutoff_nri": {
          "0.000000": -0.22175848636616585
        }
      }
    },
    "O+Q+S": {
      "risk_column": "risks_7y_oqs",
      "C_td": 0.6381449442224332,
      "calibration": {
        "calibration_intercept": -0.1984695651023887,
        "calibration_slope": 0.8644049528101595,
        "brier_score": 0.020030809306803964,
        "fit_status": "full_intercept_and_slope"
      },
      "classification": {
        "0.0050": {
          "threshold": 0.005,
          "PPV": 0.021253411115573412,
          "NPV": 0.9870317557522702,
          "sensitivity": 0.9439836053268431,
          "specificity": 0.08931552587646074
        },
        "0.0100": {
          "threshold": 0.01,
          "PPV": 0.026418821944479552,
          "NPV": 0.9891141622228433,
          "sensitivity": 0.7984966488503457,
          "specificity": 0.3835559265442404
        },
        "0.0200": {
          "threshold": 0.02,
          "PPV": 0.04143418461637291,
          "NPV": 0.9851206831496943,
          "sensitivity": 0.42886196031275625,
          "specificity": 0.7921535893155259
        },
        "0.0500": {
          "threshold": 0.05,
          "PPV": 0.0,
          "NPV": 0.9793966959617441,
          "sensitivity": 0.0,
          "specificity": 0.9958263772954924
        }
      },
      "nri": {
        "cutoff_nri": {
          "0.000000": -0.0699499165275459
        }
      }
    }
  },
  "n_rows_total": 3413,
  "horizon": 7.0
}