n,min_risk,max_risk,observed_event_rate,mean_predicted_risk
3356.411779725869,0.0032611878791551,0.0977618291899718,0.01195746822512395,0.014635827741720656
54.39998035824852,0.1005871091598487,0.1979709660678252,0.11504971449668384,0.133339393779411
2.188239915882128,0.2195794018802703,0.2502973904960107,0.0,0.2349383961881405
