{
  "mode": "survival",
  "n_rows_ipcw": 2817,
  "weighted_event_rate": 0.013329708775703185,
  "ppv_npv_thresholds": [
    0.005,
    0.01,
    0.02,
    0.05
  ],
  "models": {
    "O": {
      "risk_column": "risks_5y_o",
      "C_td": 0.6526796884548794,
      "calibration": {
        "calibration_intercept": -0.3208109451864521,
        "calibration_slope": 0.8745402401749707,
        "brier_score": 0.013101163187140549,
        "fit_status": "full_intercept_and_slope"
      },
      "classification": {
        "0.0050": {
          "threshold": 0.005,
          "PPV": 0.015995525103607047,
          "NPV": 0.9948181229656671,
          "sensitivity": 0.9041649366768739,
          "specificity": 0.24855907780979825
        },
        "0.0100": {
          "threshold": 0.01,
          "PPV": 0.0182011852459582,
          "NPV": 0.9918914498207844,
          "sensitivity": 0.7063847648609356,
          "specificity": 0.48523054755043227
        },
        "0.0200": {
          "threshold": 0.02,
          "PPV": 0.03513608954754951,
          "NPV": 0.9891582068586817,
          "sensitivity": 0.2699380383543541,
          "specificity": 0.8998559077809799
        },
        "0.0500": {
          "threshold": 0.05,
          "PPV": NaN,
          "NPV": 0.9866702912242968,
          "sensitivity": 0.0,
          "specificity": 1.0
        }
      },
      "nri": {
        "is_reference": true
      }
    },
    "O+Q": {
      "risk_column": "risks_5y_oq",
      "C_td": 0.6180189506005935,
      "calibration": {
        "calibration_intercept": -0.9556977196804508,
        "calibration_slope": 0.7277790801143108,
        "brier_score": 0.01311995221861419,
        "fit_status": "full_intercept_and_slope"
      },
      "classification": {
        "0.0050": {
          "threshold": 0.005,
          "PPV": 0.0156619445270026,
          "NPV": 0.9935070392925338,
          "sensitivity": 0.876099415350594,
          "specificity": 0.2561239193083573
        },
        "0.0100": {
          "threshold": 0.01,
          "PPV": 0.017634470997316815,
          "NPV": 0.9900125311324539,
          "sensitivity": 0.5782134430063649,
          "specificity": 0.5648414985590777
        },
        "0.0200": {
          "threshold": 0.02,
          "PPV": 0.02383453637209153,
          "NPV": 0.9877968167278869,
          "sensitivity": 0.17317964118697518,
          "specificity": 0.904178674351585
        },
        "0.0500": {
          "threshold": 0.05,
          "PPV": NaN,
          "NPV": 0.9866702912242968,
          "sensitivity": 0.0,
          "specificity": 1.0
        }
      },
      "nri": {
        "cutoff_nri": {
          "0.000000": -0.12203908062135382
        }
      }
    },
    "S": {
      "risk_column": "risks_5y_s",
      "C_td": 0.5925528467547881,
      "calibration": {
        "calibration_intercept": -0.6238114933837898,
        "calibration_slope": 0.8076201193311487,
        "brier_score": 0.013136460689951873,
        "fit_status": "full_intercept_and_slope"
      },
      "classification": {
        "0.0050": {
          "threshold": 0.005,
          "PPV": 0.014744694768473439,
          "NPV": 1.0,
          "sensitivity": 1.0,
          "specificity": 0.0972622478386167
        },
        "0.0100": {
          "threshold": 0.01,
          "PPV": 0.01937991628363329,
          "NPV": 0.9924253529709205,
          "sensitivity": 0.7087699987478846,
          "specificity": 0.5154899135446686
        },
        "0.0200": {
          "threshold": 0.02,
          "PPV": 0.031708988824410214,
          "NPV": 0.9876659609707031,
          "sensitivity": 0.12224650656852563,
          "specificity": 0.9495677233429395
        },
        "0.0500": {
          "threshold": 0.05,
          "PPV": NaN,
          "NPV": 0.9866702912242968,
          "sensitivity": 0.0,
          "specificity": 1.0
        }
      },
      "nri": {
        "cutoff_nri": {
          "0.000000": -0.12720531383988187
        }
      }
    },
    "O+S": {
      "risk_column": "risks_5y_os",
      "C_td": 0.6348491473897337,
      "calibration": {
        "calibration_intercept": -0.48211695601669063,
        "calibration_slope": 0.8369057321548451,
        "brier_score": 0.013125263857653028,
        "fit_status": "full_intercept_and_slope"
      },
      "classification": {
        "0.0050": {
          "threshold": 0.005,
          "PPV": 0.015366606306094065,
          "NPV": 0.9949441413812203,
          "sensitivity": 0.9250704228180469,
          "specificity": 0.19920749279538902
        },
        "0.0100": {
          "threshold": 0.01,
          "PPV": 0.01927372283643505,
          "NPV": 0.9924307325851465,
          "sensitivity": 0.71162221365952,
          "specificity": 0.510806916426513
        },
        "0.0200": {
          "threshold": 0.02,
          "PPV": 0.018899518898602686,
          "NPV": 0.9871813781058653,
          "sensitivity": 0.11916732043728127,
          "specificity": 0.9164265129682998
        },
        "0.0500": {
          "threshold": 0.05,
          "PPV": NaN,
          "NPV": 0.9866702912242968,
          "sensitivity": 0.0,
          "specificity": 1.0
        }
      },
      "nri": {
        "cutoff_nri": {
          "0.000000": -0.020278343993814563
        }
      }
    },
    "O+Q+S": {
      "risk_column": "risks_5y_oqs",
      "C_td": 0.6290300796986203,
      "calibration": {
        "calibration_intercept": -0.8242255363934013,
        "calibration_slope": 0.7579532315047827,
        "brier_score": 0.013130928279401882,
        "fit_status": "full_intercept_and_slope"
      },
      "classification": {
        "0.0050": {
          "threshold": 0.005,
          "PPV": 0.01584000638320803,
          "NPV": 0.9954817636843172,
          "sensitivity": 0.9248447779404367,
          "specificity": 0.22370317002881843
        },
        "0.0100": {
          "threshold": 0.01,
          "PPV": 0.0181438607074487,
          "NPV": 0.9903135366317559,
          "sensitivity": 0.5863551356085511,
          "specificity": 0.5713256484149856
        },
        "0.0200": {
          "threshold": 0.02,
          "PPV": 0.014176727093596062,
          "NPV": 0.9867571608605428,
          "sensitivity": 0.09893012260706174,
          "specificity": 0.9070605187319885
        },
        "0.0500": {
          "threshold": 0.05,
          "PPV": NaN,
          "NPV": 0.9866702912242968,
          "sensitivity": 0.0,
          "specificity": 1.0
        }
      },
      "nri": {
        "cutoff_nri": {
          "0.000000": -0.026340760525760842
        }
      }
    }
  },
  "n_rows_total": 3413,
  "horizon": 5.0
}