{
  "mode": "survival",
  "n_rows_ipcw": 3215,
  "weighted_event_rate": 0.040374152106012265,
  "ppv_npv_thresholds": [
    0.05,
    0.1,
    0.15,
    0.2
  ],
  "models": {
    "O": {
      "risk_column": "risks_3y_o",
      "C_td": 0.6039019869856077,
      "calibration": {
        "calibration_intercept": -0.26965968671968676,
        "calibration_slope": 0.9083284528125538,
        "brier_score": 0.03853095112251797,
        "fit_status": "full_intercept_and_slope"
      },
      "classification": {
        "0.0500": {
          "threshold": 0.05,
          "PPV": 0.06200505010347962,
          "NPV": 0.9656733604618114,
          "sensitivity": 0.33555157403317826,
          "specificity": 0.786432976306394
        },
        "0.1000": {
          "threshold": 0.1,
          "PPV": NaN,
          "NPV": 0.9596258478939877,
          "sensitivity": 0.0,
          "specificity": 1.0
        },
        "0.1500": {
          "threshold": 0.15,
          "PPV": NaN,
          "NPV": 0.9596258478939877,
          "sensitivity": 0.0,
          "specificity": 1.0
        },
        "0.2000": {
          "threshold": 0.2,
          "PPV": NaN,
          "NPV": 0.9596258478939877,
          "sensitivity": 0.0,
          "specificity": 1.0
        }
      },
      "nri": {
        "is_reference": true
      }
    },
    "O+Q": {
      "risk_column": "risks_3y_q",
      "C_td": 0.6975766807207765,
      "calibration": {
        "calibration_intercept": 0.6166188742199942,
        "calibration_slope": 1.2014065836278434,
        "brier_score": 0.03794886509091095,
        "fit_status": "full_intercept_and_slope"
      },
      "classification": {
        "0.0500": {
          "threshold": 0.05,
          "PPV": 0.0817271663233465,
          "NPV": 0.9757209812518851,
          "sensitivity": 0.5671286356314522,
          "specificity": 0.7319052255761116
        },
        "0.1000": {
          "threshold": 0.1,
          "PPV": 0.11264883964173893,
          "NPV": 0.9612072073937298,
          "sensitivity": 0.05974036341454895,
          "specificity": 0.9802012333657903
        },
        "0.1500": {
          "threshold": 0.15,
          "PPV": 0.0,
          "NPV": 0.9595754844925343,
          "sensitivity": 0.0,
          "specificity": 0.9987017202207076
        },
        "0.2000": {
          "threshold": 0.2,
          "PPV": 0.0,
          "NPV": 0.9596132688121443,
          "sensitivity": 0.0,
          "specificity": 0.9996754300551769
        }
      },
      "nri": {
        "cutoff_nri": {
          "0.000000": 0.5208233419077932
        }
      }
    },
    "S": {
      "risk_column": "risks_3y_s",
      "C_td": 0.625784186646233,
      "calibration": {
        "calibration_intercept": 3.4147440872403663,
        "calibration_slope": 2.0830981903102255,
        "brier_score": 0.03849793710086281,
        "fit_status": "full_intercept_and_slope"
      },
      "classification": {
        "0.0500": {
          "threshold": 0.05,
          "PPV": 0.08003807071773857,
          "NPV": 0.9658387363958306,
          "sensitivity": 0.2684686455645056,
          "specificity": 0.8701720220707562
        },
        "0.1000": {
          "threshold": 0.1,
          "PPV": NaN,
          "NPV": 0.9596258478939877,
          "sensitivity": 0.0,
          "specificity": 1.0
        },
        "0.1500": {
          "threshold": 0.15,
          "PPV": NaN,
          "NPV": 0.9596258478939877,
          "sensitivity": 0.0,
          "specificity": 1.0
        },
        "0.2000": {
          "threshold": 0.2,
          "PPV": NaN,
          "NPV": 0.9596258478939877,
          "sensitivity": 0.0,
          "specificity": 1.0
        }
      },
      "nri": {
        "cutoff_nri": {
          "0.000000": -0.07950510349905776
        }
      }
    },
    "O+S": {
      "risk_column": "risks_3y_os",
      "C_td": 0.6354437297294349,
      "calibration": {
        "calibration_intercept": 0.8142003994887704,
        "calibration_slope": 1.2575969478254363,
        "brier_score": 0.03838423766173354,
        "fit_status": "full_intercept_and_slope"
      },
      "classification": {
        "0.0500": {
          "threshold": 0.05,
          "PPV": 0.07066008169058463,
          "NPV": 0.9688569274144068,
          "sensitivity": 0.40882660036636803,
          "specificity": 0.7737747484582927
        },
        "0.1000": {
          "threshold": 0.1,
          "PPV": NaN,
          "NPV": 0.9596258478939877,
          "sensitivity": 0.0,
          "specificity": 1.0
        },
        "0.1500": {
          "threshold": 0.15,
          "PPV": NaN,
          "NPV": 0.9596258478939877,
          "sensitivity": 0.0,
          "specificity": 1.0
        },
        "0.2000": {
          "threshold": 0.2,
          "PPV": NaN,
          "NPV": 0.9596258478939877,
          "sensitivity": 0.0,
          "specificity": 1.0
        }
      },
      "nri": {
        "cutoff_nri": {
          "0.000000": 0.1430869023916445
        }
      }
    },
    "O+Q+S": {
      "risk_column": "risks_3y_qs",
      "C_td": 0.7908816897651075,
      "calibration": {
        "calibration_intercept": 1.0595417337003445,
        "calibration_slope": 1.3761435599721297,
        "brier_score": 0.03645912058299736,
        "fit_status": "full_intercept_and_slope"
      },
      "classification": {
        "0.0500": {
          "threshold": 0.05,
          "PPV": 0.1077300427062931,
          "NPV": 0.9846938120562857,
          "sensitivity": 0.723716383719682,
          "specificity": 0.7478091528724441
        },
        "0.1000": {
          "threshold": 0.1,
          "PPV": 0.17216901190523595,
          "NPV": 0.9698302613991412,
          "sensitivity": 0.30644567699550085,
          "specificity": 0.9380071405387861
        },
        "0.1500": {
          "threshold": 0.15,
          "PPV": 0.339561393331715,
          "NPV": 0.9642101673896672,
          "sensitivity": 0.12692368043899588,
          "specificity": 0.9896137617656604
        },
        "0.2000": {
          "threshold": 0.2,
          "PPV": 0.29192775195835485,
          "NPV": 0.9604028112972973,
          "sensitivity": 0.022263973376511717,
          "specificity": 0.9977280103862382
        }
      },
      "nri": {
        "cutoff_nri": {
          "0.000000": 0.8206484616837912
        }
      }
    }
  },
  "n_rows_total": 3413,
  "horizon": 3.0
}