n,min_risk,max_risk,observed_event_rate,mean_predicted_risk
16851.00000000005,0.0003930199739913,0.1225619663168258,0.0024126578064958795,0.006968600802640743
