n,min_risk,max_risk,observed_event_rate,mean_predicted_risk
17065.00000000011,0.00188679585736,0.0498035205818619,0.00896804630234295,0.007043190451300464
