n,min_risk,max_risk,observed_event_rate,mean_predicted_risk
16851.00000000005,0.001167929584855,0.0272253356884086,0.0024126578064958795,0.006960775688817142
