n,min_risk,max_risk,observed_event_rate,mean_predicted_risk
17065.00000000007,0.0018628692952057,0.0266475259981198,0.008892211203596819,0.006676661309315537
