n,min_risk,max_risk,observed_event_rate,mean_predicted_risk
17065.00000000011,0.001167929584855,0.0272253356884086,0.00896804630234295,0.006961077780119751
