n,min_risk,max_risk,observed_event_rate,mean_predicted_risk
16851.00000000005,0.00188679585736,0.0498035205818619,0.0024126578064958795,0.007032822314928367
