{
  "O": {
    "calibration_intercept": -2.33833937908371,
    "calibration_slope": 0.7412388642741209,
    "brier_score": 0.0024301722725504444,
    "fit_status": "full_intercept_and_slope"
  },
  "O+S": {
    "calibration_intercept": -2.03603040268449,
    "calibration_slope": 0.8037694581677942,
    "brier_score": 0.002433171058275286,
    "fit_status": "full_intercept_and_slope"
  },
  "O+D": {
    "calibration_intercept": -4.889531245438493,
    "calibration_slope": 0.2173837876182883,
    "brier_score": 0.0024607848488135647,
    "fit_status": "full_intercept_and_slope"
  },
  "O+S+D": {
    "calibration_intercept": -4.6849120504958695,
    "calibration_slope": 0.25708615511169447,
    "brier_score": 0.0024618271637328196,
    "fit_status": "full_intercept_and_slope"
  }
}