n,min_risk,max_risk,observed_event_rate,mean_predicted_risk
17065.00000000011,0.0003301406489604,0.1396057019425633,0.00896804630234295,0.007066296757279474
