n,min_risk,max_risk,observed_event_rate,mean_predicted_risk
17065.00000000007,0.0015806588011855,0.0287893845755213,0.008892211203596819,0.006711885294097741
