n,min_risk,max_risk,observed_event_rate,mean_predicted_risk
17065.00000000011,0.0003930199739913,0.0810238032483868,0.00896804630234295,0.007037334524312762
