n,min_risk,max_risk,observed_event_rate,mean_predicted_risk
17065.00000000007,0.0004509499286627,0.0666478043917234,0.008892211203596819,0.00670325220538048
