n,min_risk,max_risk,observed_event_rate,mean_predicted_risk
17065.00000000007,0.0005255497090686,0.0822708175748667,0.008892211203596819,0.006666489360453831
