n,min_risk,max_risk,observed_event_rate,mean_predicted_risk
17065.00000000007,0.0004807135151355,0.0979944585628358,0.008892211203596819,0.0067164887661279975
