n,min_risk,max_risk,observed_event_rate,mean_predicted_risk
16851.00000000005,0.0003301406489604,0.1499548485396139,0.0024126578064958795,0.006991660645078587
