{
  "mode": "survival",
  "n_rows_ipcw": 3343,
  "weighted_event_rate": 0.007696077082612919,
  "ppv_npv_thresholds": [
    0.05,
    0.1,
    0.15,
    0.2
  ],
  "models": {
    "O": {
      "risk_column": "risks_1y_o",
      "C_td": 0.5816120400255815,
      "calibration": {
        "calibration_intercept": 3.346038587697964,
        "calibration_slope": 1.6316909428268183,
        "brier_score": 0.007635440445187904,
        "fit_status": "full_intercept_and_slope"
      },
      "classification": {
        "0.0500": {
          "threshold": 0.05,
          "PPV": NaN,
          "NPV": 0.9923039229173871,
          "sensitivity": 0.0,
          "specificity": 1.0
        },
        "0.1000": {
          "threshold": 0.1,
          "PPV": NaN,
          "NPV": 0.9923039229173871,
          "sensitivity": 0.0,
          "specificity": 1.0
        },
        "0.1500": {
          "threshold": 0.15,
          "PPV": NaN,
          "NPV": 0.9923039229173871,
          "sensitivity": 0.0,
          "specificity": 1.0
        },
        "0.2000": {
          "threshold": 0.2,
          "PPV": NaN,
          "NPV": 0.9923039229173871,
          "sensitivity": 0.0,
          "specificity": 1.0
        }
      },
      "nri": {
        "is_reference": true
      }
    },
    "O+Q": {
      "risk_column": "risks_1y_oq",
      "C_td": 0.6068953682795877,
      "calibration": {
        "calibration_intercept": 2.550907408958436,
        "calibration_slope": 1.4756870765892531,
        "brier_score": 0.007631949083319098,
        "fit_status": "full_intercept_and_slope"
      },
      "classification": {
        "0.0500": {
          "threshold": 0.05,
          "PPV": NaN,
          "NPV": 0.9923039229173871,
          "sensitivity": 0.0,
          "specificity": 1.0
        },
        "0.1000": {
          "threshold": 0.1,
          "PPV": NaN,
          "NPV": 0.9923039229173871,
          "sensitivity": 0.0,
          "specificity": 1.0
        },
        "0.1500": {
          "threshold": 0.15,
          "PPV": NaN,
          "NPV": 0.9923039229173871,
          "sensitivity": 0.0,
          "specificity": 1.0
        },
        "0.2000": {
          "threshold": 0.2,
          "PPV": NaN,
          "NPV": 0.9923039229173871,
          "sensitivity": 0.0,
          "specificity": 1.0
        }
      },
      "nri": {
        "cutoff_nri": {
          "0.000000": 0.16525590779434607
        }
      }
    },
    "S": {
      "risk_column": "risks_1y_s",
      "C_td": 0.558614324195864,
      "calibration": {
        "calibration_intercept": 1.7056356488973567,
        "calibration_slope": 1.302491686611484,
        "brier_score": 0.007636686460539363,
        "fit_status": "full_intercept_and_slope"
      },
      "classification": {
        "0.0500": {
          "threshold": 0.05,
          "PPV": NaN,
          "NPV": 0.9923039229173871,
          "sensitivity": 0.0,
          "specificity": 1.0
        },
        "0.1000": {
          "threshold": 0.1,
          "PPV": NaN,
          "NPV": 0.9923039229173871,
          "sensitivity": 0.0,
          "specificity": 1.0
        },
        "0.1500": {
          "threshold": 0.15,
          "PPV": NaN,
          "NPV": 0.9923039229173871,
          "sensitivity": 0.0,
          "specificity": 1.0
        },
        "0.2000": {
          "threshold": 0.2,
          "PPV": NaN,
          "NPV": 0.9923039229173871,
          "sensitivity": 0.0,
          "specificity": 1.0
        }
      },
      "nri": {
        "cutoff_nri": {
          "0.000000": -0.17499594165255905
        }
      }
    },
    "O+S": {
      "risk_column": "risks_1y_os",
      "C_td": 0.5762545505295461,
      "calibration": {
        "calibration_intercept": 2.3410869336115883,
        "calibration_slope": 1.429260325899721,
        "brier_score": 0.0076364124989767345,
        "fit_status": "full_intercept_and_slope"
      },
      "classification": {
        "0.0500": {
          "threshold": 0.05,
          "PPV": NaN,
          "NPV": 0.9923039229173871,
          "sensitivity": 0.0,
          "specificity": 1.0
        },
        "0.1000": {
          "threshold": 0.1,
          "PPV": NaN,
          "NPV": 0.9923039229173871,
          "sensitivity": 0.0,
          "specificity": 1.0
        },
        "0.1500": {
          "threshold": 0.15,
          "PPV": NaN,
          "NPV": 0.9923039229173871,
          "sensitivity": 0.0,
          "specificity": 1.0
        },
        "0.2000": {
          "threshold": 0.2,
          "PPV": NaN,
          "NPV": 0.9923039229173871,
          "sensitivity": 0.0,
          "specificity": 1.0
        }
      },
      "nri": {
        "cutoff_nri": {
          "0.000000": -0.20514366549940866
        }
      }
    },
    "O+Q+S": {
      "risk_column": "risks_1y_oqs",
      "C_td": 0.7562109215816463,
      "calibration": {
        "calibration_intercept": 3.327768500500185,
        "calibration_slope": 1.6930654636931788,
        "brier_score": 0.007588587914632359,
        "fit_status": "full_intercept_and_slope"
      },
      "classification": {
        "0.0500": {
          "threshold": 0.05,
          "PPV": NaN,
          "NPV": 0.9923039229173871,
          "sensitivity": 0.0,
          "specificity": 1.0
        },
        "0.1000": {
          "threshold": 0.1,
          "PPV": NaN,
          "NPV": 0.9923039229173871,
          "sensitivity": 0.0,
          "specificity": 1.0
        },
        "0.1500": {
          "threshold": 0.15,
          "PPV": NaN,
          "NPV": 0.9923039229173871,
          "sensitivity": 0.0,
          "specificity": 1.0
        },
        "0.2000": {
          "threshold": 0.2,
          "PPV": NaN,
          "NPV": 0.9923039229173871,
          "sensitivity": 0.0,
          "specificity": 1.0
        }
      },
      "nri": {
        "cutoff_nri": {
          "0.000000": 0.601910901880754
        }
      }
    }
  },
  "n_rows_total": 3413,
  "horizon": 1.0
}