{
  "mode": "survival",
  "n_rows_ipcw": 3098,
  "weighted_event_rate": 0.005165240631726791,
  "ppv_npv_thresholds": [
    0.005,
    0.01,
    0.02,
    0.05
  ],
  "models": {
    "O": {
      "risk_column": "risks_3y_o",
      "C_td": 0.6476821833933921,
      "calibration": {
        "calibration_intercept": -1.2816015641813774,
        "calibration_slope": 0.7926855847584622,
        "brier_score": 0.0051387813770893825,
        "fit_status": "full_intercept_and_slope"
      },
      "classification": {
        "0.0050": {
          "threshold": 0.005,
          "PPV": 0.006719614607097082,
          "NPV": 0.997511143135792,
          "sensitivity": 0.8229700606921808,
          "specificity": 0.36838688737422914
        },
        "0.0100": {
          "threshold": 0.01,
          "PPV": 0.01016480360973104,
          "NPV": 0.9959061580739693,
          "sensitivity": 0.3472978214415383,
          "specificity": 0.8244076598506977
        },
        "0.0200": {
          "threshold": 0.02,
          "PPV": 0.0,
          "NPV": 0.9948230581635334,
          "sensitivity": 0.0,
          "specificity": 0.9977280103862383
        },
        "0.0500": {
          "threshold": 0.05,
          "PPV": NaN,
          "NPV": 0.9948347593682731,
          "sensitivity": 0.0,
          "specificity": 1.0
        }
      },
      "nri": {
        "is_reference": true
      }
    },
    "O+Q": {
      "risk_column": "risks_3y_q",
      "C_td": 0.6548887173343068,
      "calibration": {
        "calibration_intercept": -0.994445035587138,
        "calibration_slope": 0.8493168320152004,
        "brier_score": 0.005138231806531611,
        "fit_status": "full_intercept_and_slope"
      },
      "classification": {
        "0.0050": {
          "threshold": 0.005,
          "PPV": 0.006728077840542324,
          "NPV": 0.9970361627653488,
          "sensitivity": 0.7617679661669134,
          "specificity": 0.41609866926322614
        },
        "0.0100": {
          "threshold": 0.01,
          "PPV": 0.008118228794464697,
          "NPV": 0.9955148022470077,
          "sensitivity": 0.2941967810837273,
          "specificity": 0.8133722817267122
        },
        "0.0200": {
          "threshold": 0.02,
          "PPV": 0.013187632382942899,
          "NPV": 0.9950173210820041,
          "sensitivity": 0.05680804651086554,
          "specificity": 0.9779292437520286
        },
        "0.0500": {
          "threshold": 0.05,
          "PPV": NaN,
          "NPV": 0.9948347593682731,
          "sensitivity": 0.0,
          "specificity": 1.0
        }
      },
      "nri": {
        "cutoff_nri": {
          "0.000000": 0.09339977471027355
        }
      }
    },
    "S": {
      "risk_column": "risks_3y_s",
      "C_td": 0.6032766530619538,
      "calibration": {
        "calibration_intercept": -0.5221822433899332,
        "calibration_slope": 0.9479360000623983,
        "brier_score": 0.005135476347821399,
        "fit_status": "full_intercept_and_slope"
      },
      "classification": {
        "0.0050": {
          "threshold": 0.005,
          "PPV": 0.005692932608331238,
          "NPV": 0.9960443093334412,
          "sensitivity": 0.7673773767218326,
          "specificity": 0.30412203829925344
        },
        "0.0100": {
          "threshold": 0.01,
          "PPV": 0.01160328881603815,
          "NPV": 0.9957997187937917,
          "sensitivity": 0.29281370541876944,
          "specificity": 0.8704965920155795
        },
        "0.0200": {
          "threshold": 0.02,
          "PPV": 0.0,
          "NPV": 0.9948264067711051,
          "sensitivity": 0.0,
          "specificity": 0.9983771502758845
        },
        "0.0500": {
          "threshold": 0.05,
          "PPV": NaN,
          "NPV": 0.9948347593682731,
          "sensitivity": 0.0,
          "specificity": 1.0
        }
      },
      "nri": {
        "cutoff_nri": {
          "0.000000": 0.01760314641922983
        }
      }
    },
    "O+S": {
      "risk_column": "risks_3y_os",
      "C_td": 0.6545444680651777,
      "calibration": {
        "calibration_intercept": -0.4238825954245422,
        "calibration_slope": 0.9688764467084454,
        "brier_score": 0.00513650220241816,
        "fit_status": "full_intercept_and_slope"
      },
      "classification": {
        "0.0050": {
          "threshold": 0.005,
          "PPV": 0.007125893329829801,
          "NPV": 0.9977600208196072,
          "sensitivity": 0.8259763542619242,
          "specificity": 0.40246673158065566
        },
        "0.0100": {
          "threshold": 0.01,
          "PPV": 0.012678749871274484,
          "NPV": 0.9966010509933628,
          "sensitivity": 0.46720730906404284,
          "specificity": 0.8111002921129503
        },
        "0.0200": {
          "threshold": 0.02,
          "PPV": 0.0,
          "NPV": 0.9947859353337848,
          "sensitivity": 0.0,
          "specificity": 0.9905874716001298
        },
        "0.0500": {
          "threshold": 0.05,
          "PPV": NaN,
          "NPV": 0.9948347593682731,
          "sensitivity": 0.0,
          "specificity": 1.0
        }
      },
      "nri": {
        "cutoff_nri": {
          "0.000000": 0.13395192546346685
        }
      }
    },
    "O+Q+S": {
      "risk_column": "risks_3y_qs",
      "C_td": 0.6583829878607659,
      "calibration": {
        "calibration_intercept": -0.7318299491690301,
        "calibration_slope": 0.9033550231526014,
        "brier_score": 0.0051378124691073635,
        "fit_status": "full_intercept_and_slope"
      },
      "classification": {
        "0.0050": {
          "threshold": 0.005,
          "PPV": 0.005758692178858293,
          "NPV": 0.9956565704953619,
          "sensitivity": 0.6473934040984503,
          "specificity": 0.4196689386562804
        },
        "0.0100": {
          "threshold": 0.01,
          "PPV": 0.00988893276872194,
          "NPV": 0.9958971024841758,
          "sensitivity": 0.3515139769623826,
          "specificity": 0.8172671210645894
        },
        "0.0200": {
          "threshold": 0.02,
          "PPV": 0.01569267649656079,
          "NPV": 0.99503535592281,
          "sensitivity": 0.05680804651086554,
          "specificity": 0.9814995131450828
        },
        "0.0500": {
          "threshold": 0.05,
          "PPV": NaN,
          "NPV": 0.9948347593682731,
          "sensitivity": 0.0,
          "specificity": 1.0
        }
      },
      "nri": {
        "cutoff_nri": {
          "0.000000": 0.10783359108005425
        }
      }
    }
  },
  "n_rows_total": 3413,
  "horizon": 3.0
}