n,min_risk,max_risk,observed_event_rate,mean_predicted_risk
17065.000000000022,2.6579171780495e-05,0.0456438381258437,0.0030211004711162164,0.012138134707302198
