n,min_risk,max_risk,observed_event_rate,mean_predicted_risk
17063.979274962796,3.944496940389345e-05,0.0897345768562231,0.0030212811858745473,0.011980910441913878
1.0207250372246475,0.1273094343765468,0.1273094343765468,0.0,0.1273094343765468
