n,min_risk,max_risk,observed_event_rate,mean_predicted_risk
17065.000000000004,2.6579171780495e-05,0.0456438381258437,0.012960951774550122,0.01219380490610742
