{
  "O": {
    "calibration_intercept": 0.3815055078578438,
    "calibration_slope": 1.0765674948826933,
    "brier_score": 0.01272666500164886,
    "fit_status": "full_intercept_and_slope"
  },
  "O+S": {
    "calibration_intercept": 0.5576871632711963,
    "calibration_slope": 1.1224614801938813,
    "brier_score": 0.012661019206918022,
    "fit_status": "full_intercept_and_slope"
  },
  "O+D": {
    "calibration_intercept": 1.7153258104198423,
    "calibration_slope": 1.3945904053135239,
    "brier_score": 0.012692038693669276,
    "fit_status": "full_intercept_and_slope"
  },
  "O+S+D": {
    "calibration_intercept": 1.05652973186962,
    "calibration_slope": 1.2460154745367038,
    "brier_score": 0.012629991224646345,
    "fit_status": "full_intercept_and_slope"
  }
}