{
  "O": {
    "calibration_intercept": -4.979833892672792,
    "calibration_slope": 0.17310563056356945,
    "brier_score": 0.0031377922484087046,
    "fit_status": "full_intercept_and_slope"
  },
  "O+S": {
    "calibration_intercept": -3.9730090976126218,
    "calibration_slope": 0.39067326459834845,
    "brier_score": 0.003163652067640624,
    "fit_status": "full_intercept_and_slope"
  },
  "O+D": {
    "calibration_intercept": -4.324825216587894,
    "calibration_slope": 0.31843145964579367,
    "brier_score": 0.0031259130221304512,
    "fit_status": "full_intercept_and_slope"
  },
  "O+S+D": {
    "calibration_intercept": -3.4007685995416708,
    "calibration_slope": 0.5213380904015166,
    "brier_score": 0.0031520251235060046,
    "fit_status": "full_intercept_and_slope"
  }
}