n,min_risk,max_risk,observed_event_rate,mean_predicted_risk
17065.000000000004,6.82027985233514e-05,0.0631029465980335,0.012960951774550122,0.012007142141855708
