n,min_risk,max_risk,observed_event_rate,mean_predicted_risk
17065.000000000022,6.82027985233514e-05,0.0631029465980335,0.0030211004711162164,0.011937746109916148
