n,min_risk,max_risk,observed_event_rate,mean_predicted_risk
17065.000000000004,2.2264167559324287e-05,0.0875794080069529,0.012960951774550122,0.01216860780997556
