n,min_risk,max_risk,observed_event_rate,mean_predicted_risk
17065.0,0.0017694423384248,0.0440440998611377,0.012945464197922477,0.01174834365646226
