n,min_risk,max_risk,observed_event_rate,mean_predicted_risk
17065.000000000022,2.2264167559324287e-05,0.0875794080069529,0.0030211004711162164,0.01206514777280176
