{
  "O": {
    "calibration_intercept": -0.1817834521783308,
    "calibration_slope": 0.9364036943515165,
    "brier_score": 0.012756958095680043,
    "fit_status": "full_intercept_and_slope"
  },
  "O+Q": {
    "calibration_intercept": 0.5731063313836994,
    "calibration_slope": 1.113092264089006,
    "brier_score": 0.01271106783308389,
    "fit_status": "full_intercept_and_slope"
  },
  "S": {
    "calibration_intercept": 3.0036453689246896,
    "calibration_slope": 1.663597286129221,
    "brier_score": 0.012753263815003977,
    "fit_status": "full_intercept_and_slope"
  },
  "O+S": {
    "calibration_intercept": 1.1764339840571894,
    "calibration_slope": 1.2478766671329906,
    "brier_score": 0.01274126065721971,
    "fit_status": "full_intercept_and_slope"
  },
  "O+Q+S": {
    "calibration_intercept": 1.0106597564378073,
    "calibration_slope": 1.2306235332613098,
    "brier_score": 0.012573995845043583,
    "fit_status": "full_intercept_and_slope"
  }
}