n,min_risk,max_risk,observed_event_rate,mean_predicted_risk
17065.0,0.0031433218350662,0.0290471050407384,0.012945464197922477,0.011733393624643651
