n,min_risk,max_risk,observed_event_rate,mean_predicted_risk
17065.0,0.0011850413045525,0.0320946317904724,0.012945464197922477,0.0117714895090675
