n,min_risk,max_risk,observed_event_rate,mean_predicted_risk
17065.0,0.0009909315576686,0.0630241611349047,0.012945464197922477,0.011823849068560415
