{
  "mode": "survival",
  "n_rows_ipcw": 2445,
  "weighted_event_rate": 0.015806972372188664,
  "ppv_npv_thresholds": [
    0.005,
    0.01,
    0.02,
    0.05
  ],
  "models": {
    "O": {
      "risk_column": "risks_7y_o",
      "C_td": 0.6727113721646026,
      "calibration": {
        "calibration_intercept": 2.6805843943807166,
        "calibration_slope": 1.565974414886429,
        "brier_score": 0.01547091117791394,
        "fit_status": "full_intercept_and_slope"
      },
      "classification": {
        "0.0050": {
          "threshold": 0.005,
          "PPV": 0.015806972372188664,
          "NPV": NaN,
          "sensitivity": 1.0,
          "specificity": 0.0
        },
        "0.0100": {
          "threshold": 0.01,
          "PPV": 0.022730048052854227,
          "NPV": 0.9925035449431548,
          "sensitivity": 0.7844718612514828,
          "specificity": 0.45829858215179314
        },
        "0.0200": {
          "threshold": 0.02,
          "PPV": 0.037819988071940064,
          "NPV": 0.9880432217286504,
          "sensitivity": 0.35618275993289955,
          "specificity": 0.8544620517097581
        },
        "0.0500": {
          "threshold": 0.05,
          "PPV": NaN,
          "NPV": 0.9841930276278114,
          "sensitivity": 0.0,
          "specificity": 1.0
        }
      },
      "nri": {
        "is_reference": true
      }
    },
    "O+Q": {
      "risk_column": "risks_7y_oq",
      "C_td": 0.6781388395961281,
      "calibration": {
        "calibration_intercept": 2.7333461678616966,
        "calibration_slope": 1.5703714548219796,
        "brier_score": 0.015463083043590039,
        "fit_status": "full_intercept_and_slope"
      },
      "classification": {
        "0.0050": {
          "threshold": 0.005,
          "PPV": 0.015806972372188664,
          "NPV": NaN,
          "sensitivity": 1.0,
          "specificity": 0.0
        },
        "0.0100": {
          "threshold": 0.01,
          "PPV": 0.026045050799630813,
          "NPV": 0.9918317274667483,
          "sensitivity": 0.7040551928659231,
          "specificity": 0.5771476230191827
        },
        "0.0200": {
          "threshold": 0.02,
          "PPV": 0.04421189924882235,
          "NPV": 0.9872159898214574,
          "sensitivity": 0.26903450354881875,
          "specificity": 0.9065888240200166
        },
        "0.0500": {
          "threshold": 0.05,
          "PPV": 0.0,
          "NPV": 0.984180041895982,
          "sensitivity": 0.0,
          "specificity": 0.9991659716430359
        }
      },
      "nri": {
        "cutoff_nri": {
          "0.000000": -0.04555214451759443
        }
      }
    },
    "S": {
      "risk_column": "risks_7y_s",
      "C_td": 0.6565266063216463,
      "calibration": {
        "calibration_intercept": 4.6484715392538565,
        "calibration_slope": 2.023370311076974,
        "brier_score": 0.01548356065414827,
        "fit_status": "full_intercept_and_slope"
      },
      "classification": {
        "0.0050": {
          "threshold": 0.005,
          "PPV": 0.015806972372188664,
          "NPV": NaN,
          "sensitivity": 1.0,
          "specificity": 0.0
        },
        "0.0100": {
          "threshold": 0.01,
          "PPV": 0.018966761374440432,
          "NPV": 0.9895167134492383,
          "sensitivity": 0.7529794578111391,
          "specificity": 0.3744787322768974
        },
        "0.0200": {
          "threshold": 0.02,
          "PPV": 0.06372753141305817,
          "NPV": 0.9876380537819576,
          "sensitivity": 0.2703950174136734,
          "specificity": 0.9361968306922436
        },
        "0.0500": {
          "threshold": 0.05,
          "PPV": NaN,
          "NPV": 0.9841930276278114,
          "sensitivity": 0.0,
          "specificity": 1.0
        }
      },
      "nri": {
        "cutoff_nri": {
          "0.000000": -0.14469504729118243
        }
      }
    },
    "O+S": {
      "risk_column": "risks_7y_os",
      "C_td": 0.7034771871833402,
      "calibration": {
        "calibration_intercept": 3.8477821948947066,
        "calibration_slope": 1.8405618729654216,
        "brier_score": 0.0154610540855238,
        "fit_status": "full_intercept_and_slope"
      },
      "classification": {
        "0.0050": {
          "threshold": 0.005,
          "PPV": 0.015806972372188664,
          "NPV": NaN,
          "sensitivity": 1.0,
          "specificity": 0.0
        },
        "0.0100": {
          "threshold": 0.01,
          "PPV": 0.025889860416094788,
          "NPV": 0.9947504527734353,
          "sensitivity": 0.8377660228338351,
          "specificity": 0.49374478732276894
        },
        "0.0200": {
          "threshold": 0.02,
          "PPV": 0.04218134286666245,
          "NPV": 0.9871741937905825,
          "sensitivity": 0.2709991111011401,
          "specificity": 0.9011676396997498
        },
        "0.0500": {
          "threshold": 0.05,
          "PPV": NaN,
          "NPV": 0.9841930276278114,
          "sensitivity": 0.0,
          "specificity": 1.0
        }
      },
      "nri": {
        "cutoff_nri": {
          "0.000000": 0.028782850957358053
        }
      }
    },
    "O+Q+S": {
      "risk_column": "risks_7y_oqs",
      "C_td": 0.7071079399945127,
      "calibration": {
        "calibration_intercept": 3.974739291240427,
        "calibration_slope": 1.8675343334089454,
        "brier_score": 0.01546853072545415,
        "fit_status": "full_intercept_and_slope"
      },
      "classification": {
        "0.0050": {
          "threshold": 0.005,
          "PPV": 0.015806972372188664,
          "NPV": NaN,
          "sensitivity": 1.0,
          "specificity": 0.0
        },
        "0.0100": {
          "threshold": 0.01,
          "PPV": 0.025637341667102728,
          "NPV": 0.9946378916889148,
          "sensitivity": 0.8355284217967682,
          "specificity": 0.4899916597164304
        },
        "0.0200": {
          "threshold": 0.02,
          "PPV": 0.05280040645630343,
          "NPV": 0.9877222904470594,
          "sensitivity": 0.2909204369330927,
          "specificity": 0.9161801501251042
        },
        "0.0500": {
          "threshold": 0.05,
          "PPV": NaN,
          "NPV": 0.9841930276278114,
          "sensitivity": 0.0,
          "specificity": 1.0
        }
      },
      "nri": {
        "cutoff_nri": {
          "0.000000": 0.0796763260163611
        }
      }
    }
  },
  "n_rows_total": 3413,
  "horizon": 7.0
}