{
  "mode": "survival",
  "n_rows_ipcw": 600,
  "weighted_event_rate": 0.018531356399578106,
  "ppv_npv_thresholds": [
    0.005,
    0.01,
    0.02,
    0.05
  ],
  "models": {
    "O": {
      "risk_column": "risks_10y_o",
      "C_td": 0.6176875649114657,
      "calibration": {
        "calibration_intercept": 2.779086218719557,
        "calibration_slope": 1.6036196311579844,
        "brier_score": 0.018050983312148588,
        "fit_status": "full_intercept_and_slope"
      },
      "classification": {
        "0.0050": {
          "threshold": 0.005,
          "PPV": 0.018531356399578106,
          "NPV": NaN,
          "sensitivity": 1.0,
          "specificity": 0.0
        },
        "0.0100": {
          "threshold": 0.01,
          "PPV": 0.022719922462059346,
          "NPV": 0.9935336224199821,
          "sensitivity": 0.9100769298477223,
          "specificity": 0.26086956521739124
        },
        "0.0200": {
          "threshold": 0.02,
          "PPV": 0.057478187062009904,
          "NPV": 0.9871998937368969,
          "sensitivity": 0.3978787153256024,
          "specificity": 0.8768115942028986
        },
        "0.0500": {
          "threshold": 0.05,
          "PPV": NaN,
          "NPV": 0.981468643600422,
          "sensitivity": 0.0,
          "specificity": 1.0
        }
      },
      "nri": {
        "is_reference": true
      }
    },
    "O+Q": {
      "risk_column": "risks_10y_oq",
      "C_td": 0.6087460072002969,
      "calibration": {
        "calibration_intercept": 0.5013198093494203,
        "calibration_slope": 1.0319155427020765,
        "brier_score": 0.018084020618127878,
        "fit_status": "full_intercept_and_slope"
      },
      "classification": {
        "0.0050": {
          "threshold": 0.005,
          "PPV": 0.019178657390677645,
          "NPV": 0.9937419977084401,
          "sensitivity": 0.9830819522052614,
          "specificity": 0.05072463768115942
        },
        "0.0100": {
          "threshold": 0.01,
          "PPV": 0.027469074779060066,
          "NPV": 0.9909806860662992,
          "sensitivity": 0.76422257502858,
          "specificity": 0.48913043478260865
        },
        "0.0200": {
          "threshold": 0.02,
          "PPV": 0.05061538647913804,
          "NPV": 0.9866304900511619,
          "sensitivity": 0.3785316788342379,
          "specificity": 0.8659420289855073
        },
        "0.0500": {
          "threshold": 0.05,
          "PPV": 0.0,
          "NPV": 0.9814025100742924,
          "sensitivity": 0.0,
          "specificity": 0.9963768115942029
        }
      },
      "nri": {
        "cutoff_nri": {
          "0.000000": 0.018115942028985477
        }
      }
    },
    "S": {
      "risk_column": "risks_10y_s",
      "C_td": 0.5713701667332102,
      "calibration": {
        "calibration_intercept": -0.0909094458580815,
        "calibration_slope": 0.9395246301930146,
        "brier_score": 0.01813671945788463,
        "fit_status": "full_intercept_and_slope"
      },
      "classification": {
        "0.0050": {
          "threshold": 0.005,
          "PPV": 0.018531356399578106,
          "NPV": NaN,
          "sensitivity": 1.0,
          "specificity": 0.0
        },
        "0.0100": {
          "threshold": 0.01,
          "PPV": 0.019175661695994484,
          "NPV": 0.989791147404143,
          "sensitivity": 0.9604156514471796,
          "specificity": 0.07246376811594202
        },
        "0.0200": {
          "threshold": 0.02,
          "PPV": 0.03138492388004356,
          "NPV": 0.9843232563179936,
          "sensitivity": 0.30777631296321284,
          "specificity": 0.8206521739130436
        },
        "0.0500": {
          "threshold": 0.05,
          "PPV": 0.08583053421691221,
          "NPV": 0.9818636308996771,
          "sensitivity": 0.027025049732685547,
          "specificity": 0.9945652173913043
        }
      },
      "nri": {
        "cutoff_nri": {
          "0.000000": -0.3224637681159421
        }
      }
    },
    "O+S": {
      "risk_column": "risks_10y_os",
      "C_td": 0.6298486416833488,
      "calibration": {
        "calibration_intercept": 2.6129242020121537,
        "calibration_slope": 1.5761486911725375,
        "brier_score": 0.018079285302881692,
        "fit_status": "full_intercept_and_slope"
      },
      "classification": {
        "0.0050": {
          "threshold": 0.005,
          "PPV": 0.018531356399578106,
          "NPV": NaN,
          "sensitivity": 1.0,
          "specificity": 0.0
        },
        "0.0100": {
          "threshold": 0.01,
          "PPV": 0.01994706712131755,
          "NPV": 0.9896626476310506,
          "sensitivity": 0.917820000121279,
          "specificity": 0.14855072463768113
        },
        "0.0200": {
          "threshold": 0.02,
          "PPV": 0.05308181942406824,
          "NPV": 0.9874864541926888,
          "sensitivity": 0.4249037650582879,
          "specificity": 0.8568840579710144
        },
        "0.0500": {
          "threshold": 0.05,
          "PPV": NaN,
          "NPV": 0.981468643600422,
          "sensitivity": 0.0,
          "specificity": 1.0
        }
      },
      "nri": {
        "cutoff_nri": {
          "0.000000": -0.06702898550724634
        }
      }
    },
    "O+Q+S": {
      "risk_column": "risks_10y_oqs",
      "C_td": 0.6060136426619179,
      "calibration": {
        "calibration_intercept": 1.4340591037836903,
        "calibration_slope": 1.2866114511710505,
        "brier_score": 0.018094942219308827,
        "fit_status": "full_intercept_and_slope"
      },
      "classification": {
        "0.0050": {
          "threshold": 0.005,
          "PPV": 0.018531356399578106,
          "NPV": NaN,
          "sensitivity": 1.0,
          "specificity": 0.0
        },
        "0.0100": {
          "threshold": 0.01,
          "PPV": 0.020390576108046753,
          "NPV": 0.9879405264141072,
          "sensitivity": 0.8547723273775839,
          "specificity": 0.22463768115942026
        },
        "0.0200": {
          "threshold": 0.02,
          "PPV": 0.04989030642632985,
          "NPV": 0.9870713831849934,
          "sensitivity": 0.40809153282017707,
          "specificity": 0.8532608695652174
        },
        "0.0500": {
          "threshold": 0.05,
          "PPV": 1.0,
          "NPV": 0.9818135465497424,
          "sensitivity": 0.01895661018468631,
          "specificity": 1.0
        }
      },
      "nri": {
        "cutoff_nri": {
          "0.000000": -0.17572463768115942
        }
      }
    }
  },
  "n_rows_total": 3413,
  "horizon": 10.0
}