{
  "mode": "survival",
  "n_rows_ipcw": 602,
  "weighted_event_rate": 0.028026442539595253,
  "ppv_npv_thresholds": [
    0.005,
    0.01,
    0.02,
    0.05
  ],
  "models": {
    "O": {
      "risk_column": "risks_10y_o",
      "C_td": 0.6013197774893243,
      "calibration": {
        "calibration_intercept": 0.23502481702353598,
        "calibration_slope": 0.9528136515925504,
        "brier_score": 0.0270573427195028,
        "fit_status": "full_intercept_and_slope"
      },
      "classification": {
        "0.0050": {
          "threshold": 0.005,
          "PPV": 0.02812864928093411,
          "NPV": 1.0,
          "sensitivity": 1.0,
          "specificity": 0.003738317757009346
        },
        "0.0100": {
          "threshold": 0.01,
          "PPV": 0.0366605592526258,
          "NPV": 0.9867877205507771,
          "sensitivity": 0.826413197803975,
          "specificity": 0.37383177570093457
        },
        "0.0200": {
          "threshold": 0.02,
          "PPV": 0.04317920382634969,
          "NPV": 0.9845631285060927,
          "sensitivity": 0.6991568515351563,
          "specificity": 0.5532710280373832
        },
        "0.0500": {
          "threshold": 0.05,
          "PPV": 0.08570935471306809,
          "NPV": 0.9741132645269469,
          "sensitivity": 0.10938282789749872,
          "specificity": 0.9663551401869159
        }
      },
      "nri": {
        "is_reference": true
      }
    },
    "O+Q": {
      "risk_column": "risks_10y_q",
      "C_td": 0.6153477182312127,
      "calibration": {
        "calibration_intercept": 0.33341721001585417,
        "calibration_slope": 0.9810537310243483,
        "brier_score": 0.027027291228231148,
        "fit_status": "full_intercept_and_slope"
      },
      "classification": {
        "0.0050": {
          "threshold": 0.005,
          "PPV": 0.028231604205181223,
          "NPV": 1.0,
          "sensitivity": 1.0,
          "specificity": 0.007476635514018691
        },
        "0.0100": {
          "threshold": 0.01,
          "PPV": 0.03618791943169365,
          "NPV": 0.9886231703958104,
          "sensitivity": 0.8664708167790218,
          "specificity": 0.33457943925233646
        },
        "0.0200": {
          "threshold": 0.02,
          "PPV": 0.046784802809743675,
          "NPV": 0.9844920507951674,
          "sensitivity": 0.6681374776010761,
          "specificity": 0.6074766355140186
        },
        "0.0500": {
          "threshold": 0.05,
          "PPV": 0.07259923099325852,
          "NPV": 0.973415850112313,
          "sensitivity": 0.08119274869888259,
          "specificity": 0.9700934579439252
        }
      },
      "nri": {
        "cutoff_nri": {
          "0.000000": 0.16989817268796203
        }
      }
    },
    "S": {
      "risk_column": "risks_10y_s",
      "C_td": 0.5912046657358917,
      "calibration": {
        "calibration_intercept": 1.9901955218501386,
        "calibration_slope": 1.449220716830929,
        "brier_score": 0.02713107884056668,
        "fit_status": "full_intercept_and_slope"
      },
      "classification": {
        "0.0050": {
          "threshold": 0.005,
          "PPV": 0.028026442539595253,
          "NPV": NaN,
          "sensitivity": 1.0,
          "specificity": 0.0
        },
        "0.0100": {
          "threshold": 0.01,
          "PPV": 0.02843979170622148,
          "NPV": 1.0,
          "sensitivity": 1.0,
          "specificity": 0.014953271028037384
        },
        "0.0200": {
          "threshold": 0.02,
          "PPV": 0.034655125887590635,
          "NPV": 0.9787192484162043,
          "sensitivity": 0.6236665805020001,
          "specificity": 0.49906542056074765
        },
        "0.0500": {
          "threshold": 0.05,
          "PPV": 1.0,
          "NPV": 0.9722924767924421,
          "sensitivity": 0.011703505004412957,
          "specificity": 1.0
        }
      },
      "nri": {
        "cutoff_nri": {
          "0.000000": -0.4203096666201702
        }
      }
    },
    "O+S": {
      "risk_column": "risks_10y_os",
      "C_td": 0.5980022151649782,
      "calibration": {
        "calibration_intercept": 0.24081644913989408,
        "calibration_slope": 0.9596868821813864,
        "brier_score": 0.027104913641444132,
        "fit_status": "full_intercept_and_slope"
      },
      "classification": {
        "0.0050": {
          "threshold": 0.005,
          "PPV": 0.02812864928093411,
          "NPV": 1.0,
          "sensitivity": 1.0,
          "specificity": 0.003738317757009346
        },
        "0.0100": {
          "threshold": 0.01,
          "PPV": 0.03522615491111135,
          "NPV": 0.9886640217199173,
          "sensitivity": 0.8781047406082634,
          "specificity": 0.30654205607476637
        },
        "0.0200": {
          "threshold": 0.02,
          "PPV": 0.042022557507346514,
          "NPV": 0.9827182825930518,
          "sensitivity": 0.6511714821123128,
          "specificity": 0.5719626168224299
        },
        "0.0500": {
          "threshold": 0.05,
          "PPV": 0.024812725424242156,
          "NPV": 0.9718874925886815,
          "sensitivity": 0.023091235618044985,
          "specificity": 0.9738317757009346
        }
      },
      "nri": {
        "cutoff_nri": {
          "0.000000": -0.22987864416236575
        }
      }
    },
    "O+Q+S": {
      "risk_column": "risks_10y_qs",
      "C_td": 0.5992511240482133,
      "calibration": {
        "calibration_intercept": 0.03686254398253655,
        "calibration_slope": 0.9128706093032171,
        "brier_score": 0.027101734304112397,
        "fit_status": "full_intercept_and_slope"
      },
      "classification": {
        "0.0050": {
          "threshold": 0.005,
          "PPV": 0.028026442539595253,
          "NPV": NaN,
          "sensitivity": 1.0,
          "specificity": 0.0
        },
        "0.0100": {
          "threshold": 0.01,
          "PPV": 0.03582536751400451,
          "NPV": 0.9905865932983555,
          "sensitivity": 0.9008225482224856,
          "specificity": 0.30093457943925234
        },
        "0.0200": {
          "threshold": 0.02,
          "PPV": 0.04358709624516337,
          "NPV": 0.9830581220621248,
          "sensitivity": 0.6469777097190211,
          "specificity": 0.5906542056074767
        },
        "0.0500": {
          "threshold": 0.05,
          "PPV": 0.05197746733242384,
          "NPV": 0.972731176535699,
          "sensitivity": 0.05686553505133018,
          "specificity": 0.9700934579439252
        }
      },
      "nri": {
        "cutoff_nri": {
          "0.000000": -0.2596735946436044
        }
      }
    }
  },
  "n_rows_total": 3413,
  "horizon": 10.0
}