n,min_risk,max_risk,observed_event_rate,mean_predicted_risk
17065.00000000006,0.0104064396084783,0.0912426667536348,0.0504187021034653,0.050132492239707546
