{
  "O": {
    "calibration_intercept": -0.684085468937607,
    "calibration_slope": 0.7643456183959869,
    "brier_score": 0.047822729842763555,
    "fit_status": "full_intercept_and_slope"
  },
  "O+Q": {
    "calibration_intercept": -0.6862610407564057,
    "calibration_slope": 0.7638554022738555,
    "brier_score": 0.047799457499219586,
    "fit_status": "full_intercept_and_slope"
  },
  "S": {
    "calibration_intercept": -2.7595495326785158,
    "calibration_slope": 0.059503271177990355,
    "brier_score": 0.04794458312150633,
    "fit_status": "full_intercept_and_slope"
  },
  "O+S": {
    "calibration_intercept": -2.104729759604423,
    "calibration_slope": 0.28115740334372574,
    "brier_score": 0.047917151099037214,
    "fit_status": "full_intercept_and_slope"
  },
  "O+Q+S": {
    "calibration_intercept": 0.5381594288753897,
    "calibration_slope": 1.2207231788652642,
    "brier_score": 0.04632648123751571,
    "fit_status": "full_intercept_and_slope"
  }
}