{
  "mode": "survival",
  "n_rows_ipcw": 2554,
  "weighted_event_rate": 0.050741536644175245,
  "ppv_npv_thresholds": [
    0.05,
    0.1,
    0.15,
    0.2
  ],
  "models": {
    "O": {
      "risk_column": "risks_7y_o",
      "C_td": 0.6023557924467551,
      "calibration": {
        "calibration_intercept": 5.975725610148585,
        "calibration_slope": 3.0462623026317885,
        "brier_score": 0.04799784377289056,
        "fit_status": "full_intercept_and_slope"
      },
      "classification": {
        "0.0500": {
          "threshold": 0.05,
          "PPV": 0.06283070113753618,
          "NPV": 0.9613841749729265,
          "sensitivity": 0.6200593701691922,
          "specificity": 0.5056226572261557
        },
        "0.1000": {
          "threshold": 0.1,
          "PPV": NaN,
          "NPV": 0.9492584633558246,
          "sensitivity": 0.0,
          "specificity": 1.0
        },
        "0.1500": {
          "threshold": 0.15,
          "PPV": NaN,
          "NPV": 0.9492584633558246,
          "sensitivity": 0.0,
          "specificity": 1.0
        },
        "0.2000": {
          "threshold": 0.2,
          "PPV": NaN,
          "NPV": 0.9492584633558246,
          "sensitivity": 0.0,
          "specificity": 1.0
        }
      },
      "nri": {
        "is_reference": true
      }
    },
    "O+Q": {
      "risk_column": "risks_7y_oq",
      "C_td": 0.5702795302624912,
      "calibration": {
        "calibration_intercept": 1.8268708918011172,
        "calibration_slope": 1.6250274293468776,
        "brier_score": 0.04809044155746392,
        "fit_status": "full_intercept_and_slope"
      },
      "classification": {
        "0.0500": {
          "threshold": 0.05,
          "PPV": 0.05835680543739311,
          "NPV": 0.9593429102767468,
          "sensitivity": 0.655260046168041,
          "specificity": 0.43481882548937945
        },
        "0.1000": {
          "threshold": 0.1,
          "PPV": NaN,
          "NPV": 0.9492584633558246,
          "sensitivity": 0.0,
          "specificity": 1.0
        },
        "0.1500": {
          "threshold": 0.15,
          "PPV": NaN,
          "NPV": 0.9492584633558246,
          "sensitivity": 0.0,
          "specificity": 1.0
        },
        "0.2000": {
          "threshold": 0.2,
          "PPV": NaN,
          "NPV": 0.9492584633558246,
          "sensitivity": 0.0,
          "specificity": 1.0
        }
      },
      "nri": {
        "cutoff_nri": {
          "0.000000": -0.17636986767496116
        }
      }
    },
    "S": {
      "risk_column": "risks_7y_s",
      "C_td": 0.5351924600735845,
      "calibration": {
        "calibration_intercept": -3.0867386279284887,
        "calibration_slope": -0.0535321647757695,
        "brier_score": 0.048271840046244095,
        "fit_status": "full_intercept_and_slope"
      },
      "classification": {
        "0.0500": {
          "threshold": 0.05,
          "PPV": 0.054746739617058296,
          "NPV": 0.9539596730756748,
          "sensitivity": 0.5825926768587595,
          "specificity": 0.46230737192836313
        },
        "0.1000": {
          "threshold": 0.1,
          "PPV": 0.0,
          "NPV": 0.9491176455552646,
          "sensitivity": 0.0,
          "specificity": 0.9970845481049563
        },
        "0.1500": {
          "threshold": 0.15,
          "PPV": NaN,
          "NPV": 0.9492584633558246,
          "sensitivity": 0.0,
          "specificity": 1.0
        },
        "0.2000": {
          "threshold": 0.2,
          "PPV": NaN,
          "NPV": 0.9492584633558246,
          "sensitivity": 0.0,
          "specificity": 1.0
        }
      },
      "nri": {
        "cutoff_nri": {
          "0.000000": -0.11152760423897456
        }
      }
    },
    "O+S": {
      "risk_column": "risks_7y_os",
      "C_td": 0.5531369599671333,
      "calibration": {
        "calibration_intercept": -1.6063016949732616,
        "calibration_slope": 0.45002657877562546,
        "brier_score": 0.04818899774156429,
        "fit_status": "full_intercept_and_slope"
      },
      "classification": {
        "0.0500": {
          "threshold": 0.05,
          "PPV": 0.05694159634310316,
          "NPV": 0.9561077989027754,
          "sensitivity": 0.5890119153997717,
          "specificity": 0.47855060391503534
        },
        "0.1000": {
          "threshold": 0.1,
          "PPV": 0.0,
          "NPV": 0.9491982084237872,
          "sensitivity": 0.0,
          "specificity": 0.9987505206164099
        },
        "0.1500": {
          "threshold": 0.15,
          "PPV": NaN,
          "NPV": 0.9492584633558246,
          "sensitivity": 0.0,
          "specificity": 1.0
        },
        "0.2000": {
          "threshold": 0.2,
          "PPV": NaN,
          "NPV": 0.9492584633558246,
          "sensitivity": 0.0,
          "specificity": 1.0
        }
      },
      "nri": {
        "cutoff_nri": {
          "0.000000": -0.1382484966775826
        }
      }
    },
    "O+Q+S": {
      "risk_column": "risks_7y_oqs",
      "C_td": 0.7389997716329167,
      "calibration": {
        "calibration_intercept": 0.5509017236436968,
        "calibration_slope": 1.234808548153198,
        "brier_score": 0.046576523172062956,
        "fit_status": "full_intercept_and_slope"
      },
      "classification": {
        "0.0500": {
          "threshold": 0.05,
          "PPV": 0.07911582549987935,
          "NPV": 0.9963097647126344,
          "sensitivity": 0.9726412210402637,
          "specificity": 0.39483548521449396
        },
        "0.1000": {
          "threshold": 0.1,
          "PPV": 0.10253974548252702,
          "NPV": 0.9544835399932785,
          "sensitivity": 0.18516932717460005,
          "specificity": 0.9133694294044148
        },
        "0.1500": {
          "threshold": 0.15,
          "PPV": 0.18969034520761333,
          "NPV": 0.9502828821549276,
          "sensitivity": 0.027359879171428535,
          "specificity": 0.9937526030820492
        },
        "0.2000": {
          "threshold": 0.2,
          "PPV": 0.0,
          "NPV": 0.9492183092952791,
          "sensitivity": 0.0,
          "specificity": 0.9991670137442732
        }
      },
      "nri": {
        "cutoff_nri": {
          "0.000000": 0.7004107765555203
        }
      }
    }
  },
  "n_rows_total": 3413,
  "horizon": 7.0
}