{
  "mode": "survival",
  "n_rows_ipcw": 2576,
  "weighted_event_rate": 0.06446718524604084,
  "ppv_npv_thresholds": [
    0.05,
    0.1,
    0.15,
    0.2
  ],
  "models": {
    "O": {
      "risk_column": "risks_7y_o",
      "C_td": 0.749241425378765,
      "calibration": {
        "calibration_intercept": 0.42485880650223773,
        "calibration_slope": 1.0928422942279223,
        "brier_score": 0.055809637311512415,
        "fit_status": "full_intercept_and_slope"
      },
      "classification": {
        "0.0500": {
          "threshold": 0.05,
          "PPV": 0.1416161402813884,
          "NPV": 0.9715014859379819,
          "sensitivity": 0.698502807278058,
          "specificity": 0.7082461280870658
        },
        "0.1000": {
          "threshold": 0.1,
          "PPV": 0.21828047859248428,
          "NPV": 0.958261422916449,
          "sensitivity": 0.4359144146326397,
          "specificity": 0.8924236082042697
        },
        "0.1500": {
          "threshold": 0.15,
          "PPV": 0.2877879211525317,
          "NPV": 0.953152355592559,
          "sensitivity": 0.32645177572600176,
          "specificity": 0.9443281707827543
        },
        "0.2000": {
          "threshold": 0.2,
          "PPV": 0.32494112309538875,
          "NPV": 0.9446017666173385,
          "sensitivity": 0.16958802612213084,
          "specificity": 0.9757220594390958
        }
      },
      "nri": {
        "is_reference": true
      }
    },
    "O+Q": {
      "risk_column": "risks_7y_oq",
      "C_td": 0.8258103282300946,
      "calibration": {
        "calibration_intercept": 0.4656079152784799,
        "calibration_slope": 1.096222276166,
        "brier_score": 0.04683474282352739,
        "fit_status": "full_intercept_and_slope"
      },
      "classification": {
        "0.0500": {
          "threshold": 0.05,
          "PPV": 0.2010731410290805,
          "NPV": 0.977790405120601,
          "sensitivity": 0.7368825051140079,
          "specificity": 0.7982419422352449
        },
        "0.1000": {
          "threshold": 0.1,
          "PPV": 0.3176828739975488,
          "NPV": 0.9657940974025426,
          "sensitivity": 0.5260471139355394,
          "specificity": 0.9221431561322729
        },
        "0.1500": {
          "threshold": 0.15,
          "PPV": 0.4358269878242248,
          "NPV": 0.9608649482425006,
          "sensitivity": 0.431711688028973,
          "specificity": 0.961490163248221
        },
        "0.2000": {
          "threshold": 0.2,
          "PPV": 0.5100376930020325,
          "NPV": 0.9564099615765279,
          "sensitivity": 0.35410478545466856,
          "specificity": 0.9765592298032649
        }
      },
      "nri": {
        "cutoff_nri": {
          "0.000000": 0.6814477227399198
        }
      }
    },
    "S": {
      "risk_column": "risks_7y_s",
      "C_td": 0.7520144202203566,
      "calibration": {
        "calibration_intercept": 0.7459196451740905,
        "calibration_slope": 1.211621952495946,
        "brier_score": 0.05533033574248195,
        "fit_status": "full_intercept_and_slope"
      },
      "classification": {
        "0.0500": {
          "threshold": 0.05,
          "PPV": 0.15350012075509578,
          "NPV": 0.9715824436420021,
          "sensitivity": 0.6862368490180577,
          "specificity": 0.7392214315613227
        },
        "0.1000": {
          "threshold": 0.1,
          "PPV": 0.2283913931904099,
          "NPV": 0.955925132075275,
          "sensitivity": 0.3919614279512162,
          "specificity": 0.9087484303055672
        },
        "0.1500": {
          "threshold": 0.15,
          "PPV": 0.31571374143852005,
          "NPV": 0.9493358161801712,
          "sensitivity": 0.2550358457389066,
          "specificity": 0.9619087484303056
        },
        "0.2000": {
          "threshold": 0.2,
          "PPV": 0.3346776770373547,
          "NPV": 0.9437260578755837,
          "sensitivity": 0.15278081492810028,
          "specificity": 0.9790707408957723
        }
      },
      "nri": {
        "cutoff_nri": {
          "0.000000": -0.15505559124597357
        }
      }
    },
    "O+S": {
      "risk_column": "risks_7y_os",
      "C_td": 0.7837648527295177,
      "calibration": {
        "calibration_intercept": 0.53119614162614,
        "calibration_slope": 1.1273698649334547,
        "brier_score": 0.05432069609479009,
        "fit_status": "full_intercept_and_slope"
      },
      "classification": {
        "0.0500": {
          "threshold": 0.05,
          "PPV": 0.17208984529123444,
          "NPV": 0.9751641893063515,
          "sensitivity": 0.7184366319691777,
          "specificity": 0.7618250313938887
        },
        "0.1000": {
          "threshold": 0.1,
          "PPV": 0.25064333743331013,
          "NPV": 0.9592219166043605,
          "sensitivity": 0.4388595061170059,
          "specificity": 0.9095856006697364
        },
        "0.1500": {
          "threshold": 0.15,
          "PPV": 0.32283956419860976,
          "NPV": 0.9527447435081163,
          "sensitivity": 0.3127685661782845,
          "specificity": 0.9547928003348682
        },
        "0.2000": {
          "threshold": 0.2,
          "PPV": 0.36559217184693693,
          "NPV": 0.9487260978098754,
          "sensitivity": 0.23803533726429968,
          "specificity": 0.9715362076182503
        }
      },
      "nri": {
        "cutoff_nri": {
          "0.000000": 0.24741741896347563
        }
      }
    },
    "O+Q+S": {
      "risk_column": "risks_7y_oqs",
      "C_td": 0.8395150452441521,
      "calibration": {
        "calibration_intercept": 0.6050061365922632,
        "calibration_slope": 1.1564239072125972,
        "brier_score": 0.046495011613164085,
        "fit_status": "full_intercept_and_slope"
      },
      "classification": {
        "0.0500": {
          "threshold": 0.05,
          "PPV": 0.2073676474795553,
          "NPV": 0.9773238912752287,
          "sensitivity": 0.7278449132021607,
          "specificity": 0.8082879866052742
        },
        "0.1000": {
          "threshold": 0.1,
          "PPV": 0.3372247016052852,
          "NPV": 0.9686002547297263,
          "sensitivity": 0.5655985950475836,
          "specificity": 0.9233989116785266
        },
        "0.1500": {
          "threshold": 0.15,
          "PPV": 0.45714777178899335,
          "NPV": 0.9631214507945167,
          "sensitivity": 0.4655009181833292,
          "specificity": 0.9619087484303056
        },
        "0.2000": {
          "threshold": 0.2,
          "PPV": 0.5103041234290826,
          "NPV": 0.959185644727433,
          "sensitivity": 0.3987928351883132,
          "specificity": 0.9736291335286731
        }
      },
      "nri": {
        "cutoff_nri": {
          "0.000000": 0.7210499101272991
        }
      }
    }
  },
  "n_rows_total": 3413,
  "horizon": 7.0
}