n,min_risk,max_risk,observed_event_rate,mean_predicted_risk
17064.99999999998,0.0077105171542277,0.1157268407587563,0.02974119450315663,0.030626031107711914
