n,min_risk,max_risk,observed_event_rate,mean_predicted_risk
17064.99999999998,0.0085410643308732,0.1265157945766733,0.02974119450315663,0.029306938723933834
