n,min_risk,max_risk,observed_event_rate,mean_predicted_risk
17064.99999999998,0.0081688118687659,0.1186522385785185,0.02974119450315663,0.03526690505414758
