n,min_risk,max_risk,observed_event_rate,mean_predicted_risk
17064.99999999998,0.0087571210262337,0.1630458155592037,0.02974119450315663,0.028565023028318086
