n,min_risk,max_risk,observed_event_rate,mean_predicted_risk
12639.013898421552,7.616328255486032e-05,0.0999996204670348,0.019066544789634533,0.04636853864067064
3618.671607357922,0.1000281196225709,0.1998686833226014,0.03655329476683395,0.13876332633326774
706.4598749658289,0.2000210442865042,0.2999304540037261,0.056441767511564676,0.23524881202916204
88.0244037028794,0.3003319671733986,0.3991278108329923,0.09499753344482982,0.33613789509621306
12.830215551886763,0.4054209704124641,0.474370504439878,0.08691756321365159,0.4309890857495452
