n,min_risk,max_risk,observed_event_rate,mean_predicted_risk
12543.855518648232,0.0001615654845008,0.0999909060187407,0.023019038050297744,0.05698492708508512
4385.683915041318,0.1000070169054475,0.1998773131728614,0.029552575549477936,0.1305675641596801
135.46056631051857,0.2001037716941362,0.2769419152225475,0.031389711733005386,0.22131031022929112
