{
  "O": {
    "calibration_intercept": -0.02439869860926648,
    "calibration_slope": 0.9781850829240483,
    "brier_score": 0.07243449155230045,
    "fit_status": "full_intercept_and_slope"
  },
  "O+S": {
    "calibration_intercept": 0.456474793894649,
    "calibration_slope": 1.2131103746014502,
    "brier_score": 0.06895146494754326,
    "fit_status": "full_intercept_and_slope"
  },
  "O+D": {
    "calibration_intercept": 0.3548478240219114,
    "calibration_slope": 1.144663522850117,
    "brier_score": 0.07178158272145617,
    "fit_status": "full_intercept_and_slope"
  },
  "O+S+D": {
    "calibration_intercept": 0.5390422297804965,
    "calibration_slope": 1.2519437727974503,
    "brier_score": 0.06871569108432707,
    "fit_status": "full_intercept_and_slope"
  }
}