n,min_risk,max_risk,observed_event_rate,mean_predicted_risk
12684.62226060214,0.0001108198498802,0.0999854513834229,0.019638152348249508,0.046588452202078176
3526.8061982742847,0.1000153239599083,0.1999896345988805,0.03404532502279147,0.13777808421296345
765.5065693096192,0.2000336530595871,0.2996290073672701,0.0588255353480019,0.23422158578887484
77.74045683126408,0.3003627549125224,0.3973879450361973,0.08076471062121089,0.3310026267813769
10.324514982760242,0.4029204124073205,0.4883191803067381,0.20572238501074747,0.43547057139864637
