n,min_risk,max_risk,observed_event_rate,mean_predicted_risk
12184.51705249485,0.0001108198498802,0.0999854513834229,0.03832231912707707,0.047239925482521504
3836.160194042748,0.1000065772959808,0.1999896345988805,0.16321184104435407,0.1387746457373908
913.0223216773365,0.2000336530595871,0.2996290073672701,0.256447601556354,0.23466262986913758
118.31807780240774,0.3000479991627167,0.3973879450361973,0.4308895136396266,0.33138976247511315
11.883195475039125,0.4009776682503823,0.4883191803067381,0.3497465617417691,0.4330144517698462
1.099158507651676,0.6213558254746037,0.6213558254746037,1.0,0.6213558254746037
