{
  "O": {
    "calibration_intercept": -3.359199461139847,
    "calibration_slope": 0.10945486566180752,
    "brier_score": 0.028682132304768182,
    "fit_status": "full_intercept_and_slope"
  },
  "O+S": {
    "calibration_intercept": -3.057872512684075,
    "calibration_slope": 0.21440672721561044,
    "brier_score": 0.029282904558014106,
    "fit_status": "full_intercept_and_slope"
  },
  "O+D": {
    "calibration_intercept": -3.22346258578103,
    "calibration_slope": 0.16152060230279053,
    "brier_score": 0.028483450792028325,
    "fit_status": "full_intercept_and_slope"
  },
  "O+S+D": {
    "calibration_intercept": -2.9692382023120882,
    "calibration_slope": 0.24923525637954966,
    "brier_score": 0.02912806769036049,
    "fit_status": "full_intercept_and_slope"
  }
}