n,min_risk,max_risk,observed_event_rate,mean_predicted_risk
12621.189037163558,0.0005216308443589,0.0999930114166145,0.022043737049870865,0.0558472713228864
4260.728235166925,0.1000008966284397,0.1999280070799382,0.031611865780146305,0.13074511544432513
178.5594015503447,0.200323460622377,0.291243088215854,0.04867431513560811,0.22347077305333282
4.523326119240001,0.3010276935316942,0.3336977572563603,0.22302455062122253,0.31396119977760684
