n,min_risk,max_risk,observed_event_rate,mean_predicted_risk
15661.984808013434,9.559443677838574e-05,0.0999602845486624,0.03431147403495847,0.0354689747257849
1362.5663640735183,0.1000240765210916,0.1998333078148045,0.14455405287892653,0.12764376490732696
39.40344506657412,0.2000982305410369,0.2976245157694225,0.3367440050494022,0.2287409070215412
1.0453828464844739,0.4024144340552958,0.4024144340552958,0.0,0.4024144340552958
