{
  "O": {
    "calibration_intercept": 0.27253310127192226,
    "calibration_slope": 1.0904453839037136,
    "brier_score": 0.04113796488889313,
    "fit_status": "full_intercept_and_slope"
  },
  "O+S": {
    "calibration_intercept": 0.9206314296210183,
    "calibration_slope": 1.3384352605569458,
    "brier_score": 0.039896359330110494,
    "fit_status": "full_intercept_and_slope"
  },
  "O+D": {
    "calibration_intercept": 0.8410619145849983,
    "calibration_slope": 1.284854115078558,
    "brier_score": 0.040894772856269544,
    "fit_status": "full_intercept_and_slope"
  },
  "O+S+D": {
    "calibration_intercept": 1.0616685919450914,
    "calibration_slope": 1.3897733108577162,
    "brier_score": 0.039813928302550004,
    "fit_status": "full_intercept_and_slope"
  }
}