n,min_risk,max_risk,observed_event_rate,mean_predicted_risk
17064.999999999993,0.010632257374686,0.0987446638937869,0.04172950490650402,0.040176610011555654
