n,min_risk,max_risk,observed_event_rate,mean_predicted_risk
15796.161081159638,6.044301130215741e-05,0.099992119531292,0.009741089079068243,0.03486624417905233
1221.4475219469552,0.1000318976678111,0.1990483857202293,0.02728709893849376,0.12599479754115814
47.3913968934566,0.2003075253635191,0.2934729417871471,0.06471031863791535,0.2274993869072688
