n,min_risk,max_risk,observed_event_rate,mean_predicted_risk
16736.593157336723,8.683882729724851e-05,0.0998794568643783,0.01112462968496577,0.04120444428559494
328.40684266332516,0.1000221782293123,0.159576690880393,0.012423257919088273,0.11384188601624323
