n,min_risk,max_risk,observed_event_rate,mean_predicted_risk
15795.131327752362,9.559443677838574e-05,0.0999602845486624,0.00974497428755232,0.03469422465995071
1239.7414544267367,0.1000240765210916,0.1998333078148045,0.02768823602952283,0.12707881986707897
29.046127955103163,0.201601191541486,0.2976245157694225,0.06950603922193453,0.2317074695522338
1.0810898658484174,0.4024144340552958,0.4024144340552958,0.0,0.4024144340552958
