{
  "O": {
    "calibration_intercept": -4.025970182765377,
    "calibration_slope": 0.13193179428370116,
    "brier_score": 0.012550529986607432,
    "fit_status": "full_intercept_and_slope"
  },
  "O+S": {
    "calibration_intercept": -3.516839057995345,
    "calibration_slope": 0.2799509902599617,
    "brier_score": 0.01278424708431396,
    "fit_status": "full_intercept_and_slope"
  },
  "O+D": {
    "calibration_intercept": -3.7560716690950082,
    "calibration_slope": 0.21499088128287117,
    "brier_score": 0.012461034217238593,
    "fit_status": "full_intercept_and_slope"
  },
  "O+S+D": {
    "calibration_intercept": -3.3050648419293696,
    "calibration_slope": 0.34675137207015766,
    "brier_score": 0.012719754518717919,
    "fit_status": "full_intercept_and_slope"
  }
}