n,min_risk,max_risk,observed_event_rate,mean_predicted_risk
16638.45278363637,0.0002288894768284,0.099956976525868,0.010879722903318506,0.04011837299661058
426.54721636368,0.1000464633400285,0.1940753697620892,0.021677619244635186,0.11491252333280334
