{
  "mode": "survival",
  "n_rows_ipcw": 3319,
  "weighted_event_rate": 0.003567125402786271,
  "ppv_npv_thresholds": [
    0.05,
    0.1,
    0.15,
    0.2
  ],
  "models": {
    "O": {
      "risk_column": "risks_1y_o",
      "C_td": 0.7241615909221092,
      "calibration": {
        "calibration_intercept": -0.3238897124868925,
        "calibration_slope": 0.9256776248693598,
        "brier_score": 0.003539405634759836,
        "fit_status": "full_intercept_and_slope"
      },
      "classification": {
        "0.0500": {
          "threshold": 0.05,
          "PPV": NaN,
          "NPV": 0.9964328745972137,
          "sensitivity": 0.0,
          "specificity": 1.0
        },
        "0.1000": {
          "threshold": 0.1,
          "PPV": NaN,
          "NPV": 0.9964328745972137,
          "sensitivity": 0.0,
          "specificity": 1.0
        },
        "0.1500": {
          "threshold": 0.15,
          "PPV": NaN,
          "NPV": 0.9964328745972137,
          "sensitivity": 0.0,
          "specificity": 1.0
        },
        "0.2000": {
          "threshold": 0.2,
          "PPV": NaN,
          "NPV": 0.9964328745972137,
          "sensitivity": 0.0,
          "specificity": 1.0
        }
      },
      "nri": {
        "is_reference": true
      }
    },
    "O+Q": {
      "risk_column": "risks_1y_oq",
      "C_td": 0.9840551977498423,
      "calibration": {
        "calibration_intercept": 2.289130702805759,
        "calibration_slope": 1.5778709059288394,
        "brier_score": 0.003272855559451622,
        "fit_status": "full_intercept_and_slope"
      },
      "classification": {
        "0.0500": {
          "threshold": 0.05,
          "PPV": 0.20451130560181194,
          "NPV": 0.9981988439846025,
          "sensitivity": 0.4994667944755993,
          "specificity": 0.9930450559419414
        },
        "0.1000": {
          "threshold": 0.1,
          "PPV": 0.22046055921187824,
          "NPV": 0.9970213073677615,
          "sensitivity": 0.16721927138279225,
          "specificity": 0.9978832778953735
        },
        "0.1500": {
          "threshold": 0.15,
          "PPV": 0.1981318551964661,
          "NPV": 0.9967257536098382,
          "sensitivity": 0.08348468477984103,
          "specificity": 0.9987904445116419
        },
        "0.2000": {
          "threshold": 0.2,
          "PPV": NaN,
          "NPV": 0.9964328745972137,
          "sensitivity": 0.0,
          "specificity": 1.0
        }
      },
      "nri": {
        "cutoff_nri": {
          "0.000000": 1.6679770184457212
        }
      }
    },
    "S": {
      "risk_column": "risks_1y_s",
      "C_td": 0.7206455843673127,
      "calibration": {
        "calibration_intercept": 0.8001387600786426,
        "calibration_slope": 1.1335150100341393,
        "brier_score": 0.0035270648510219416,
        "fit_status": "full_intercept_and_slope"
      },
      "classification": {
        "0.0500": {
          "threshold": 0.05,
          "PPV": NaN,
          "NPV": 0.9964328745972137,
          "sensitivity": 0.0,
          "specificity": 1.0
        },
        "0.1000": {
          "threshold": 0.1,
          "PPV": NaN,
          "NPV": 0.9964328745972137,
          "sensitivity": 0.0,
          "specificity": 1.0
        },
        "0.1500": {
          "threshold": 0.15,
          "PPV": NaN,
          "NPV": 0.9964328745972137,
          "sensitivity": 0.0,
          "specificity": 1.0
        },
        "0.2000": {
          "threshold": 0.2,
          "PPV": NaN,
          "NPV": 0.9964328745972137,
          "sensitivity": 0.0,
          "specificity": 1.0
        }
      },
      "nri": {
        "cutoff_nri": {
          "0.000000": 0.10407217014413866
        }
      }
    },
    "O+S": {
      "risk_column": "risks_1y_os",
      "C_td": 0.7247910448801002,
      "calibration": {
        "calibration_intercept": -0.0035020401110913415,
        "calibration_slope": 0.9857410796774609,
        "brier_score": 0.00351719430592097,
        "fit_status": "full_intercept_and_slope"
      },
      "classification": {
        "0.0500": {
          "threshold": 0.05,
          "PPV": 0.0,
          "NPV": 0.996426414049549,
          "sensitivity": 0.0,
          "specificity": 0.998185666767463
        },
        "0.1000": {
          "threshold": 0.1,
          "PPV": NaN,
          "NPV": 0.9964328745972137,
          "sensitivity": 0.0,
          "specificity": 1.0
        },
        "0.1500": {
          "threshold": 0.15,
          "PPV": NaN,
          "NPV": 0.9964328745972137,
          "sensitivity": 0.0,
          "specificity": 1.0
        },
        "0.2000": {
          "threshold": 0.2,
          "PPV": NaN,
          "NPV": 0.9964328745972137,
          "sensitivity": 0.0,
          "specificity": 1.0
        }
      },
      "nri": {
        "cutoff_nri": {
          "0.000000": 0.43065215200080637
        }
      }
    },
    "O+Q+S": {
      "risk_column": "risks_1y_oqs",
      "C_td": 0.9807034272038364,
      "calibration": {
        "calibration_intercept": 1.8424115404025132,
        "calibration_slope": 1.455408690102445,
        "brier_score": 0.0033108970396348715,
        "fit_status": "full_intercept_and_slope"
      },
      "classification": {
        "0.0500": {
          "threshold": 0.05,
          "PPV": 0.19750716152100936,
          "NPV": 0.9981964038445765,
          "sensitivity": 0.4989400878086951,
          "specificity": 0.9927426670698518
        },
        "0.1000": {
          "threshold": 0.1,
          "PPV": 0.269735152743971,
          "NPV": 0.9973143602220781,
          "sensitivity": 0.24959887038450315,
          "specificity": 0.9975808890232839
        },
        "0.1500": {
          "threshold": 0.15,
          "PPV": 0.0,
          "NPV": 0.9964274924321316,
          "sensitivity": 0.0,
          "specificity": 0.9984880556395525
        },
        "0.2000": {
          "threshold": 0.2,
          "PPV": 0.0,
          "NPV": 0.9964296472459667,
          "sensitivity": 0.0,
          "specificity": 0.9990928333837314
        }
      },
      "nri": {
        "cutoff_nri": {
          "0.000000": 1.6722104626549743
        }
      }
    }
  },
  "n_rows_total": 3413,
  "horizon": 1.0
}