{
  "mode": "survival",
  "n_rows_ipcw": 3094,
  "weighted_event_rate": 0.009518489696664538,
  "ppv_npv_thresholds": [
    0.005,
    0.01,
    0.02,
    0.05
  ],
  "models": {
    "O": {
      "risk_column": "risks_3y_o",
      "C_td": 0.684251754714035,
      "calibration": {
        "calibration_intercept": 0.320152342012717,
        "calibration_slope": 1.1116438287879986,
        "brier_score": 0.009392260304613367,
        "fit_status": "full_intercept_and_slope"
      },
      "classification": {
        "0.0050": {
          "threshold": 0.005,
          "PPV": 0.010268961427593423,
          "NPV": 1.0,
          "sensitivity": 1.0,
          "specificity": 0.07378387202089455
        },
        "0.0100": {
          "threshold": 0.01,
          "PPV": 0.01558485871569659,
          "NPV": 0.995131862427339,
          "sensitivity": 0.7104912504603969,
          "specificity": 0.5687234737185766
        },
        "0.0200": {
          "threshold": 0.02,
          "PPV": 0.023892546067776837,
          "NPV": 0.9918935262410553,
          "sensitivity": 0.22452251526307762,
          "specificity": 0.9118511263467188
        },
        "0.0500": {
          "threshold": 0.05,
          "PPV": 0.06032356404040837,
          "NPV": 0.9907451234071893,
          "sensitivity": 0.03271381905929974,
          "specificity": 0.9951028403525956
        }
      },
      "nri": {
        "is_reference": true
      }
    },
    "O+Q": {
      "risk_column": "risks_3y_q",
      "C_td": 0.7764738383746186,
      "calibration": {
        "calibration_intercept": 1.2023319311166298,
        "calibration_slope": 1.3205098908540107,
        "brier_score": 0.00936318957830367,
        "fit_status": "full_intercept_and_slope"
      },
      "classification": {
        "0.0050": {
          "threshold": 0.005,
          "PPV": 0.011582161274158629,
          "NPV": 1.0,
          "sensitivity": 1.0,
          "specificity": 0.17988899771465885
        },
        "0.0100": {
          "threshold": 0.01,
          "PPV": 0.02041606579669511,
          "NPV": 0.9974640336579543,
          "sensitivity": 0.8376189215735731,
          "specificity": 0.613777342474698
        },
        "0.0200": {
          "threshold": 0.02,
          "PPV": 0.03644675735738264,
          "NPV": 0.9934961767560541,
          "sensitivity": 0.38551010369649313,
          "specificity": 0.9020568070519098
        },
        "0.0500": {
          "threshold": 0.05,
          "PPV": 0.0,
          "NPV": 0.9903851263688852,
          "sensitivity": 0.0,
          "specificity": 0.989879203395364
        }
      },
      "nri": {
        "cutoff_nri": {
          "0.000000": 0.2507977631038514
        }
      }
    },
    "S": {
      "risk_column": "risks_3y_s",
      "C_td": 0.5930670830668368,
      "calibration": {
        "calibration_intercept": -0.11339218929178374,
        "calibration_slope": 1.0112525337218043,
        "brier_score": 0.00940935274093681,
        "fit_status": "full_intercept_and_slope"
      },
      "classification": {
        "0.0050": {
          "threshold": 0.005,
          "PPV": 0.009543177495185004,
          "NPV": 1.0,
          "sensitivity": 1.0,
          "specificity": 0.0026118184786157366
        },
        "0.0100": {
          "threshold": 0.01,
          "PPV": 0.01217497204460251,
          "NPV": 0.9929359103663102,
          "sensitivity": 0.6142559796878408,
          "specificity": 0.5210577864838394
        },
        "0.0200": {
          "threshold": 0.02,
          "PPV": 0.02963115252542563,
          "NPV": 0.9915769701287788,
          "sensitivity": 0.1607958102616677,
          "specificity": 0.9493960169768201
        },
        "0.0500": {
          "threshold": 0.05,
          "PPV": 0.0,
          "NPV": 0.9904599154808541,
          "sensitivity": 0.0,
          "specificity": 0.9977146588312112
        }
      },
      "nri": {
        "cutoff_nri": {
          "0.000000": -0.3991659031310228
        }
      }
    },
    "O+S": {
      "risk_column": "risks_3y_os",
      "C_td": 0.6717180491101463,
      "calibration": {
        "calibration_intercept": 0.20989753890116972,
        "calibration_slope": 1.0874948619999292,
        "brier_score": 0.009394223802402485,
        "fit_status": "full_intercept_and_slope"
      },
      "classification": {
        "0.0050": {
          "threshold": 0.005,
          "PPV": 0.009859638738775529,
          "NPV": 1.0,
          "sensitivity": 1.0,
          "specificity": 0.03493307215148548
        },
        "0.0100": {
          "threshold": 0.01,
          "PPV": 0.015271515534186325,
          "NPV": 0.9946757226820369,
          "sensitivity": 0.676490953468598,
          "specificity": 0.5808031341821744
        },
        "0.0200": {
          "threshold": 0.02,
          "PPV": 0.024392938131990515,
          "NPV": 0.9919138236597689,
          "sensitivity": 0.22509527813369215,
          "specificity": 0.9134835128958537
        },
        "0.0500": {
          "threshold": 0.05,
          "PPV": 0.0,
          "NPV": 0.9904320063093884,
          "sensitivity": 0.0,
          "specificity": 0.9947763630427685
        }
      },
      "nri": {
        "cutoff_nri": {
          "0.000000": -0.22025633734584482
        }
      }
    },
    "O+Q+S": {
      "risk_column": "risks_3y_qs",
      "C_td": 0.7655142966338239,
      "calibration": {
        "calibration_intercept": 1.1852755950108576,
        "calibration_slope": 1.3191926039329849,
        "brier_score": 0.009368550168904926,
        "fit_status": "full_intercept_and_slope"
      },
      "classification": {
        "0.0050": {
          "threshold": 0.005,
          "PPV": 0.010872028418240608,
          "NPV": 1.0,
          "sensitivity": 1.0,
          "specificity": 0.12569376428338233
        },
        "0.0100": {
          "threshold": 0.01,
          "PPV": 0.018318076021843033,
          "NPV": 0.9963857196138696,
          "sensitivity": 0.7727590506396759,
          "specificity": 0.6020241593209272
        },
        "0.0200": {
          "threshold": 0.02,
          "PPV": 0.02429449813888429,
          "NPV": 0.9921491414499777,
          "sensitivity": 0.25884628513170166,
          "specificity": 0.9000979431929481
        },
        "0.0500": {
          "threshold": 0.05,
          "PPV": 0.0,
          "NPV": 0.9904070607127894,
          "sensitivity": 0.0,
          "specificity": 0.9921645445641528
        }
      },
      "nri": {
        "cutoff_nri": {
          "0.000000": 0.5972849725653745
        }
      }
    }
  },
  "n_rows_total": 3413,
  "horizon": 3.0
}