n,min_risk,max_risk,observed_event_rate,mean_predicted_risk
17065.000000000025,0.0023475100782664,0.124191393185741,0.01817181647311575,0.021297449523440034
