{
  "O": {
    "calibration_intercept": -0.5406171619519038,
    "calibration_slope": 0.8967414892553859,
    "brier_score": 0.01776005618414593,
    "fit_status": "full_intercept_and_slope"
  },
  "O+S": {
    "calibration_intercept": 0.15840301003192953,
    "calibration_slope": 1.0358302665124466,
    "brier_score": 0.01770971680785195,
    "fit_status": "full_intercept_and_slope"
  },
  "O+D": {
    "calibration_intercept": -0.19728833913016622,
    "calibration_slope": 0.9286175445736538,
    "brier_score": 0.017762715867757406,
    "fit_status": "full_intercept_and_slope"
  },
  "O+S+D": {
    "calibration_intercept": 0.027992360595786966,
    "calibration_slope": 0.973286980527862,
    "brier_score": 0.017746355833117514,
    "fit_status": "full_intercept_and_slope"
  }
}