n,min_risk,max_risk,observed_event_rate,mean_predicted_risk
17065.000000000087,0.0033585284568135,0.0941091795113997,0.006023170328506907,0.01586487014923499
