n,min_risk,max_risk,observed_event_rate,mean_predicted_risk
17065.000000000025,0.0033585284568135,0.0941091795113997,0.01817181647311575,0.015942243526878466
