n,min_risk,max_risk,observed_event_rate,mean_predicted_risk
17065.00000000002,0.0026437542246135,0.053953847513893,0.01778361433194268,0.014746363589422972
