n,min_risk,max_risk,observed_event_rate,mean_predicted_risk
17065.000000000087,0.0023475100782664,0.124191393185741,0.006023170328506907,0.02119411346963359
