n,min_risk,max_risk,observed_event_rate,mean_predicted_risk
17065.000000000087,0.0031853497051549,0.0736278812713933,0.006023170328506907,0.016686225226856415
