n,min_risk,max_risk,observed_event_rate,mean_predicted_risk
17065.000000000087,0.0034622445542502,0.1190319209501802,0.006023170328506907,0.01769713223804909
