n,min_risk,max_risk,observed_event_rate,mean_predicted_risk
17065.000000000025,0.0031853497051549,0.0736278812713933,0.01817181647311575,0.016745461497087076
