n,min_risk,max_risk,observed_event_rate,mean_predicted_risk
17065.000000000025,0.0034622445542502,0.1190319209501802,0.01817181647311575,0.0178002886461722
