n,min_risk,max_risk,observed_event_rate,mean_predicted_risk
17065.00000000002,0.0026617047241465,0.0693326302039304,0.01778361433194268,0.014757365527208714
