n,min_risk,max_risk,observed_event_rate,mean_predicted_risk
17065.00000000002,0.0043752896466305,0.056150356175528,0.01778361433194268,0.014977831694415494
