n,min_risk,max_risk,observed_event_rate,mean_predicted_risk
17065.00000000002,0.0020258522717376,0.046808158088275,0.01778361433194268,0.014835624892080058
