{
  "O": {
    "calibration_intercept": -2.152267225135412,
    "calibration_slope": 0.7626407605582313,
    "brier_score": 0.006326326968417857,
    "fit_status": "full_intercept_and_slope"
  },
  "O+S": {
    "calibration_intercept": -2.2454225458961625,
    "calibration_slope": 0.703590637418573,
    "brier_score": 0.006191651656952322,
    "fit_status": "full_intercept_and_slope"
  },
  "O+D": {
    "calibration_intercept": -1.9142645129673586,
    "calibration_slope": 0.7771628029587572,
    "brier_score": 0.006135137351506741,
    "fit_status": "full_intercept_and_slope"
  },
  "O+S+D": {
    "calibration_intercept": -2.4348584398021105,
    "calibration_slope": 0.6384607821759246,
    "brier_score": 0.00613413128951893,
    "fit_status": "full_intercept_and_slope"
  }
}