n,min_risk,max_risk,observed_event_rate,mean_predicted_risk
17065.00000000002,0.0024142642477905,0.0890116236129036,0.01778361433194268,0.014660908583708984
