{
  "mode": "survival",
  "n_rows_ipcw": 12789,
  "weighted_event_rate": 0.018171816473115755,
  "ppv_npv_thresholds": [
    0.005,
    0.01,
    0.02,
    0.05
  ],
  "models": {
    "O": {
      "risk_column": "risks_7y_o",
      "C_td": 0.6502520035633256,
      "calibration": {
        "calibration_intercept": -0.5406171619519038,
        "calibration_slope": 0.8967414892553859,
        "brier_score": 0.01776005618414593,
        "fit_status": "full_intercept_and_slope"
      },
      "classification": {
        "0.0050": {
          "threshold": 0.005,
          "PPV": 0.018460770650772798,
          "NPV": 0.9943005261736008,
          "sensitivity": 0.9928981648180968,
          "specificity": 0.02293064876957495
        },
        "0.0100": {
          "threshold": 0.01,
          "PPV": 0.02116682168966763,
          "NPV": 0.9929684552509861,
          "sensitivity": 0.91801287368563,
          "specificity": 0.2142857142857143
        },
        "0.0200": {
          "threshold": 0.02,
          "PPV": 0.027531617853157865,
          "NPV": 0.9887495160125032,
          "sensitivity": 0.6440779864933658,
          "specificity": 0.578938958133589
        },
        "0.0500": {
          "threshold": 0.05,
          "PPV": 0.03798276262595445,
          "NPV": 0.9829369933293561,
          "sensitivity": 0.11078696121115775,
          "specificity": 0.9480664749121125
        }
      },
      "nri": {
        "is_reference": true
      }
    },
    "O+S": {
      "risk_column": "risks_7y_oq",
      "C_td": 0.6622191294230438,
      "calibration": {
        "calibration_intercept": 0.15840301003192953,
        "calibration_slope": 1.0358302665124466,
        "brier_score": 0.01770971680785195,
        "fit_status": "full_intercept_and_slope"
      },
      "classification": {
        "0.0050": {
          "threshold": 0.005,
          "PPV": 0.018490013025735382,
          "NPV": 0.9928221851639276,
          "sensitivity": 0.9888892756395985,
          "specificity": 0.028443592201981477
        },
        "0.0100": {
          "threshold": 0.01,
          "PPV": 0.02246688218192953,
          "NPV": 0.9926341713607447,
          "sensitivity": 0.8847115410556913,
          "specificity": 0.2875519335250879
        },
        "0.0200": {
          "threshold": 0.02,
          "PPV": 0.03327613096319718,
          "NPV": 0.9889799027248104,
          "sensitivity": 0.5884331985505301,
          "specificity": 0.6836049856184084
        },
        "0.0500": {
          "threshold": 0.05,
          "PPV": 0.04771208780763336,
          "NPV": 0.9823658455916067,
          "sensitivity": 0.04693442278868992,
          "specificity": 0.982662192393736
        }
      },
      "nri": {
        "cutoff_nri": {
          "0.000000": 0.0859576664945792
        }
      }
    },
    "O+D": {
      "risk_column": "risks_7y_os",
      "C_td": 0.6302462396580213,
      "calibration": {
        "calibration_intercept": -0.19728833913016622,
        "calibration_slope": 0.9286175445736538,
        "brier_score": 0.017762715867757406,
        "fit_status": "full_intercept_and_slope"
      },
      "classification": {
        "0.0050": {
          "threshold": 0.005,
          "PPV": 0.01851307994144173,
          "NPV": 0.996920766796263,
          "sensitivity": 0.9962532056541904,
          "specificity": 0.022451262384148293
        },
        "0.0100": {
          "threshold": 0.01,
          "PPV": 0.02224536991450964,
          "NPV": 0.9919209374757252,
          "sensitivity": 0.8721562844245192,
          "specificity": 0.2905081495685523
        },
        "0.0200": {
          "threshold": 0.02,
          "PPV": 0.030949753542644988,
          "NPV": 0.987007616178996,
          "sensitivity": 0.4912451990037508,
          "specificity": 0.715324384787472
        },
        "0.0500": {
          "threshold": 0.05,
          "PPV": 0.029464065225950426,
          "NPV": 0.9818786074239868,
          "sensitivity": 0.007208009239135886,
          "specificity": 0.9956056248002556
        }
      },
      "nri": {
        "cutoff_nri": {
          "0.000000": -0.18972638100154882
        }
      }
    },
    "O+S+D": {
      "risk_column": "risks_7y_oqs",
      "C_td": 0.6424516959257442,
      "calibration": {
        "calibration_intercept": 0.027992360595786966,
        "calibration_slope": 0.973286980527862,
        "brier_score": 0.017746355833117514,
        "fit_status": "full_intercept_and_slope"
      },
      "classification": {
        "0.0050": {
          "threshold": 0.005,
          "PPV": 0.01869387509736085,
          "NPV": 1.0,
          "sensitivity": 1.0,
          "specificity": 0.028443592201981477
        },
        "0.0100": {
          "threshold": 0.01,
          "PPV": 0.023097749055507193,
          "NPV": 0.9925703036020492,
          "sensitivity": 0.871457670349765,
          "specificity": 0.3178331735378715
        },
        "0.0200": {
          "threshold": 0.02,
          "PPV": 0.032681671250889555,
          "NPV": 0.9867345908216532,
          "sensitivity": 0.4544686049165997,
          "specificity": 0.7510386705017577
        },
        "0.0500": {
          "threshold": 0.05,
          "PPV": 0.059494017467394224,
          "NPV": 0.9821092576843523,
          "sensitivity": 0.022119145785927857,
          "specificity": 0.9935282837967402
        }
      },
      "nri": {
        "cutoff_nri": {
          "0.000000": 0.028714015291196437
        }
      }
    }
  },
  "n_rows_total": 17065,
  "horizon": 7.0
}