{
  "mode": "survival",
  "n_rows_ipcw": 3310,
  "weighted_event_rate": 0.0014918642509396736,
  "ppv_npv_thresholds": [
    0.005,
    0.01,
    0.02,
    0.05
  ],
  "models": {
    "O": {
      "risk_column": "risks_1y_o",
      "C_td": 0.7378873182699465,
      "calibration": {
        "calibration_intercept": 4.9027306875707435,
        "calibration_slope": 1.7993292042491718,
        "brier_score": 0.0014875483935601252,
        "fit_status": "full_intercept_and_slope"
      },
      "classification": {
        "0.0050": {
          "threshold": 0.005,
          "PPV": 0.0,
          "NPV": 0.9985058787259925,
          "sensitivity": 0.0,
          "specificity": 0.9984871406959153
        },
        "0.0100": {
          "threshold": 0.01,
          "PPV": NaN,
          "NPV": 0.9985081357490604,
          "sensitivity": 0.0,
          "specificity": 1.0
        },
        "0.0200": {
          "threshold": 0.02,
          "PPV": NaN,
          "NPV": 0.9985081357490604,
          "sensitivity": 0.0,
          "specificity": 1.0
        },
        "0.0500": {
          "threshold": 0.05,
          "PPV": NaN,
          "NPV": 0.9985081357490604,
          "sensitivity": 0.0,
          "specificity": 1.0
        }
      },
      "nri": {
        "is_reference": true
      }
    },
    "O+Q": {
      "risk_column": "risks_1y_oq",
      "C_td": 0.7012148683953335,
      "calibration": {
        "calibration_intercept": -0.8894385737545745,
        "calibration_slope": 0.8633400240066074,
        "brier_score": 0.001489626780934785,
        "fit_status": "full_intercept_and_slope"
      },
      "classification": {
        "0.0050": {
          "threshold": 0.005,
          "PPV": 0.0,
          "NPV": 0.9984621384230926,
          "sensitivity": 0.0,
          "specificity": 0.9700453857791226
        },
        "0.0100": {
          "threshold": 0.01,
          "PPV": 0.0,
          "NPV": 0.9985063306767804,
          "sensitivity": 0.0,
          "specificity": 0.9987897125567322
        },
        "0.0200": {
          "threshold": 0.02,
          "PPV": NaN,
          "NPV": 0.9985081357490604,
          "sensitivity": 0.0,
          "specificity": 1.0
        },
        "0.0500": {
          "threshold": 0.05,
          "PPV": NaN,
          "NPV": 0.9985081357490604,
          "sensitivity": 0.0,
          "specificity": 1.0
        }
      },
      "nri": {
        "cutoff_nri": {
          "0.000000": -0.6178517397881997
        }
      }
    },
    "S": {
      "risk_column": "risks_1y_s",
      "C_td": 0.6868277317690341,
      "calibration": {
        "calibration_intercept": 3.032270105734154,
        "calibration_slope": 1.4847585677193134,
        "brier_score": 0.0014889976704292372,
        "fit_status": "full_intercept_and_slope"
      },
      "classification": {
        "0.0050": {
          "threshold": 0.005,
          "PPV": 0.0,
          "NPV": 0.9985013441299426,
          "sensitivity": 0.0,
          "specificity": 0.9954614220877459
        },
        "0.0100": {
          "threshold": 0.01,
          "PPV": NaN,
          "NPV": 0.9985081357490604,
          "sensitivity": 0.0,
          "specificity": 1.0
        },
        "0.0200": {
          "threshold": 0.02,
          "PPV": NaN,
          "NPV": 0.9985081357490604,
          "sensitivity": 0.0,
          "specificity": 1.0
        },
        "0.0500": {
          "threshold": 0.05,
          "PPV": NaN,
          "NPV": 0.9985081357490604,
          "sensitivity": 0.0,
          "specificity": 1.0
        }
      },
      "nri": {
        "cutoff_nri": {
          "0.000000": -0.39092284417549167
        }
      }
    },
    "O+S": {
      "risk_column": "risks_1y_os",
      "C_td": 0.774894784608612,
      "calibration": {
        "calibration_intercept": 6.030518296626708,
        "calibration_slope": 1.978104470882211,
        "brier_score": 0.001487353621840121,
        "fit_status": "full_intercept_and_slope"
      },
      "classification": {
        "0.0050": {
          "threshold": 0.005,
          "PPV": 0.0,
          "NPV": 0.9985027073962138,
          "sensitivity": 0.0,
          "specificity": 0.9963691376701966
        },
        "0.0100": {
          "threshold": 0.01,
          "PPV": NaN,
          "NPV": 0.9985081357490604,
          "sensitivity": 0.0,
          "specificity": 1.0
        },
        "0.0200": {
          "threshold": 0.02,
          "PPV": NaN,
          "NPV": 0.9985081357490604,
          "sensitivity": 0.0,
          "specificity": 1.0
        },
        "0.0500": {
          "threshold": 0.05,
          "PPV": NaN,
          "NPV": 0.9985081357490604,
          "sensitivity": 0.0,
          "specificity": 1.0
        }
      },
      "nri": {
        "cutoff_nri": {
          "0.000000": 0.22390317700453854
        }
      }
    },
    "O+Q+S": {
      "risk_column": "risks_1y_oqs",
      "C_td": 0.6863625241696782,
      "calibration": {
        "calibration_intercept": 1.9475978727794818,
        "calibration_slope": 1.3162825717167779,
        "brier_score": 0.0014884186124322926,
        "fit_status": "full_intercept_and_slope"
      },
      "classification": {
        "0.0050": {
          "threshold": 0.005,
          "PPV": 0.0,
          "NPV": 0.9984976965871414,
          "sensitivity": 0.0,
          "specificity": 0.9930408472012102
        },
        "0.0100": {
          "threshold": 0.01,
          "PPV": NaN,
          "NPV": 0.9985081357490604,
          "sensitivity": 0.0,
          "specificity": 1.0
        },
        "0.0200": {
          "threshold": 0.02,
          "PPV": NaN,
          "NPV": 0.9985081357490604,
          "sensitivity": 0.0,
          "specificity": 1.0
        },
        "0.0500": {
          "threshold": 0.05,
          "PPV": NaN,
          "NPV": 0.9985081357490604,
          "sensitivity": 0.0,
          "specificity": 1.0
        }
      },
      "nri": {
        "cutoff_nri": {
          "0.000000": -0.8798789712556732
        }
      }
    }
  },
  "n_rows_total": 3413,
  "horizon": 1.0
}