{
  "mode": "survival",
  "n_rows_ipcw": 3322,
  "weighted_event_rate": 0.005347721120884099,
  "ppv_npv_thresholds": [
    0.005,
    0.01,
    0.02,
    0.05
  ],
  "models": {
    "O": {
      "risk_column": "risks_1y_o",
      "C_td": 0.6718369648454344,
      "calibration": {
        "calibration_intercept": 1.2153607472350365,
        "calibration_slope": 1.117430868774517,
        "brier_score": 0.00531348157221223,
        "fit_status": "full_intercept_and_slope"
      },
      "classification": {
        "0.0050": {
          "threshold": 0.005,
          "PPV": 0.01565426902157475,
          "NPV": 0.9957356151332826,
          "sensitivity": 0.2784248613907962,
          "specificity": 0.9058716707021791
        },
        "0.0100": {
          "threshold": 0.01,
          "PPV": 0.03976908465287544,
          "NPV": 0.9949132395101522,
          "sensitivity": 0.055955611320937924,
          "specificity": 0.9927360774818402
        },
        "0.0200": {
          "threshold": 0.02,
          "PPV": NaN,
          "NPV": 0.9946522788791159,
          "sensitivity": 0.0,
          "specificity": 1.0
        },
        "0.0500": {
          "threshold": 0.05,
          "PPV": NaN,
          "NPV": 0.9946522788791159,
          "sensitivity": 0.0,
          "specificity": 1.0
        }
      },
      "nri": {
        "is_reference": true
      }
    },
    "O+Q": {
      "risk_column": "risks_1y_oq",
      "C_td": 0.7549784165161988,
      "calibration": {
        "calibration_intercept": 3.0901914713196885,
        "calibration_slope": 1.468146598489348,
        "brier_score": 0.005298569872356634,
        "fit_status": "full_intercept_and_slope"
      },
      "classification": {
        "0.0050": {
          "threshold": 0.005,
          "PPV": 0.023642868757202954,
          "NPV": 0.9972850197584362,
          "sensitivity": 0.5561784073308711,
          "specificity": 0.8765133171912833
        },
        "0.0100": {
          "threshold": 0.01,
          "PPV": 0.03981900269079218,
          "NPV": 0.9954484093098982,
          "sensitivity": 0.16808627795944572,
          "specificity": 0.9782082324455206
        },
        "0.0200": {
          "threshold": 0.02,
          "PPV": 0.0,
          "NPV": 0.9946458314990906,
          "sensitivity": 0.0,
          "specificity": 0.9987893462469734
        },
        "0.0500": {
          "threshold": 0.05,
          "PPV": NaN,
          "NPV": 0.9946522788791159,
          "sensitivity": 0.0,
          "specificity": 1.0
        }
      },
      "nri": {
        "cutoff_nri": {
          "0.000000": 0.7004977132095775
        }
      }
    },
    "S": {
      "risk_column": "risks_1y_s",
      "C_td": 0.6010870077556143,
      "calibration": {
        "calibration_intercept": 1.632060977086318,
        "calibration_slope": 1.190249187462285,
        "brier_score": 0.005317325561811611,
        "fit_status": "full_intercept_and_slope"
      },
      "classification": {
        "0.0050": {
          "threshold": 0.005,
          "PPV": 0.019535472539841107,
          "NPV": 0.995570648497583,
          "sensitivity": 0.22208525103819424,
          "specificity": 0.9400726392251816
        },
        "0.0100": {
          "threshold": 0.01,
          "PPV": 0.0,
          "NPV": 0.9946247697248406,
          "sensitivity": 0.0,
          "specificity": 0.9948547215496368
        },
        "0.0200": {
          "threshold": 0.02,
          "PPV": 0.0,
          "NPV": 0.9946442172242383,
          "sensitivity": 0.0,
          "specificity": 0.9984866828087167
        },
        "0.0500": {
          "threshold": 0.05,
          "PPV": NaN,
          "NPV": 0.9946522788791159,
          "sensitivity": 0.0,
          "specificity": 1.0
        }
      },
      "nri": {
        "cutoff_nri": {
          "0.000000": -0.14709443099273606
        }
      }
    },
    "O+S": {
      "risk_column": "risks_1y_os",
      "C_td": 0.691945092757426,
      "calibration": {
        "calibration_intercept": 1.8088951314632933,
        "calibration_slope": 1.2230775947772219,
        "brier_score": 0.005314738214177089,
        "fit_status": "full_intercept_and_slope"
      },
      "classification": {
        "0.0050": {
          "threshold": 0.005,
          "PPV": 0.020521011720630103,
          "NPV": 0.9963649582725929,
          "sensitivity": 0.389206492763024,
          "specificity": 0.9001210653753027
        },
        "0.0100": {
          "threshold": 0.01,
          "PPV": 0.0,
          "NPV": 0.9945936873405401,
          "sensitivity": 0.0,
          "specificity": 0.9891041162227604
        },
        "0.0200": {
          "threshold": 0.02,
          "PPV": 0.0,
          "NPV": 0.9946442172242383,
          "sensitivity": 0.0,
          "specificity": 0.9984866828087167
        },
        "0.0500": {
          "threshold": 0.05,
          "PPV": NaN,
          "NPV": 0.9946522788791159,
          "sensitivity": 0.0,
          "specificity": 1.0
        }
      },
      "nri": {
        "cutoff_nri": {
          "0.000000": -0.09597793919827824
        }
      }
    },
    "O+Q+S": {
      "risk_column": "risks_1y_oqs",
      "C_td": 0.7524166146634812,
      "calibration": {
        "calibration_intercept": 3.4044365858766223,
        "calibration_slope": 1.5206800699213239,
        "brier_score": 0.005301967383549626,
        "fit_status": "full_intercept_and_slope"
      },
      "classification": {
        "0.0050": {
          "threshold": 0.005,
          "PPV": 0.014952078432156547,
          "NPV": 0.9959519228121465,
          "sensitivity": 0.3332508814420861,
          "specificity": 0.8819612590799032
        },
        "0.0100": {
          "threshold": 0.01,
          "PPV": 0.032545225233621536,
          "NPV": 0.9951609405471867,
          "sensitivity": 0.11173033811288251,
          "specificity": 0.9821428571428571
        },
        "0.0200": {
          "threshold": 0.02,
          "PPV": 0.0,
          "NPV": 0.9946442172242383,
          "sensitivity": 0.0,
          "specificity": 0.9984866828087167
        },
        "0.0500": {
          "threshold": 0.05,
          "PPV": NaN,
          "NPV": 0.9946522788791159,
          "sensitivity": 0.0,
          "specificity": 1.0
        }
      },
      "nri": {
        "cutoff_nri": {
          "0.000000": 0.3408662900188324
        }
      }
    }
  },
  "n_rows_total": 3413,
  "horizon": 1.0
}