n,min_risk,max_risk,observed_event_rate,mean_predicted_risk
16774.159216244065,0.0027261730181989,0.0996376873728304,0.006826931405876114,0.014599471125418663
246.39618075106156,0.1003256599585131,0.1997278347578123,0.004067562143874857,0.1345839209970806
40.10134727085178,0.2006645413729138,0.2955522389992492,0.02523719857997145,0.2399778457106177
4.343255734050322,0.3005674322596033,0.3985008003951518,0.0,0.33954260148570087
