n,min_risk,max_risk,observed_event_rate,mean_predicted_risk
16505.054990797486,0.0020800230709223,0.0999041359265993,0.006620068507402193,0.01741683368175684
455.7806398544497,0.1000144566402241,0.1995309068128335,0.013720792050839321,0.1339964402172415
71.58995134271662,0.2006538058467166,0.2989104403556573,0.014136699989555806,0.23969730652032697
24.973720470789353,0.3013034825176941,0.3955699949078847,0.0,0.3455542088908431
5.429069667562903,0.407738783054052,0.4351111101427131,0.0,0.4201732524628208
2.171627867025161,0.5208440811770905,0.551777527425572,0.0,0.5363108043013312
