{
  "O": {
    "calibration_intercept": -0.7031809736704181,
    "calibration_slope": 0.9066675243126867,
    "brier_score": 0.015148872669311085,
    "fit_status": "full_intercept_and_slope"
  },
  "O+S": {
    "calibration_intercept": 0.3638081543027719,
    "calibration_slope": 1.177585422845878,
    "brier_score": 0.012498638535906133,
    "fit_status": "full_intercept_and_slope"
  },
  "O+D": {
    "calibration_intercept": -0.12306561480258853,
    "calibration_slope": 0.9976190218595322,
    "brier_score": 0.014925854531204062,
    "fit_status": "full_intercept_and_slope"
  },
  "O+S+D": {
    "calibration_intercept": 0.601385939606289,
    "calibration_slope": 1.2389975467706165,
    "brier_score": 0.012581408837729915,
    "fit_status": "full_intercept_and_slope"
  }
}