n,min_risk,max_risk,observed_event_rate,mean_predicted_risk
16729.96331162467,0.0027261730181989,0.0997162978576963,0.013109320850210016,0.014763815713091953
276.42725835308,0.1000190998588422,0.1997278347578123,0.12020533621053708,0.13462328873552207
51.227431589200805,0.2006645413729138,0.2955522389992492,0.2437704049094796,0.2376500555648245
7.381998433033232,0.3005674322596033,0.3985008003951518,0.41690436088605837,0.3378628814132859
