n,min_risk,max_risk,observed_event_rate,mean_predicted_risk
16746.44480848776,0.0004049639770612,0.0997914760505138,0.0062207024076917534,0.010575510441647479
175.84029583853112,0.100371579048251,0.1998153634279501,0.01817490350997533,0.13775393100191852
54.150113373956366,0.2015114506021126,0.2994597469261793,0.037507669676077444,0.24926727420542058
45.29484215530511,0.3009996002641035,0.3988148993886196,0.08905898530335393,0.34616992443728506
17.373022936201288,0.4032092609458619,0.4946084412333268,0.0,0.44809851093249825
6.4607991834161,0.5341332256221788,0.5954355484624475,0.15969069561881624,0.5621785145610013
9.737560892361435,0.6029550024826703,0.6643033197245216,0.1079376484397935,0.6416374337044138
7.600697534588063,0.7388140653807221,0.7882860066841044,0.0,0.7645800505276502
2.097859597911463,0.8235078521984633,0.8751295838842855,0.48241820635014415,0.8502263206757228
