n,min_risk,max_risk,observed_event_rate,mean_predicted_risk
16452.955337439955,0.0020800230709223,0.0999041359265993,0.012387042478100518,0.01757630219331324
485.9473784263083,0.1000144566402241,0.1995309068128335,0.08322059541229004,0.13431621739191058
84.567945237736,0.2006538058467166,0.2989104403556573,0.1728937000314833,0.23971469480647703
27.847733972029456,0.3013034825176941,0.3955699949078847,0.11122521434658285,0.3488539041703744
6.414483156578803,0.407738783054052,0.4351111101427131,0.1611929228793455,0.4217763280688812
7.267121767375345,0.5208440811770905,0.589544912407594,0.7038434725580327,0.5604220360600021
