{
  "O": {
    "calibration_intercept": -3.662994619927544,
    "calibration_slope": 0.31848783985177426,
    "brier_score": 0.008013497690453258,
    "fit_status": "full_intercept_and_slope"
  },
  "O+S": {
    "calibration_intercept": -2.6300405730129404,
    "calibration_slope": 0.5119815002164506,
    "brier_score": 0.008029594015088728,
    "fit_status": "full_intercept_and_slope"
  },
  "O+D": {
    "calibration_intercept": -3.2795868136601207,
    "calibration_slope": 0.39105827807176063,
    "brier_score": 0.0073856462931391285,
    "fit_status": "full_intercept_and_slope"
  },
  "O+S+D": {
    "calibration_intercept": -2.508781219147576,
    "calibration_slope": 0.5418119682780037,
    "brier_score": 0.007815799648637317,
    "fit_status": "full_intercept_and_slope"
  }
}