n,min_risk,max_risk,observed_event_rate,mean_predicted_risk
16754.092218362475,0.0013268876657895,0.0998896247386647,0.006155842202779445,0.010656697884009905
186.68966266307189,0.1002923049294811,0.1989482437656487,0.017071689208618457,0.1354692304847879
50.85473174387352,0.2005878932484929,0.2984163645065083,0.06054340596715264,0.2513877432991336
40.95158642125479,0.3016602362428493,0.3883092117559737,0.09850443009292953,0.33782964473290794
9.68347647470205,0.4321861263202056,0.4967296020055129,0.21508586772067023,0.4622183282052192
6.441115331961785,0.5026925116961394,0.5957974142892338,0.1571227360853111,0.5403509680043573
9.772325401613225,0.625540903682075,0.6985669567275333,0.0,0.661157154580102
5.429069667562903,0.7096604120169239,0.7625592626888282,0.0,0.7420886978954391
1.0858139335125805,0.8094665689488098,0.8094665689488098,0.0,0.8094665689488098
