n,min_risk,max_risk,observed_event_rate,mean_predicted_risk
17050.532342907558,0.0115038652670238,0.1989752594804424,0.05511963969437108,0.05084869409210962
14.467657092430482,0.2006273098907671,0.3791411672798744,0.23675974781035647,0.2261541680371482
