n,min_risk,max_risk,observed_event_rate,mean_predicted_risk
17065.000000000055,0.0163639086116777,0.1448441129604447,0.05541732556764853,0.03915821228217915
