n,min_risk,max_risk,observed_event_rate,mean_predicted_risk
16796.230924713553,0.0133844518550257,0.1997023592764058,0.04870291220600553,0.045245184305334536
225.6949330963408,0.2003829999664627,0.3989273073777138,0.41289076739141256,0.27883736658579417
41.011372369414154,0.4034120562428982,0.5826152884160716,0.7307503355811825,0.46155822393469276
1.0313849103403663,0.6373744868045443,0.6373744868045443,1.0,0.6373744868045443
1.0313849103403663,0.8759913515947103,0.8759913515947103,1.0,0.8759913515947103
