n,min_risk,max_risk,observed_event_rate,mean_predicted_risk
16936.968649449973,0.0094410840282501,0.1888800527989973,0.0717665489787088,0.04106250514148086
123.64006812968138,0.2018694346250692,0.3613065915325214,0.21130559471720045,0.2679554469637926
1.152754809991446,0.4332919055226271,0.4332919055226271,1.0,0.4332919055226271
3.238527610306509,0.617165698678675,0.6577553093146273,1.0,0.639055854796743
