n,min_risk,max_risk,observed_event_rate,mean_predicted_risk
16994.409520001125,0.0182221954027099,0.1989324013032323,0.07299129257116184,0.06025839590510851
70.59047999882439,0.2003833851954619,0.2660804463825786,0.0790615580241805,0.2236374040356533
