n,min_risk,max_risk,observed_event_rate,mean_predicted_risk
16986.41482403585,0.0182110732926942,0.1989324013032323,0.05480339326156296,0.06081655055812994
78.58517596413586,0.2003833851954619,0.2660804463825786,0.15691746345193663,0.22285648392346624
