n,min_risk,max_risk,observed_event_rate,mean_predicted_risk
16852.456668663664,0.0110921051316118,0.1995254193301746,0.049255840106709706,0.04186337943692993
192.23067979053118,0.2007795174625601,0.3881070256816663,0.4830134069198948,0.2726197200056431
18.249881725112143,0.4076530430117599,0.5181494017250802,1.0,0.44011671625779836
2.0627698206807326,0.6535518819085994,0.7605097916591019,1.0,0.7070308367838506
