{
  "O": {
    "calibration_intercept": -1.4813913171368391,
    "calibration_slope": 0.37701366050439994,
    "brier_score": 0.06805133559889891,
    "fit_status": "full_intercept_and_slope"
  },
  "O+S": {
    "calibration_intercept": -1.6090700437635912,
    "calibration_slope": 0.2977770008218667,
    "brier_score": 0.06858073943682076,
    "fit_status": "full_intercept_and_slope"
  },
  "O+D": {
    "calibration_intercept": -1.0835134573981882,
    "calibration_slope": 0.4877532649139924,
    "brier_score": 0.06795246722850447,
    "fit_status": "full_intercept_and_slope"
  },
  "O+S+D": {
    "calibration_intercept": -1.3037790655947965,
    "calibration_slope": 0.38712474170922223,
    "brier_score": 0.06845081374045203,
    "fit_status": "full_intercept_and_slope"
  }
}