n,min_risk,max_risk,observed_event_rate,mean_predicted_risk
17065.000000000055,0.0141051972332902,0.1786151599668358,0.05541732556764853,0.03811609790883741
