{
  "mode": "survival",
  "n_rows_ipcw": 2864,
  "weighted_event_rate": 0.036034055612695966,
  "ppv_npv_thresholds": [
    0.05,
    0.1,
    0.15,
    0.2
  ],
  "models": {
    "O": {
      "risk_column": "risks_5y_o",
      "C_td": 0.5304088836632229,
      "calibration": {
        "calibration_intercept": -1.0179529386451165,
        "calibration_slope": 0.6833651171552885,
        "brier_score": 0.03472003003848933,
        "fit_status": "full_intercept_and_slope"
      },
      "classification": {
        "0.0500": {
          "threshold": 0.05,
          "PPV": 0.09804661807775257,
          "NPV": 0.9643782254561478,
          "sensitivity": 0.017970303190504213,
          "specificity": 0.9938204289349328
        },
        "0.1000": {
          "threshold": 0.1,
          "PPV": NaN,
          "NPV": 0.9639659443873041,
          "sensitivity": 0.0,
          "specificity": 1.0
        },
        "0.1500": {
          "threshold": 0.15,
          "PPV": NaN,
          "NPV": 0.9639659443873041,
          "sensitivity": 0.0,
          "specificity": 1.0
        },
        "0.2000": {
          "threshold": 0.2,
          "PPV": NaN,
          "NPV": 0.9639659443873041,
          "sensitivity": 0.0,
          "specificity": 1.0
        }
      },
      "nri": {
        "is_reference": true
      }
    },
    "O+Q": {
      "risk_column": "risks_5y_oq",
      "C_td": 0.5721380794113913,
      "calibration": {
        "calibration_intercept": -0.10034443960297297,
        "calibration_slope": 0.9613132432135625,
        "brier_score": 0.03466699076682491,
        "fit_status": "full_intercept_and_slope"
      },
      "classification": {
        "0.0500": {
          "threshold": 0.05,
          "PPV": 0.06381541966166127,
          "NPV": 0.9650911705520145,
          "sensitivity": 0.0689374859798071,
          "specificity": 0.9621955652490004
        },
        "0.1000": {
          "threshold": 0.1,
          "PPV": NaN,
          "NPV": 0.9639659443873041,
          "sensitivity": 0.0,
          "specificity": 1.0
        },
        "0.1500": {
          "threshold": 0.15,
          "PPV": NaN,
          "NPV": 0.9639659443873041,
          "sensitivity": 0.0,
          "specificity": 1.0
        },
        "0.2000": {
          "threshold": 0.2,
          "PPV": NaN,
          "NPV": 0.9639659443873041,
          "sensitivity": 0.0,
          "specificity": 1.0
        }
      },
      "nri": {
        "cutoff_nri": {
          "0.000000": 0.2833981528840679
        }
      }
    },
    "S": {
      "risk_column": "risks_5y_s",
      "C_td": 0.5301539727852265,
      "calibration": {
        "calibration_intercept": -1.1877292601831384,
        "calibration_slope": 0.6311025084642949,
        "brier_score": 0.03472111114320525,
        "fit_status": "full_intercept_and_slope"
      },
      "classification": {
        "0.0500": {
          "threshold": 0.05,
          "PPV": 0.03676698726387005,
          "NPV": 0.9639729428685581,
          "sensitivity": 0.009650681662716676,
          "specificity": 0.9905488913122501
        },
        "0.1000": {
          "threshold": 0.1,
          "PPV": NaN,
          "NPV": 0.9639659443873041,
          "sensitivity": 0.0,
          "specificity": 1.0
        },
        "0.1500": {
          "threshold": 0.15,
          "PPV": NaN,
          "NPV": 0.9639659443873041,
          "sensitivity": 0.0,
          "specificity": 1.0
        },
        "0.2000": {
          "threshold": 0.2,
          "PPV": NaN,
          "NPV": 0.9639659443873041,
          "sensitivity": 0.0,
          "specificity": 1.0
        }
      },
      "nri": {
        "cutoff_nri": {
          "0.000000": 0.030521483740425792
        }
      }
    },
    "O+S": {
      "risk_column": "risks_5y_os",
      "C_td": 0.528757686366518,
      "calibration": {
        "calibration_intercept": -1.063103825747926,
        "calibration_slope": 0.6690278907563456,
        "brier_score": 0.034717464936383724,
        "fit_status": "full_intercept_and_slope"
      },
      "classification": {
        "0.0500": {
          "threshold": 0.05,
          "PPV": 0.041364310678648666,
          "NPV": 0.9640111362163731,
          "sensitivity": 0.009650681662716676,
          "specificity": 0.9916394038531443
        },
        "0.1000": {
          "threshold": 0.1,
          "PPV": NaN,
          "NPV": 0.9639659443873041,
          "sensitivity": 0.0,
          "specificity": 1.0
        },
        "0.1500": {
          "threshold": 0.15,
          "PPV": NaN,
          "NPV": 0.9639659443873041,
          "sensitivity": 0.0,
          "specificity": 1.0
        },
        "0.2000": {
          "threshold": 0.2,
          "PPV": NaN,
          "NPV": 0.9639659443873041,
          "sensitivity": 0.0,
          "specificity": 1.0
        }
      },
      "nri": {
        "cutoff_nri": {
          "0.000000": 0.05671951953111182
        }
      }
    },
    "O+Q+S": {
      "risk_column": "risks_5y_oqs",
      "C_td": 0.7464309693809107,
      "calibration": {
        "calibration_intercept": 1.8821577844350612,
        "calibration_slope": 1.6574651442861044,
        "brier_score": 0.0337493982095136,
        "fit_status": "full_intercept_and_slope"
      },
      "classification": {
        "0.0500": {
          "threshold": 0.05,
          "PPV": 0.07137537065628875,
          "NPV": 0.9827899372299914,
          "sensitivity": 0.6883760707714415,
          "specificity": 0.6652126499454744
        },
        "0.1000": {
          "threshold": 0.1,
          "PPV": 0.23309265228311077,
          "NPV": 0.9647796281890844,
          "sensitivity": 0.02660027647338274,
          "specificity": 0.9967284623773173
        },
        "0.1500": {
          "threshold": 0.15,
          "PPV": NaN,
          "NPV": 0.9639659443873041,
          "sensitivity": 0.0,
          "specificity": 1.0
        },
        "0.2000": {
          "threshold": 0.2,
          "PPV": NaN,
          "NPV": 0.9639659443873041,
          "sensitivity": 0.0,
          "specificity": 1.0
        }
      },
      "nri": {
        "cutoff_nri": {
          "0.000000": 0.7058736485204093
        }
      }
    }
  },
  "n_rows_total": 3413,
  "horizon": 5.0
}