{
  "mode": "survival",
  "n_rows_ipcw": 3309,
  "weighted_event_rate": 0.0014894637882907364,
  "ppv_npv_thresholds": [
    0.005,
    0.01,
    0.02,
    0.05
  ],
  "models": {
    "O": {
      "risk_column": "risks_1y_o",
      "C_td": 0.8293255185275571,
      "calibration": {
        "calibration_intercept": 4.546052651401356,
        "calibration_slope": 1.74249496845754,
        "brier_score": 0.0014857938667276911,
        "fit_status": "full_intercept_and_slope"
      },
      "classification": {
        "0.0050": {
          "threshold": 0.005,
          "PPV": 0.0,
          "NPV": 0.9984950727387357,
          "sensitivity": 0.0,
          "specificity": 0.9897094430992736
        },
        "0.0100": {
          "threshold": 0.01,
          "PPV": NaN,
          "NPV": 0.9985105362117093,
          "sensitivity": 0.0,
          "specificity": 1.0
        },
        "0.0200": {
          "threshold": 0.02,
          "PPV": NaN,
          "NPV": 0.9985105362117093,
          "sensitivity": 0.0,
          "specificity": 1.0
        },
        "0.0500": {
          "threshold": 0.05,
          "PPV": NaN,
          "NPV": 0.9985105362117093,
          "sensitivity": 0.0,
          "specificity": 1.0
        }
      },
      "nri": {
        "is_reference": true
      }
    },
    "O+Q": {
      "risk_column": "risks_1y_oq",
      "C_td": 0.8257887799760848,
      "calibration": {
        "calibration_intercept": 4.098017283509421,
        "calibration_slope": 1.6720937682896242,
        "brier_score": 0.0014855696863596657,
        "fit_status": "full_intercept_and_slope"
      },
      "classification": {
        "0.0050": {
          "threshold": 0.005,
          "PPV": 0.0,
          "NPV": 0.9984909255734716,
          "sensitivity": 0.0,
          "specificity": 0.9869854721549637
        },
        "0.0100": {
          "threshold": 0.01,
          "PPV": 0.0,
          "NPV": 0.99851008594086,
          "sensitivity": 0.0,
          "specificity": 0.9996973365617434
        },
        "0.0200": {
          "threshold": 0.02,
          "PPV": NaN,
          "NPV": 0.9985105362117093,
          "sensitivity": 0.0,
          "specificity": 1.0
        },
        "0.0500": {
          "threshold": 0.05,
          "PPV": NaN,
          "NPV": 0.9985105362117093,
          "sensitivity": 0.0,
          "specificity": 1.0
        }
      },
      "nri": {
        "cutoff_nri": {
          "0.000000": -0.09467312348668272
        }
      }
    },
    "S": {
      "risk_column": "risks_1y_s",
      "C_td": 0.3975241951847986,
      "calibration": {
        "calibration_intercept": -11.788518754345654,
        "calibration_slope": -0.7894347898116918,
        "brier_score": 0.0014897220199025635,
        "fit_status": "full_intercept_and_slope"
      },
      "classification": {
        "0.0050": {
          "threshold": 0.005,
          "PPV": 0.0,
          "NPV": 0.9984750500582683,
          "sensitivity": 0.0,
          "specificity": 0.9766949152542372
        },
        "0.0100": {
          "threshold": 0.01,
          "PPV": 0.0,
          "NPV": 0.9985064739497616,
          "sensitivity": 0.0,
          "specificity": 0.99727602905569
        },
        "0.0200": {
          "threshold": 0.02,
          "PPV": NaN,
          "NPV": 0.9985105362117093,
          "sensitivity": 0.0,
          "specificity": 1.0
        },
        "0.0500": {
          "threshold": 0.05,
          "PPV": NaN,
          "NPV": 0.9985105362117093,
          "sensitivity": 0.0,
          "specificity": 1.0
        }
      },
      "nri": {
        "cutoff_nri": {
          "0.000000": -0.9497578692493946
        }
      }
    },
    "O+S": {
      "risk_column": "risks_1y_os",
      "C_td": 0.6115586736955756,
      "calibration": {
        "calibration_intercept": -3.882431215984833,
        "calibration_slope": 0.4012119424885422,
        "brier_score": 0.0014883201248407673,
        "fit_status": "full_intercept_and_slope"
      },
      "classification": {
        "0.0050": {
          "threshold": 0.005,
          "PPV": 0.0,
          "NPV": 0.9984797538940499,
          "sensitivity": 0.0,
          "specificity": 0.9797215496368039
        },
        "0.0100": {
          "threshold": 0.01,
          "PPV": 0.0,
          "NPV": 0.9985082821317933,
          "sensitivity": 0.0,
          "specificity": 0.9984866828087168
        },
        "0.0200": {
          "threshold": 0.02,
          "PPV": NaN,
          "NPV": 0.9985105362117093,
          "sensitivity": 0.0,
          "specificity": 1.0
        },
        "0.0500": {
          "threshold": 0.05,
          "PPV": NaN,
          "NPV": 0.9985105362117093,
          "sensitivity": 0.0,
          "specificity": 1.0
        }
      },
      "nri": {
        "cutoff_nri": {
          "0.000000": -0.8710653753026634
        }
      }
    },
    "O+Q+S": {
      "risk_column": "risks_1y_oqs",
      "C_td": 0.6630726998642894,
      "calibration": {
        "calibration_intercept": -2.820802226419767,
        "calibration_slope": 0.5651435887756163,
        "brier_score": 0.0014882579871399663,
        "fit_status": "full_intercept_and_slope"
      },
      "classification": {
        "0.0050": {
          "threshold": 0.005,
          "PPV": 0.0,
          "NPV": 0.9984764642625649,
          "sensitivity": 0.0,
          "specificity": 0.9776029055690073
        },
        "0.0100": {
          "threshold": 0.01,
          "PPV": 0.0,
          "NPV": 0.9985082821317933,
          "sensitivity": 0.0,
          "specificity": 0.9984866828087168
        },
        "0.0200": {
          "threshold": 0.02,
          "PPV": NaN,
          "NPV": 0.9985105362117093,
          "sensitivity": 0.0,
          "specificity": 1.0
        },
        "0.0500": {
          "threshold": 0.05,
          "PPV": NaN,
          "NPV": 0.9985105362117093,
          "sensitivity": 0.0,
          "specificity": 1.0
        }
      },
      "nri": {
        "cutoff_nri": {
          "0.000000": -0.8644067796610169
        }
      }
    }
  },
  "n_rows_total": 3413,
  "horizon": 1.0
}