{
  "O": {
    "calibration_intercept": 1.0288884707521204,
    "calibration_slope": 1.3373646949913682,
    "brier_score": 0.09001197185760902,
    "fit_status": "full_intercept_and_slope"
  },
  "Q": {
    "calibration_intercept": 0.6188356826886997,
    "calibration_slope": 1.1318426852599048,
    "brier_score": 0.0851946323458035,
    "fit_status": "full_intercept_and_slope"
  },
  "S": {
    "calibration_intercept": 0.3918620663154677,
    "calibration_slope": 1.0627034198429977,
    "brier_score": 0.09716469635356102,
    "fit_status": "full_intercept_and_slope"
  },
  "O+S": {
    "calibration_intercept": 1.0877113765531394,
    "calibration_slope": 1.365870703939638,
    "brier_score": 0.08930954691140373,
    "fit_status": "full_intercept_and_slope"
  },
  "Q+S": {
    "calibration_intercept": 0.622737132309423,
    "calibration_slope": 1.1334333045858493,
    "brier_score": 0.08497090654032173,
    "fit_status": "full_intercept_and_slope"
  }
}