{
  "mode": "survival",
  "n_rows_ipcw": 2773,
  "weighted_event_rate": 0.0070900740682263,
  "ppv_npv_thresholds": [
    0.005,
    0.01,
    0.02,
    0.05
  ],
  "models": {
    "O": {
      "risk_column": "risks_5y_o",
      "C_td": 0.4020347754656681,
      "calibration": {
        "calibration_intercept": -8.628249116093999,
        "calibration_slope": -0.6700878324824971,
        "brier_score": 0.007055974554333952,
        "fit_status": "full_intercept_and_slope"
      },
      "classification": {
        "0.0050": {
          "threshold": 0.005,
          "PPV": 0.00442032671044946,
          "NPV": 0.9913796984833072,
          "sensitivity": 0.2271500831151692,
          "specificity": 0.6346782988004362
        },
        "0.0100": {
          "threshold": 0.01,
          "PPV": 0.0,
          "NPV": 0.9928765021248969,
          "sensitivity": 0.0,
          "specificity": 0.9952744456561251
        },
        "0.0200": {
          "threshold": 0.02,
          "PPV": NaN,
          "NPV": 0.9929099259317736,
          "sensitivity": 0.0,
          "specificity": 1.0
        },
        "0.0500": {
          "threshold": 0.05,
          "PPV": NaN,
          "NPV": 0.9929099259317736,
          "sensitivity": 0.0,
          "specificity": 1.0
        }
      },
      "nri": {
        "is_reference": true
      }
    },
    "O+Q": {
      "risk_column": "risks_5y_oq",
      "C_td": 0.5991337016727505,
      "calibration": {
        "calibration_intercept": -0.03409412541309996,
        "calibration_slope": 0.9132384925777859,
        "brier_score": 0.007040688993711631,
        "fit_status": "full_intercept_and_slope"
      },
      "classification": {
        "0.0050": {
          "threshold": 0.005,
          "PPV": 0.011713527714213865,
          "NPV": 0.9951773732883585,
          "sensitivity": 0.5436233961267602,
          "specificity": 0.6724827335514358
        },
        "0.0100": {
          "threshold": 0.01,
          "PPV": 0.016735596384725528,
          "NPV": 0.9931012999200669,
          "sensitivity": 0.04592141224354669,
          "specificity": 0.9807342784442021
        },
        "0.0200": {
          "threshold": 0.02,
          "PPV": NaN,
          "NPV": 0.9929099259317736,
          "sensitivity": 0.0,
          "specificity": 1.0
        },
        "0.0500": {
          "threshold": 0.05,
          "PPV": NaN,
          "NPV": 0.9929099259317736,
          "sensitivity": 0.0,
          "specificity": 1.0
        }
      },
      "nri": {
        "cutoff_nri": {
          "0.000000": 0.5087075774098675
        }
      }
    },
    "S": {
      "risk_column": "risks_5y_s",
      "C_td": 0.7739195083855437,
      "calibration": {
        "calibration_intercept": 1.988736750988565,
        "calibration_slope": 1.321407523497547,
        "brier_score": 0.00698159679045085,
        "fit_status": "full_intercept_and_slope"
      },
      "classification": {
        "0.0050": {
          "threshold": 0.005,
          "PPV": 0.016046375959198292,
          "NPV": 0.9971361812407109,
          "sensitivity": 0.7255749089734416,
          "specificity": 0.6822973464194838
        },
        "0.0100": {
          "threshold": 0.01,
          "PPV": 0.02845740177885078,
          "NPV": 0.9954004777089452,
          "sensitivity": 0.4189943896220168,
          "specificity": 0.8978553253362413
        },
        "0.0200": {
          "threshold": 0.02,
          "PPV": 0.05712953567861218,
          "NPV": 0.9938068447635957,
          "sensitivity": 0.14188450983502174,
          "specificity": 0.9832788077062886
        },
        "0.0500": {
          "threshold": 0.05,
          "PPV": NaN,
          "NPV": 0.9929099259317736,
          "sensitivity": 0.0,
          "specificity": 1.0
        }
      },
      "nri": {
        "cutoff_nri": {
          "0.000000": 0.9551898483196193
        }
      }
    },
    "O+S": {
      "risk_column": "risks_5y_os",
      "C_td": 0.77993000475759,
      "calibration": {
        "calibration_intercept": 1.8254742104625568,
        "calibration_slope": 1.2885290005941115,
        "brier_score": 0.0069760705018119176,
        "fit_status": "full_intercept_and_slope"
      },
      "classification": {
        "0.0050": {
          "threshold": 0.005,
          "PPV": 0.01881460823403807,
          "NPV": 0.9980986662481982,
          "sensitivity": 0.8141016714077978,
          "specificity": 0.6968375136314068
        },
        "0.0100": {
          "threshold": 0.01,
          "PPV": 0.030062564106526888,
          "NPV": 0.9954230666112818,
          "sensitivity": 0.41811587940495537,
          "specificity": 0.9036713922210104
        },
        "0.0200": {
          "threshold": 0.02,
          "PPV": 0.04823196122110979,
          "NPV": 0.993786298748989,
          "sensitivity": 0.14188450983502174,
          "specificity": 0.980007270083606
        },
        "0.0500": {
          "threshold": 0.05,
          "PPV": NaN,
          "NPV": 0.9929099259317736,
          "sensitivity": 0.0,
          "specificity": 1.0
        }
      },
      "nri": {
        "cutoff_nri": {
          "0.000000": 0.8839099831466244
        }
      }
    },
    "O+Q+S": {
      "risk_column": "risks_5y_oqs",
      "C_td": 0.7933263279877721,
      "calibration": {
        "calibration_intercept": 2.018141840676171,
        "calibration_slope": 1.3305542724353234,
        "brier_score": 0.006969052134831057,
        "fit_status": "full_intercept_and_slope"
      },
      "classification": {
        "0.0050": {
          "threshold": 0.005,
          "PPV": 0.01840323799734789,
          "NPV": 0.9980796694259185,
          "sensitivity": 0.8141016714077978,
          "specificity": 0.6899309342057434
        },
        "0.0100": {
          "threshold": 0.01,
          "PPV": 0.04408088456658414,
          "NPV": 0.9968166801040999,
          "sensitivity": 0.5939066190959268,
          "specificity": 0.9080334423845874
        },
        "0.0200": {
          "threshold": 0.02,
          "PPV": 0.03777955391942354,
          "NPV": 0.9934606788410095,
          "sensitivity": 0.0939395753037963,
          "specificity": 0.9829153035259905
        },
        "0.0500": {
          "threshold": 0.05,
          "PPV": 0.0,
          "NPV": 0.992902240614712,
          "sensitivity": 0.0,
          "specificity": 0.9989094874591058
        }
      },
      "nri": {
        "cutoff_nri": {
          "0.000000": 0.8795479329830476
        }
      }
    }
  },
  "n_rows_total": 3413,
  "horizon": 5.0
}