{
  "mode": "survival",
  "n_rows_ipcw": 3320,
  "weighted_event_rate": 0.0008915024754811945,
  "ppv_npv_thresholds": [
    0.005,
    0.01,
    0.02,
    0.05
  ],
  "models": {
    "O": {
      "risk_column": "risks_1y_o",
      "C_td": 0.34954987799281845,
      "calibration": {
        "calibration_intercept": -13.842217815747608,
        "calibration_slope": -0.9636638176070929,
        "brier_score": 0.0008912063556144457,
        "fit_status": "full_intercept_and_slope"
      },
      "classification": {
        "0.0050": {
          "threshold": 0.005,
          "PPV": NaN,
          "NPV": 0.9991084975245188,
          "sensitivity": 0.0,
          "specificity": 1.0
        },
        "0.0100": {
          "threshold": 0.01,
          "PPV": NaN,
          "NPV": 0.9991084975245188,
          "sensitivity": 0.0,
          "specificity": 1.0
        },
        "0.0200": {
          "threshold": 0.02,
          "PPV": NaN,
          "NPV": 0.9991084975245188,
          "sensitivity": 0.0,
          "specificity": 1.0
        },
        "0.0500": {
          "threshold": 0.05,
          "PPV": NaN,
          "NPV": 0.9991084975245188,
          "sensitivity": 0.0,
          "specificity": 1.0
        }
      },
      "nri": {
        "is_reference": true
      }
    },
    "O+Q": {
      "risk_column": "risks_1y_oq",
      "C_td": 0.5564151841643576,
      "calibration": {
        "calibration_intercept": -4.793398589508305,
        "calibration_slope": 0.32030269599559086,
        "brier_score": 0.0008908474277238691,
        "fit_status": "full_intercept_and_slope"
      },
      "classification": {
        "0.0050": {
          "threshold": 0.005,
          "PPV": NaN,
          "NPV": 0.9991084975245188,
          "sensitivity": 0.0,
          "specificity": 1.0
        },
        "0.0100": {
          "threshold": 0.01,
          "PPV": NaN,
          "NPV": 0.9991084975245188,
          "sensitivity": 0.0,
          "specificity": 1.0
        },
        "0.0200": {
          "threshold": 0.02,
          "PPV": NaN,
          "NPV": 0.9991084975245188,
          "sensitivity": 0.0,
          "specificity": 1.0
        },
        "0.0500": {
          "threshold": 0.05,
          "PPV": NaN,
          "NPV": 0.9991084975245188,
          "sensitivity": 0.0,
          "specificity": 1.0
        }
      },
      "nri": {
        "cutoff_nri": {
          "0.000000": 0.3583559441262184
        }
      }
    },
    "S": {
      "risk_column": "risks_1y_s",
      "C_td": 0.8401555570305845,
      "calibration": {
        "calibration_intercept": 2.6449975102160437,
        "calibration_slope": 1.4338204245457196,
        "brier_score": 0.0008898374752920583,
        "fit_status": "full_intercept_and_slope"
      },
      "classification": {
        "0.0050": {
          "threshold": 0.005,
          "PPV": 0.0,
          "NPV": 0.9990998209951923,
          "sensitivity": 0.0,
          "specificity": 0.9903527283690081
        },
        "0.0100": {
          "threshold": 0.01,
          "PPV": 0.0,
          "NPV": 0.9991082289155141,
          "sensitivity": 0.0,
          "specificity": 0.9996985227615315
        },
        "0.0200": {
          "threshold": 0.02,
          "PPV": NaN,
          "NPV": 0.9991084975245188,
          "sensitivity": 0.0,
          "specificity": 1.0
        },
        "0.0500": {
          "threshold": 0.05,
          "PPV": NaN,
          "NPV": 0.9991084975245188,
          "sensitivity": 0.0,
          "specificity": 1.0
        }
      },
      "nri": {
        "cutoff_nri": {
          "0.000000": 1.2113355441664155
        }
      }
    },
    "O+S": {
      "risk_column": "risks_1y_os",
      "C_td": 0.8424559556185999,
      "calibration": {
        "calibration_intercept": 2.184883700933439,
        "calibration_slope": 1.363112190723543,
        "brier_score": 0.0008898145650585642,
        "fit_status": "full_intercept_and_slope"
      },
      "classification": {
        "0.0050": {
          "threshold": 0.005,
          "PPV": 0.0,
          "NPV": 0.9990970748388243,
          "sensitivity": 0.0,
          "specificity": 0.9873379559843232
        },
        "0.0100": {
          "threshold": 0.01,
          "PPV": 0.0,
          "NPV": 0.9991079601445974,
          "sensitivity": 0.0,
          "specificity": 0.9993970455230631
        },
        "0.0200": {
          "threshold": 0.02,
          "PPV": NaN,
          "NPV": 0.9991084975245188,
          "sensitivity": 0.0,
          "specificity": 1.0
        },
        "0.0500": {
          "threshold": 0.05,
          "PPV": NaN,
          "NPV": 0.9991084975245188,
          "sensitivity": 0.0,
          "specificity": 1.0
        }
      },
      "nri": {
        "cutoff_nri": {
          "0.000000": 1.233644859813084
        }
      }
    },
    "O+Q+S": {
      "risk_column": "risks_1y_oqs",
      "C_td": 0.8332282076901099,
      "calibration": {
        "calibration_intercept": 2.16945665188348,
        "calibration_slope": 1.3632223310912923,
        "brier_score": 0.0008895995779237194,
        "fit_status": "full_intercept_and_slope"
      },
      "classification": {
        "0.0050": {
          "threshold": 0.005,
          "PPV": 0.0,
          "NPV": 0.9990976254097028,
          "sensitivity": 0.0,
          "specificity": 0.9879409104612601
        },
        "0.0100": {
          "threshold": 0.01,
          "PPV": 0.0,
          "NPV": 0.9991071528589088,
          "sensitivity": 0.0,
          "specificity": 0.9984926138076575
        },
        "0.0200": {
          "threshold": 0.02,
          "PPV": NaN,
          "NPV": 0.9991084975245188,
          "sensitivity": 0.0,
          "specificity": 1.0
        },
        "0.0500": {
          "threshold": 0.05,
          "PPV": NaN,
          "NPV": 0.9991084975245188,
          "sensitivity": 0.0,
          "specificity": 1.0
        }
      },
      "nri": {
        "cutoff_nri": {
          "0.000000": 1.2330419053361472
        }
      }
    }
  },
  "n_rows_total": 3413,
  "horizon": 1.0
}