{
  "mode": "survival",
  "n_rows_ipcw": 3097,
  "weighted_event_rate": 0.006144393109374089,
  "ppv_npv_thresholds": [
    0.005,
    0.01,
    0.02,
    0.05
  ],
  "models": {
    "O": {
      "risk_column": "risks_3y_o",
      "C_td": 0.6957579936764005,
      "calibration": {
        "calibration_intercept": 1.4889739057138645,
        "calibration_slope": 1.3261180959971102,
        "brier_score": 0.006084687196379574,
        "fit_status": "full_intercept_and_slope"
      },
      "classification": {
        "0.0050": {
          "threshold": 0.005,
          "PPV": 0.009124617335951107,
          "NPV": 0.9984514973898935,
          "sensitivity": 0.9008630972483374,
          "specificity": 0.39519012024699385
        },
        "0.0100": {
          "threshold": 0.01,
          "PPV": 0.016678503829994855,
          "NPV": 0.9962561093535327,
          "sensitivity": 0.5037636257021497,
          "specificity": 0.8163795905102372
        },
        "0.0200": {
          "threshold": 0.02,
          "PPV": NaN,
          "NPV": 0.9938556068906259,
          "sensitivity": 0.0,
          "specificity": 1.0
        },
        "0.0500": {
          "threshold": 0.05,
          "PPV": NaN,
          "NPV": 0.9938556068906259,
          "sensitivity": 0.0,
          "specificity": 1.0
        }
      },
      "nri": {
        "is_reference": true
      }
    },
    "O+Q": {
      "risk_column": "risks_3y_q",
      "C_td": 0.7259409712255169,
      "calibration": {
        "calibration_intercept": 1.2492163826106921,
        "calibration_slope": 1.2786066740652995,
        "brier_score": 0.006081930364513183,
        "fit_status": "full_intercept_and_slope"
      },
      "classification": {
        "0.0050": {
          "threshold": 0.005,
          "PPV": 0.009859568734081099,
          "NPV": 0.9986111502484257,
          "sensitivity": 0.9008630972483374,
          "specificity": 0.4406889827754306
        },
        "0.0100": {
          "threshold": 0.01,
          "PPV": 0.01324276290637219,
          "NPV": 0.9954837891345154,
          "sensitivity": 0.40212395148905516,
          "specificity": 0.8147546311342216
        },
        "0.0200": {
          "threshold": 0.02,
          "PPV": 0.016308833216782885,
          "NPV": 0.9940529396024074,
          "sensitivity": 0.0505485748628484,
          "specificity": 0.9811504712382191
        },
        "0.0500": {
          "threshold": 0.05,
          "PPV": NaN,
          "NPV": 0.9938556068906259,
          "sensitivity": 0.0,
          "specificity": 1.0
        }
      },
      "nri": {
        "cutoff_nri": {
          "0.000000": 0.42391940201494954
        }
      }
    },
    "S": {
      "risk_column": "risks_3y_s",
      "C_td": 0.5995809056830416,
      "calibration": {
        "calibration_intercept": -0.5331174745436181,
        "calibration_slope": 0.9063744546960463,
        "brier_score": 0.006103581519995887,
        "fit_status": "full_intercept_and_slope"
      },
      "classification": {
        "0.0050": {
          "threshold": 0.005,
          "PPV": 0.007500808258849694,
          "NPV": 0.9969963765470964,
          "sensitivity": 0.8525589584186741,
          "specificity": 0.30256743581410467
        },
        "0.0100": {
          "threshold": 0.01,
          "PPV": 0.009484686821164977,
          "NPV": 0.9942164707275382,
          "sensitivity": 0.15050460631426602,
          "specificity": 0.9028274293142671
        },
        "0.0200": {
          "threshold": 0.02,
          "PPV": NaN,
          "NPV": 0.9938556068906259,
          "sensitivity": 0.0,
          "specificity": 1.0
        },
        "0.0500": {
          "threshold": 0.05,
          "PPV": NaN,
          "NPV": 0.9938556068906259,
          "sensitivity": 0.0,
          "specificity": 1.0
        }
      },
      "nri": {
        "cutoff_nri": {
          "0.000000": -0.49392265193370166
        }
      }
    },
    "O+S": {
      "risk_column": "risks_3y_os",
      "C_td": 0.6819158847507931,
      "calibration": {
        "calibration_intercept": 1.7049027389957918,
        "calibration_slope": 1.366632376496188,
        "brier_score": 0.00608836733516375,
        "fit_status": "full_intercept_and_slope"
      },
      "classification": {
        "0.0050": {
          "threshold": 0.005,
          "PPV": 0.008920384900971415,
          "NPV": 0.9983948232802942,
          "sensitivity": 0.9008630972483374,
          "specificity": 0.3812154696132597
        },
        "0.0100": {
          "threshold": 0.01,
          "PPV": 0.014623815129257506,
          "NPV": 0.9955898265805183,
          "sensitivity": 0.4041152025259741,
          "specificity": 0.8316542086447838
        },
        "0.0200": {
          "threshold": 0.02,
          "PPV": NaN,
          "NPV": 0.9938556068906259,
          "sensitivity": 0.0,
          "specificity": 1.0
        },
        "0.0500": {
          "threshold": 0.05,
          "PPV": NaN,
          "NPV": 0.9938556068906259,
          "sensitivity": 0.0,
          "specificity": 1.0
        }
      },
      "nri": {
        "cutoff_nri": {
          "0.000000": -0.175723106922327
        }
      }
    },
    "O+Q+S": {
      "risk_column": "risks_3y_qs",
      "C_td": 0.6930688455394215,
      "calibration": {
        "calibration_intercept": 0.6914907697857458,
        "calibration_slope": 1.1596590399554887,
        "brier_score": 0.006091463782635263,
        "fit_status": "full_intercept_and_slope"
      },
      "classification": {
        "0.0050": {
          "threshold": 0.005,
          "PPV": 0.009493618115792433,
          "NPV": 0.9985390656951806,
          "sensitivity": 0.9008630972483374,
          "specificity": 0.4189145271368216
        },
        "0.0100": {
          "threshold": 0.01,
          "PPV": 0.01641289337529572,
          "NPV": 0.9959505493077477,
          "sensitivity": 0.45262529940559754,
          "specificity": 0.8323041923951902
        },
        "0.0200": {
          "threshold": 0.02,
          "PPV": 0.0,
          "NPV": 0.9937772197417951,
          "sensitivity": 0.0,
          "specificity": 0.9873253168670783
        },
        "0.0500": {
          "threshold": 0.05,
          "PPV": NaN,
          "NPV": 0.9938556068906259,
          "sensitivity": 0.0,
          "specificity": 1.0
        }
      },
      "nri": {
        "cutoff_nri": {
          "0.000000": 0.07832304192395195
        }
      }
    }
  },
  "n_rows_total": 3413,
  "horizon": 3.0
}