{
  "mode": "survival",
  "n_rows_ipcw": 2435,
  "weighted_event_rate": 0.01391913551568992,
  "ppv_npv_thresholds": [
    0.005,
    0.01,
    0.02,
    0.05
  ],
  "models": {
    "O": {
      "risk_column": "risks_7y_o",
      "C_td": 0.7162675649285212,
      "calibration": {
        "calibration_intercept": 2.6902375463581567,
        "calibration_slope": 1.724843502711042,
        "brier_score": 0.013600356807786993,
        "fit_status": "full_intercept_and_slope"
      },
      "classification": {
        "0.0050": {
          "threshold": 0.005,
          "PPV": 0.01440548533682076,
          "NPV": 1.0,
          "sensitivity": 1.0,
          "specificity": 0.03423799582463466
        },
        "0.0100": {
          "threshold": 0.01,
          "PPV": 0.018762772203813706,
          "NPV": 1.0,
          "sensitivity": 1.0,
          "specificity": 0.26179540709812105
        },
        "0.0200": {
          "threshold": 0.02,
          "PPV": 0.027091955641916753,
          "NPV": 0.9906646601816494,
          "sensitivity": 0.5024503427461572,
          "specificity": 0.7453027139874739
        },
        "0.0500": {
          "threshold": 0.05,
          "PPV": NaN,
          "NPV": 0.9860808644843101,
          "sensitivity": 0.0,
          "specificity": 1.0
        }
      },
      "nri": {
        "is_reference": true
      }
    },
    "O+Q": {
      "risk_column": "risks_7y_oq",
      "C_td": 0.7277239053449303,
      "calibration": {
        "calibration_intercept": 2.7351154253165086,
        "calibration_slope": 1.7260576317835636,
        "brier_score": 0.013578547102293496,
        "fit_status": "full_intercept_and_slope"
      },
      "classification": {
        "0.0050": {
          "threshold": 0.005,
          "PPV": 0.014046366737408639,
          "NPV": 1.0,
          "sensitivity": 1.0,
          "specificity": 0.009185803757828811
        },
        "0.0100": {
          "threshold": 0.01,
          "PPV": 0.018685285867997094,
          "NPV": 0.9966776963460765,
          "sensitivity": 0.9259509874783025,
          "specificity": 0.3135699373695198
        },
        "0.0200": {
          "threshold": 0.02,
          "PPV": 0.03341183313257903,
          "NPV": 0.9921728228919705,
          "sensitivity": 0.5715646854953454,
          "specificity": 0.7665970772442589
        },
        "0.0500": {
          "threshold": 0.05,
          "PPV": 0.0,
          "NPV": 0.9860636506629297,
          "sensitivity": 0.0,
          "specificity": 0.9987473903966596
        }
      },
      "nri": {
        "cutoff_nri": {
          "0.000000": 0.08820459290187888
        }
      }
    },
    "S": {
      "risk_column": "risks_7y_s",
      "C_td": 0.6556198825403297,
      "calibration": {
        "calibration_intercept": 2.3759482865036072,
        "calibration_slope": 1.6292188286065838,
        "brier_score": 0.013663829755354401,
        "fit_status": "full_intercept_and_slope"
      },
      "classification": {
        "0.0050": {
          "threshold": 0.005,
          "PPV": 0.01391913551568992,
          "NPV": NaN,
          "sensitivity": 1.0,
          "specificity": 0.0
        },
        "0.0100": {
          "threshold": 0.01,
          "PPV": 0.015460920843231984,
          "NPV": 0.9968179708978436,
          "sensitivity": 0.9712950614031325,
          "specificity": 0.12693110647181627
        },
        "0.0200": {
          "threshold": 0.02,
          "PPV": 0.027136592143709663,
          "NPV": 0.9897645053329389,
          "sensitivity": 0.4249182830778987,
          "specificity": 0.7849686847599164
        },
        "0.0500": {
          "threshold": 0.05,
          "PPV": NaN,
          "NPV": 0.9860808644843101,
          "sensitivity": 0.0,
          "specificity": 1.0
        }
      },
      "nri": {
        "cutoff_nri": {
          "0.000000": -0.4031315240083508
        }
      }
    },
    "O+S": {
      "risk_column": "risks_7y_os",
      "C_td": 0.71316348712416,
      "calibration": {
        "calibration_intercept": 3.3725600143230525,
        "calibration_slope": 1.8910937225959252,
        "brier_score": 0.013602424928097677,
        "fit_status": "full_intercept_and_slope"
      },
      "classification": {
        "0.0050": {
          "threshold": 0.005,
          "PPV": 0.01392486872929928,
          "NPV": 1.0,
          "sensitivity": 1.0,
          "specificity": 0.00041753653444676406
        },
        "0.0100": {
          "threshold": 0.01,
          "PPV": 0.018246311807220764,
          "NPV": 1.0,
          "sensitivity": 1.0,
          "specificity": 0.24050104384133614
        },
        "0.0200": {
          "threshold": 0.02,
          "PPV": 0.027879128088818667,
          "NPV": 0.990647636253416,
          "sensitivity": 0.49371537772372814,
          "specificity": 0.7569937369519832
        },
        "0.0500": {
          "threshold": 0.05,
          "PPV": 0.0,
          "NPV": 0.9860751312707008,
          "sensitivity": 0.0,
          "specificity": 0.9995824634655532
        }
      },
      "nri": {
        "cutoff_nri": {
          "0.000000": -0.13716075156576202
        }
      }
    },
    "O+Q+S": {
      "risk_column": "risks_7y_oqs",
      "C_td": 0.7196719272844843,
      "calibration": {
        "calibration_intercept": 2.3684410783587637,
        "calibration_slope": 1.632899130921582,
        "brier_score": 0.013582194780126304,
        "fit_status": "full_intercept_and_slope"
      },
      "classification": {
        "0.0050": {
          "threshold": 0.005,
          "PPV": 0.014023061068617962,
          "NPV": 1.0,
          "sensitivity": 1.0,
          "specificity": 0.0075156576200417526
        },
        "0.0100": {
          "threshold": 0.01,
          "PPV": 0.01959310179676848,
          "NPV": 0.9988338019127625,
          "sensitivity": 0.9742015005796925,
          "specificity": 0.3118997912317328
        },
        "0.0200": {
          "threshold": 0.02,
          "PPV": 0.0322764909004891,
          "NPV": 0.9916754644723705,
          "sensitivity": 0.5416292567649645,
          "specificity": 0.7707724425887266
        },
        "0.0500": {
          "threshold": 0.05,
          "PPV": 0.07420368697314055,
          "NPV": 0.9863501626059329,
          "sensitivity": 0.023708538779294918,
          "specificity": 0.9958246346555324
        }
      },
      "nri": {
        "cutoff_nri": {
          "0.000000": -0.02098121085594984
        }
      }
    }
  },
  "n_rows_total": 3413,
  "horizon": 7.0
}