n,min_risk,max_risk,observed_event_rate,mean_predicted_risk
17065.000000000022,0.0098731706799033,0.0532890539597559,0.018609389887215045,0.01920983424611659
