n,min_risk,max_risk,observed_event_rate,mean_predicted_risk
17065.000000000022,0.0028998416587487,0.0599933868460119,0.018609389887215045,0.019237824480679098
