n,min_risk,max_risk,observed_event_rate,mean_predicted_risk
17065.000000000022,0.0080730201372416,0.0526354438068375,0.018609389887215045,0.019211934210464937
