n,min_risk,max_risk,observed_event_rate,mean_predicted_risk
17065.000000000022,0.0048145811365362,0.0361583038044136,0.018609389887215045,0.019240447741895924
