{
  "O": {
    "calibration_intercept": -1.666677400098128,
    "calibration_slope": 0.5835773986223045,
    "brier_score": 0.018258497127795145,
    "fit_status": "full_intercept_and_slope"
  },
  "O+Q": {
    "calibration_intercept": 0.10237418317777126,
    "calibration_slope": 1.0348760986536452,
    "brier_score": 0.018241929815075622,
    "fit_status": "full_intercept_and_slope"
  },
  "S": {
    "calibration_intercept": -5.646228388101985,
    "calibration_slope": -0.42522686251842495,
    "brier_score": 0.01828156499899207,
    "fit_status": "full_intercept_and_slope"
  },
  "O+S": {
    "calibration_intercept": -4.67768718456639,
    "calibration_slope": -0.18016960990543782,
    "brier_score": 0.018280007112343854,
    "fit_status": "full_intercept_and_slope"
  },
  "O+O+Q+S": {
    "calibration_intercept": 2.290977295492523,
    "calibration_slope": 1.6760328557210735,
    "brier_score": 0.01795809298310712,
    "fit_status": "full_intercept_and_slope"
  }
}