n,min_risk,max_risk,observed_event_rate,mean_predicted_risk
17065.000000000033,0.0082397618475389,0.0663119776658344,0.03570098505934673,0.0358595589916214
