n,min_risk,max_risk,observed_event_rate,mean_predicted_risk
17065.000000000033,0.0160424417946876,0.0993821829813084,0.03570098505934673,0.03576748069603924
