n,min_risk,max_risk,observed_event_rate,mean_predicted_risk
17065.000000000033,0.0133890356387208,0.0998780066329712,0.03570098505934673,0.03580853278379564
