n,min_risk,max_risk,observed_event_rate,mean_predicted_risk
17065.000000000033,0.0033499321530224,0.0802517482143003,0.03570098505934673,0.03588603753324623
