{
  "mode": "survival",
  "n_rows_ipcw": 3311,
  "weighted_event_rate": 0.002095322897504964,
  "ppv_npv_thresholds": [
    0.05,
    0.1,
    0.15,
    0.2
  ],
  "models": {
    "O": {
      "risk_column": "risks_1y_o",
      "C_td": 0.6650976426896493,
      "calibration": {
        "calibration_intercept": -1.2810789510313814,
        "calibration_slope": 0.8735987449647975,
        "brier_score": 0.002090976486906053,
        "fit_status": "full_intercept_and_slope"
      },
      "classification": {
        "0.0500": {
          "threshold": 0.05,
          "PPV": 0.0,
          "NPV": 0.9979027768342087,
          "sensitivity": 0.0,
          "specificity": 0.9990920096852299
        },
        "0.1000": {
          "threshold": 0.1,
          "PPV": NaN,
          "NPV": 0.9979046771024951,
          "sensitivity": 0.0,
          "specificity": 1.0
        },
        "0.1500": {
          "threshold": 0.15,
          "PPV": NaN,
          "NPV": 0.9979046771024951,
          "sensitivity": 0.0,
          "specificity": 1.0
        },
        "0.2000": {
          "threshold": 0.2,
          "PPV": NaN,
          "NPV": 0.9979046771024951,
          "sensitivity": 0.0,
          "specificity": 1.0
        }
      },
      "nri": {
        "is_reference": true
      }
    },
    "O+Q": {
      "risk_column": "risks_1y_oq",
      "C_td": 0.9849253221306412,
      "calibration": {
        "calibration_intercept": 1.182365054021336,
        "calibration_slope": 1.4899264198210218,
        "brier_score": 0.0019178698968134993,
        "fit_status": "full_intercept_and_slope"
      },
      "classification": {
        "0.0500": {
          "threshold": 0.05,
          "PPV": 0.08040411860231984,
          "NPV": 0.9987890154329543,
          "sensitivity": 0.42850733025742066,
          "specificity": 0.9897094430992737
        },
        "0.1000": {
          "threshold": 0.1,
          "PPV": 0.15234525717319383,
          "NPV": 0.9984958881347231,
          "sensitivity": 0.284971013935811,
          "specificity": 0.9966707021791767
        },
        "0.1500": {
          "threshold": 0.15,
          "PPV": 0.2475851215137285,
          "NPV": 0.9982006620728,
          "sensitivity": 0.14229396558437882,
          "specificity": 0.9990920096852299
        },
        "0.2000": {
          "threshold": 0.2,
          "PPV": 0.4967697611726384,
          "NPV": 0.9982017496309393,
          "sensitivity": 0.14229396558437882,
          "specificity": 0.9996973365617434
        }
      },
      "nri": {
        "cutoff_nri": {
          "0.000000": 1.6906779661016949
        }
      }
    },
    "S": {
      "risk_column": "risks_1y_s",
      "C_td": 0.8368269790938511,
      "calibration": {
        "calibration_intercept": 1.3754926677983903,
        "calibration_slope": 1.4158001107774913,
        "brier_score": 0.0020706073547346157,
        "fit_status": "full_intercept_and_slope"
      },
      "classification": {
        "0.0500": {
          "threshold": 0.05,
          "PPV": 0.0,
          "NPV": 0.9979027768342087,
          "sensitivity": 0.0,
          "specificity": 0.9990920096852299
        },
        "0.1000": {
          "threshold": 0.1,
          "PPV": NaN,
          "NPV": 0.9979046771024951,
          "sensitivity": 0.0,
          "specificity": 1.0
        },
        "0.1500": {
          "threshold": 0.15,
          "PPV": NaN,
          "NPV": 0.9979046771024951,
          "sensitivity": 0.0,
          "specificity": 1.0
        },
        "0.2000": {
          "threshold": 0.2,
          "PPV": NaN,
          "NPV": 0.9979046771024951,
          "sensitivity": 0.0,
          "specificity": 1.0
        }
      },
      "nri": {
        "cutoff_nri": {
          "0.000000": 0.6404358353510895
        }
      }
    },
    "O+S": {
      "risk_column": "risks_1y_os",
      "C_td": 0.8007795031263755,
      "calibration": {
        "calibration_intercept": 0.6130073285932415,
        "calibration_slope": 1.2558276597393665,
        "brier_score": 0.002065732531193186,
        "fit_status": "full_intercept_and_slope"
      },
      "classification": {
        "0.0500": {
          "threshold": 0.05,
          "PPV": 0.16525032109739154,
          "NPV": 0.9982003758874514,
          "sensitivity": 0.1426770483514322,
          "specificity": 0.9984866828087167
        },
        "0.1000": {
          "threshold": 0.1,
          "PPV": NaN,
          "NPV": 0.9979046771024951,
          "sensitivity": 0.0,
          "specificity": 1.0
        },
        "0.1500": {
          "threshold": 0.15,
          "PPV": NaN,
          "NPV": 0.9979046771024951,
          "sensitivity": 0.0,
          "specificity": 1.0
        },
        "0.2000": {
          "threshold": 0.2,
          "PPV": NaN,
          "NPV": 0.9979046771024951,
          "sensitivity": 0.0,
          "specificity": 1.0
        }
      },
      "nri": {
        "cutoff_nri": {
          "0.000000": 0.6131961259079903
        }
      }
    },
    "O+Q+S": {
      "risk_column": "risks_1y_oqs",
      "C_td": 0.9886244748446462,
      "calibration": {
        "calibration_intercept": 1.192012671952552,
        "calibration_slope": 1.5103873390595175,
        "brier_score": 0.0019261609287565436,
        "fit_status": "full_intercept_and_slope"
      },
      "classification": {
        "0.0500": {
          "threshold": 0.05,
          "PPV": 0.14169212402472278,
          "NPV": 0.9993940783740267,
          "sensitivity": 0.7138745972577074,
          "specificity": 0.9909200968523003
        },
        "0.1000": {
          "threshold": 0.1,
          "PPV": 0.18010247910140725,
          "NPV": 0.9984967997285829,
          "sensitivity": 0.284971013935811,
          "specificity": 0.99727602905569
        },
        "0.1500": {
          "threshold": 0.15,
          "PPV": 0.1648797856104449,
          "NPV": 0.9981995731983829,
          "sensitivity": 0.14229396558437882,
          "specificity": 0.9984866828087167
        },
        "0.2000": {
          "threshold": 0.2,
          "PPV": 0.1648797856104449,
          "NPV": 0.9981995731983829,
          "sensitivity": 0.14229396558437882,
          "specificity": 0.9984866828087167
        }
      },
      "nri": {
        "cutoff_nri": {
          "0.000000": 1.6592009685230025
        }
      }
    }
  },
  "n_rows_total": 3413,
  "horizon": 1.0
}