n,min_risk,max_risk,observed_event_rate,mean_predicted_risk
17065.000000000065,0.0032541235695546,0.1638917283531846,0.014447562394157863,0.011999382310497648
