n,min_risk,max_risk,observed_event_rate,mean_predicted_risk
17065.000000000124,0.0040624687180667,0.0754900571826797,0.0054498122007618595,0.01205097974303406
