n,min_risk,max_risk,observed_event_rate,mean_predicted_risk
17065.000000000065,0.0029006477524592,0.1529020419456414,0.014447562394157863,0.012179810372415065
