n,min_risk,max_risk,observed_event_rate,mean_predicted_risk
17065.000000000065,0.0041467520913787,0.0807439901595505,0.014447562394157863,0.012048788757781053
