n,min_risk,max_risk,observed_event_rate,mean_predicted_risk
17065.000000000124,0.0050712690660639,0.0662303825162054,0.0054498122007618595,0.011940703005556382
