n,min_risk,max_risk,observed_event_rate,mean_predicted_risk
17065.000000000124,0.003408356502643,0.1440742846304692,0.0054498122007618595,0.012075734039165273
