n,min_risk,max_risk,observed_event_rate,mean_predicted_risk
17065.00000000007,0.003408356502643,0.1440742846304692,0.014433909517102344,0.012108849158140977
