n,min_risk,max_risk,observed_event_rate,mean_predicted_risk
17065.000000000065,0.0023025181861663,0.1958352899348101,0.014447562394157863,0.01198473057930611
