n,min_risk,max_risk,observed_event_rate,mean_predicted_risk
17065.00000000007,0.0035546332301703,0.1397974933796032,0.014433909517102344,0.012158195604794487
