n,min_risk,max_risk,observed_event_rate,mean_predicted_risk
17065.00000000007,0.0050712690660639,0.0662303825162054,0.014433909517102344,0.01198291946282573
