n,min_risk,max_risk,observed_event_rate,mean_predicted_risk
17065.000000000124,0.0035546332301703,0.1397974933796032,0.0054498122007618595,0.012127154593584336
