{
  "O": {
    "calibration_intercept": 1.1843689205039918,
    "calibration_slope": 1.2321659254086748,
    "brier_score": 0.014163600404270515,
    "fit_status": "full_intercept_and_slope"
  },
  "O+S": {
    "calibration_intercept": 0.6253977186277617,
    "calibration_slope": 1.104548206922255,
    "brier_score": 0.014163340308023882,
    "fit_status": "full_intercept_and_slope"
  },
  "O+D": {
    "calibration_intercept": 0.6017458009665189,
    "calibration_slope": 1.098967951491513,
    "brier_score": 0.014168363833770148,
    "fit_status": "full_intercept_and_slope"
  },
  "O+S+D": {
    "calibration_intercept": 0.44241962728147544,
    "calibration_slope": 1.0627177819606144,
    "brier_score": 0.014172229634877484,
    "fit_status": "full_intercept_and_slope"
  }
}