n,min_risk,max_risk,observed_event_rate,mean_predicted_risk
17065.000000000065,0.0026669662827558,0.091881761015069,0.014447562394157863,0.011884953659505216
