{
  "O": {
    "calibration_intercept": -1.7224970927172742,
    "calibration_slope": 0.7854662200615067,
    "brier_score": 0.005476887446652401,
    "fit_status": "full_intercept_and_slope"
  },
  "O+S": {
    "calibration_intercept": -1.5374248273997237,
    "calibration_slope": 0.8289262029586597,
    "brier_score": 0.0054813301391700995,
    "fit_status": "full_intercept_and_slope"
  },
  "O+D": {
    "calibration_intercept": -0.8662593815458377,
    "calibration_slope": 0.985564081257175,
    "brier_score": 0.005466121023150825,
    "fit_status": "full_intercept_and_slope"
  },
  "O+S+D": {
    "calibration_intercept": -0.7835431742033498,
    "calibration_slope": 1.0059200785515958,
    "brier_score": 0.005467011186952289,
    "fit_status": "full_intercept_and_slope"
  }
}