n,min_risk,max_risk,observed_event_rate,mean_predicted_risk
17065.00000000007,0.0040624687180667,0.0754900571826797,0.014433909517102344,0.012094645151389055
