{
  "mode": "survival",
  "n_rows_ipcw": 2591,
  "weighted_event_rate": 0.066367995454501,
  "ppv_npv_thresholds": [
    0.05,
    0.1,
    0.15,
    0.2
  ],
  "models": {
    "O": {
      "risk_column": "risks_7y_o",
      "C_td": 0.7572995675369579,
      "calibration": {
        "calibration_intercept": 0.5675894572275046,
        "calibration_slope": 1.119891043534981,
        "brier_score": 0.057190218888378025,
        "fit_status": "full_intercept_and_slope"
      },
      "classification": {
        "0.0500": {
          "threshold": 0.05,
          "PPV": 0.1546338831467741,
          "NPV": 0.9732416309149136,
          "sensitivity": 0.7217043360032919,
          "specificity": 0.7195325542570952
        },
        "0.1000": {
          "threshold": 0.1,
          "PPV": 0.24466056383240112,
          "NPV": 0.9548322688184889,
          "sensitivity": 0.39175924070172624,
          "specificity": 0.9140233722871453
        },
        "0.1500": {
          "threshold": 0.15,
          "PPV": 0.27979257138543473,
          "NPV": 0.9477923081669297,
          "sensitivity": 0.26230504266789956,
          "specificity": 0.9520033388981636
        },
        "0.2000": {
          "threshold": 0.2,
          "PPV": 0.28720590774466054,
          "NPV": 0.9425496285966017,
          "sensitivity": 0.16796463191235125,
          "specificity": 0.9703672787979967
        }
      },
      "nri": {
        "is_reference": true
      }
    },
    "O+Q": {
      "risk_column": "risks_7y_oq",
      "C_td": 0.8336629743592712,
      "calibration": {
        "calibration_intercept": 0.693468911769557,
        "calibration_slope": 1.1722037526849716,
        "brier_score": 0.04713014354783695,
        "fit_status": "full_intercept_and_slope"
      },
      "classification": {
        "0.0500": {
          "threshold": 0.05,
          "PPV": 0.21060691346105853,
          "NPV": 0.9770842556618908,
          "sensitivity": 0.7346531819356573,
          "specificity": 0.8042570951585977
        },
        "0.1000": {
          "threshold": 0.1,
          "PPV": 0.34338773794494215,
          "NPV": 0.967174897800857,
          "sensitivity": 0.5588270223014972,
          "specificity": 0.9240400667779634
        },
        "0.1500": {
          "threshold": 0.15,
          "PPV": 0.45053502236515497,
          "NPV": 0.959823150307909,
          "sensitivity": 0.43327264085886424,
          "specificity": 0.9624373956594323
        },
        "0.2000": {
          "threshold": 0.2,
          "PPV": 0.5212640734016846,
          "NPV": 0.9553567101582409,
          "sensitivity": 0.357997518816223,
          "specificity": 0.9766277128547579
        }
      },
      "nri": {
        "cutoff_nri": {
          "0.000000": 0.72920679765421
        }
      }
    },
    "S": {
      "risk_column": "risks_7y_s",
      "C_td": 0.7358333352970422,
      "calibration": {
        "calibration_intercept": 0.8108797666723626,
        "calibration_slope": 1.1997186264511726,
        "brier_score": 0.056624177877890515,
        "fit_status": "full_intercept_and_slope"
      },
      "classification": {
        "0.0500": {
          "threshold": 0.05,
          "PPV": 0.1448264778339632,
          "NPV": 0.9637655187013017,
          "sensitivity": 0.6055377628689547,
          "specificity": 0.7458263772954925
        },
        "0.1000": {
          "threshold": 0.1,
          "PPV": 0.25481776113619914,
          "NPV": 0.9575021834498376,
          "sensitivity": 0.43165410644154384,
          "specificity": 0.9102671118530885
        },
        "0.1500": {
          "threshold": 0.15,
          "PPV": 0.355488390553724,
          "NPV": 0.9496837517485764,
          "sensitivity": 0.28173716918757286,
          "specificity": 0.9636894824707847
        },
        "0.2000": {
          "threshold": 0.2,
          "PPV": 0.4270317206363324,
          "NPV": 0.9450180223992907,
          "sensitivity": 0.19691204716287156,
          "specificity": 0.9812186978297163
        }
      },
      "nri": {
        "cutoff_nri": {
          "0.000000": -0.12879157570309485
        }
      }
    },
    "O+S": {
      "risk_column": "risks_7y_os",
      "C_td": 0.775679956199118,
      "calibration": {
        "calibration_intercept": 0.7199760378701892,
        "calibration_slope": 1.1667692156461098,
        "brier_score": 0.05473577742025083,
        "fit_status": "full_intercept_and_slope"
      },
      "classification": {
        "0.0500": {
          "threshold": 0.05,
          "PPV": 0.17521433489685118,
          "NPV": 0.9733614217799909,
          "sensitivity": 0.7059520078575582,
          "specificity": 0.7637729549248748
        },
        "0.1000": {
          "threshold": 0.1,
          "PPV": 0.2727434742760978,
          "NPV": 0.9597968964836824,
          "sensitivity": 0.4623983253954016,
          "specificity": 0.9123539232053423
        },
        "0.1500": {
          "threshold": 0.15,
          "PPV": 0.34933207368068364,
          "NPV": 0.9520411826788735,
          "sensitivity": 0.3215210790335245,
          "specificity": 0.9574290484140234
        },
        "0.2000": {
          "threshold": 0.2,
          "PPV": 0.4052366738869381,
          "NPV": 0.9474977702017868,
          "sensitivity": 0.24001922402578169,
          "specificity": 0.974958263772955
        }
      },
      "nri": {
        "cutoff_nri": {
          "0.000000": 0.27546337913616714
        }
      }
    },
    "O+Q+S": {
      "risk_column": "risks_7y_oqs",
      "C_td": 0.8358777603951809,
      "calibration": {
        "calibration_intercept": 0.7390861834582857,
        "calibration_slope": 1.1869663252420632,
        "brier_score": 0.046955594578754305,
        "fit_status": "full_intercept_and_slope"
      },
      "classification": {
        "0.0500": {
          "threshold": 0.05,
          "PPV": 0.21481917204248732,
          "NPV": 0.9763169226210312,
          "sensitivity": 0.7228464988434775,
          "specificity": 0.8121869782971619
        },
        "0.1000": {
          "threshold": 0.1,
          "PPV": 0.3509960834621828,
          "NPV": 0.9679048728321847,
          "sensitivity": 0.5683792311485611,
          "specificity": 0.9252921535893155
        },
        "0.1500": {
          "threshold": 0.15,
          "PPV": 0.4561845496613004,
          "NPV": 0.9608228377545138,
          "sensitivity": 0.4481884276992773,
          "specificity": 0.9620200333889817
        },
        "0.2000": {
          "threshold": 0.2,
          "PPV": 0.5374628125517881,
          "NPV": 0.9565204990901749,
          "sensitivity": 0.3752275097527713,
          "specificity": 0.9770450751252087
        }
      },
      "nri": {
        "cutoff_nri": {
          "0.000000": 0.7145456102050427
        }
      }
    }
  },
  "n_rows_total": 3413,
  "horizon": 7.0
}