n,min_risk,max_risk,observed_event_rate,mean_predicted_risk
7319.402933029825,0.0002063223207835,0.0999921101898016,0.039617498231111964,0.05193652097815677
8370.838494119593,0.1000007403978058,0.1999470936912881,0.03999364457564214,0.13582742388237412
1316.3530113420625,0.2000014049922401,0.2997166475187565,0.05751662327740101,0.2291926957571583
58.405561508603185,0.3000932645255802,0.3719105401357405,0.03751468988868281,0.3245712814641725
