n,min_risk,max_risk,observed_event_rate,mean_predicted_risk
7913.340156357045,0.0007077679075987,0.0999928924570097,0.03851390441597897,0.055212571792609945
7808.157942626302,0.100004202480308,0.1999877587263697,0.04063053799656283,0.1367357393848078
1261.1523682000127,0.2000396336939426,0.2998176366645893,0.0587648299185817,0.2328297194882214
78.7260923681385,0.3001154951136262,0.3913875901764954,0.07007228916662366,0.33189191378471716
3.6234404485838816,0.4035416615052048,0.4440060092540114,0.27841295844975333,0.4163677374974524
