{
  "O": {
    "calibration_intercept": -2.948745415617135,
    "calibration_slope": 0.07871639084309275,
    "brier_score": 0.04738790918801656,
    "fit_status": "full_intercept_and_slope"
  },
  "O+S": {
    "calibration_intercept": -2.7607755145533175,
    "calibration_slope": 0.15216275465451742,
    "brier_score": 0.048545893438759403,
    "fit_status": "full_intercept_and_slope"
  },
  "O+D": {
    "calibration_intercept": -2.8388306360303335,
    "calibration_slope": 0.12706309812528332,
    "brier_score": 0.047017020438948925,
    "fit_status": "full_intercept_and_slope"
  },
  "O+S+D": {
    "calibration_intercept": -2.692049150272482,
    "calibration_slope": 0.18295042564969835,
    "brier_score": 0.048284691191674715,
    "fit_status": "full_intercept_and_slope"
  }
}