n,min_risk,max_risk,observed_event_rate,mean_predicted_risk
9932.642513209048,7.899429729660659e-05,0.0999745809429556,0.034450873094086426,0.05150468615968862
4924.176259087148,0.1000246068486789,0.1999861819420856,0.042116269835278025,0.13967207193378103
1669.2166092094626,0.2000006110552503,0.2999518760373945,0.06565427239693279,0.24151170773377295
428.9162182696744,0.3000650467578386,0.3995978842564943,0.07342415733449424,0.3401799458577729
81.6823363223293,0.4003538870219231,0.4936331879879887,0.1197330505060413,0.4329475694673627
27.058750065657406,0.5003768895845802,0.591610929717418,0.08203583542341389,0.5310177336152498
1.3073138367635708,0.6035578123696566,0.6035578123696566,0.0,0.6035578123696566
