n,min_risk,max_risk,observed_event_rate,mean_predicted_risk
9092.928933695352,0.0143084152704057,0.0999927734933612,0.08649278132373296,0.076790932844027
7942.726469082436,0.100009952145384,0.1995265562932654,0.13709621210329734,0.12819237071809658
29.344597222215846,0.2001253269901892,0.2430635636276477,0.17926857858603681,0.21373032857101207
