n,min_risk,max_risk,observed_event_rate,mean_predicted_risk
9289.45680076124,0.0123104783980445,0.0999958868840359,0.08330409244785304,0.07535977535928613
7621.580429353775,0.100003368838983,0.1999147021280755,0.1416499545121467,0.13065776674930019
152.6951892013566,0.2000846259906429,0.2917326382433341,0.1781634487901691,0.21798893648732162
1.2675806836320762,0.3066669056350814,0.3066669056350814,0.0,0.3066669056350814
