n,min_risk,max_risk,observed_event_rate,mean_predicted_risk
9941.412029653362,0.0001122959731491,0.0999565684848284,0.033198573882979504,0.05179283902212897
4976.864347055578,0.1000074811391167,0.1999934352326483,0.045690049444095514,0.1399959798958613
1571.4025209740344,0.2000041948340872,0.2998106455013766,0.06157080176042632,0.24223842495286507
479.51528790926903,0.3001357898982338,0.3995350553566679,0.07850262970198502,0.337702963914831
82.21325133356322,0.4017039123894025,0.4915799055823532,0.09361462432392173,0.43405773142641224
12.285249237513618,0.5027261714643014,0.5979367497443118,0.2551069432599412,0.5431171934494807
1.3073138367635708,0.6206506280430137,0.6206506280430137,0.0,0.6206506280430137
