n,min_risk,max_risk,observed_event_rate,mean_predicted_risk
9292.078239063805,7.899429729660659e-05,0.0999745809429556,0.04981397231148836,0.052414416798284305
5095.464573189292,0.1000246068486789,0.1999861819420856,0.1477933524318749,0.14087568838487421
1951.6017424593003,0.2000006110552503,0.2999518760373945,0.2642819321703289,0.2423078776045108
569.9377471913501,0.3000426921536191,0.3996016626544962,0.35803945462190995,0.33937530582654163
126.5919755193176,0.4001270621804309,0.4978320632379576,0.477099945163986,0.4348062184057317
27.05595893509135,0.5003768895845802,0.591610929717418,0.1548129288813085,0.5300997146204365
2.269763641917412,0.6035578123696566,0.6216869219837541,0.46974894639504905,0.6120739425099593
