{
  "O": {
    "calibration_intercept": -0.06651959516833433,
    "calibration_slope": 0.9345947249448461,
    "brier_score": 0.09976043925091826,
    "fit_status": "full_intercept_and_slope"
  },
  "O+S": {
    "calibration_intercept": 0.1536197545488825,
    "calibration_slope": 1.0667520297071562,
    "brier_score": 0.09471443329672741,
    "fit_status": "full_intercept_and_slope"
  },
  "O+D": {
    "calibration_intercept": 0.1974640213315421,
    "calibration_slope": 1.0749320880241355,
    "brier_score": 0.09871441363675795,
    "fit_status": "full_intercept_and_slope"
  },
  "O+S+D": {
    "calibration_intercept": 0.22841681340442788,
    "calibration_slope": 1.1100871232429579,
    "brier_score": 0.09427066687113095,
    "fit_status": "full_intercept_and_slope"
  }
}