n,min_risk,max_risk,observed_event_rate,mean_predicted_risk
9294.750453866733,0.0001122959731491,0.0999565684848284,0.04801536438594726,0.0526854450136519
5130.538627118658,0.1000074811391167,0.1999934352326483,0.14775470694790838,0.14112078874197562
1893.0909669322848,0.2000041948340872,0.2998106455013766,0.2828668615070959,0.24278266657556505
595.714658973679,0.3000767370719857,0.3995350553566679,0.3171259830227472,0.3387147856436973
129.6179448860937,0.400419973805201,0.4949181920469013,0.47073655483228977,0.43290539942191975
18.98464515241372,0.5027261714643014,0.5979367497443118,0.5562302128752039,0.535943497218511
1.2035445625609185,0.6206506280430137,0.6206506280430137,0.0,0.6206506280430137
1.099158507651676,0.7505888835193498,0.7505888835193498,1.0,0.7505888835193498
