n,min_risk,max_risk,observed_event_rate,mean_predicted_risk
17065.000000000015,0.0010800437705137,0.0408919302950745,0.006093522774364774,0.006431279891687819
