n,min_risk,max_risk,observed_event_rate,mean_predicted_risk
17065.000000000015,0.0008631713178154,0.0210507939866861,0.006093522774364774,0.006470534329884083
