n,min_risk,max_risk,observed_event_rate,mean_predicted_risk
17065.000000000015,0.0011109421317888,0.0235232033509438,0.006093522774364774,0.006437071376210123
