n,min_risk,max_risk,observed_event_rate,mean_predicted_risk
17065.00000000003,0.0012280021880636,0.0421293896707863,0.0020080397917529936,0.006856692314754192
