n,min_risk,max_risk,observed_event_rate,mean_predicted_risk
17065.000000000022,0.0012280021880636,0.0421293896707863,0.006346890652223258,0.00687071356294838
