n,min_risk,max_risk,observed_event_rate,mean_predicted_risk
17065.000000000022,0.0009269349138656,0.0548808900331466,0.006346890652223258,0.009369613401751943
