n,min_risk,max_risk,observed_event_rate,mean_predicted_risk
17065.000000000022,0.0012398349780275,0.0316862605443911,0.006346890652223258,0.007232581284816255
