n,min_risk,max_risk,observed_event_rate,mean_predicted_risk
17065.00000000003,0.0014182882291793,0.0593450232960268,0.0020080397917529936,0.007695007443257087
