n,min_risk,max_risk,observed_event_rate,mean_predicted_risk
17065.00000000003,0.0012398349780275,0.0316862605443911,0.0020080397917529936,0.007220210581251271
