n,min_risk,max_risk,observed_event_rate,mean_predicted_risk
17065.000000000022,0.0014182882291793,0.0593450232960268,0.006346890652223258,0.0077124485327696385
