n,min_risk,max_risk,observed_event_rate,mean_predicted_risk
17065.000000000015,0.0016053463554036,0.026039529956405,0.006093522774364774,0.0064394716286350386
