n,min_risk,max_risk,observed_event_rate,mean_predicted_risk
17065.000000000015,0.0009838087975097,0.0524175639508454,0.006093522774364774,0.00642874588158894
