{
  "O": {
    "calibration_intercept": -3.7695241662710006,
    "calibration_slope": 0.5116044250166618,
    "brier_score": 0.002091661757376287,
    "fit_status": "full_intercept_and_slope"
  },
  "O+S": {
    "calibration_intercept": -2.6425464957846083,
    "calibration_slope": 0.7259289123065218,
    "brier_score": 0.002054177435601213,
    "fit_status": "full_intercept_and_slope"
  },
  "O+D": {
    "calibration_intercept": -4.198373336369084,
    "calibration_slope": 0.40003163352144705,
    "brier_score": 0.002046471729541939,
    "fit_status": "full_intercept_and_slope"
  },
  "O+S+D": {
    "calibration_intercept": -3.295801405175523,
    "calibration_slope": 0.5765729333947146,
    "brier_score": 0.002041771309163226,
    "fit_status": "full_intercept_and_slope"
  }
}