n,min_risk,max_risk,observed_event_rate,mean_predicted_risk
17065.00000000003,0.0009269349138656,0.0548808900331466,0.0020080397917529936,0.009351179782202202
