{
  "mode": "survival",
  "n_rows_ipcw": 2450,
  "weighted_event_rate": 0.016622217810040883,
  "ppv_npv_thresholds": [
    0.005,
    0.01,
    0.02,
    0.05
  ],
  "models": {
    "O": {
      "risk_column": "risks_7y_o",
      "C_td": 0.6472045346155654,
      "calibration": {
        "calibration_intercept": 0.8094833709421708,
        "calibration_slope": 1.100146567066049,
        "brier_score": 0.01630786091959496,
        "fit_status": "full_intercept_and_slope"
      },
      "classification": {
        "0.0050": {
          "threshold": 0.005,
          "PPV": 0.01673186374464221,
          "NPV": 1.0,
          "sensitivity": 1.0,
          "specificity": 0.006663890045814246
        },
        "0.0100": {
          "threshold": 0.01,
          "PPV": 0.024944349715860657,
          "NPV": 0.9912729302429685,
          "sensitivity": 0.7305761364499613,
          "specificity": 0.5172844648063306
        },
        "0.0200": {
          "threshold": 0.02,
          "PPV": 0.031793252406176614,
          "NPV": 0.9852040941948901,
          "sensitivity": 0.20551325251376854,
          "specificity": 0.894210745522699
        },
        "0.0500": {
          "threshold": 0.05,
          "PPV": NaN,
          "NPV": 0.9833777821899591,
          "sensitivity": 0.0,
          "specificity": 1.0
        }
      },
      "nri": {
        "is_reference": true
      }
    },
    "O+Q": {
      "risk_column": "risks_7y_oq",
      "C_td": 0.6744713699563134,
      "calibration": {
        "calibration_intercept": 1.0996888540584158,
        "calibration_slope": 1.169428346775904,
        "brier_score": 0.01630294263439591,
        "fit_status": "full_intercept_and_slope"
      },
      "classification": {
        "0.0050": {
          "threshold": 0.005,
          "PPV": 0.016649494349529472,
          "NPV": 1.0,
          "sensitivity": 1.0,
          "specificity": 0.0016659725114535613
        },
        "0.0100": {
          "threshold": 0.01,
          "PPV": 0.02712238989412849,
          "NPV": 0.9911317056217757,
          "sensitivity": 0.6931068251770741,
          "specificity": 0.5797584339858392
        },
        "0.0200": {
          "threshold": 0.02,
          "PPV": 0.03318649707033386,
          "NPV": 0.9851659457489771,
          "sensitivity": 0.19452965005436118,
          "specificity": 0.9042065805914203
        },
        "0.0500": {
          "threshold": 0.05,
          "PPV": 0.0,
          "NPV": 0.9833573331743913,
          "sensitivity": 0.0,
          "specificity": 0.9987505206164098
        }
      },
      "nri": {
        "cutoff_nri": {
          "0.000000": 0.04748021657642648
        }
      }
    },
    "S": {
      "risk_column": "risks_7y_s",
      "C_td": 0.5837466616649826,
      "calibration": {
        "calibration_intercept": -1.8714075426492982,
        "calibration_slope": 0.489216289282081,
        "brier_score": 0.016392869407135857,
        "fit_status": "full_intercept_and_slope"
      },
      "classification": {
        "0.0050": {
          "threshold": 0.005,
          "PPV": 0.01687512223256268,
          "NPV": 0.9907722466181308,
          "sensitivity": 0.981640899614619,
          "specificity": 0.03331945022907123
        },
        "0.0100": {
          "threshold": 0.01,
          "PPV": 0.02190024916106633,
          "NPV": 0.9877723841625343,
          "sensitivity": 0.5985975139244925,
          "specificity": 0.5481049562682215
        },
        "0.0200": {
          "threshold": 0.02,
          "PPV": 0.012565271746682906,
          "NPV": 0.9830187774953403,
          "sensitivity": 0.06145522632968162,
          "specificity": 0.9183673469387755
        },
        "0.0500": {
          "threshold": 0.05,
          "PPV": 0.0,
          "NPV": 0.9833094225772584,
          "sensitivity": 0.0,
          "specificity": 0.9958350687213662
        }
      },
      "nri": {
        "cutoff_nri": {
          "0.000000": -0.2982090795501874
        }
      }
    },
    "O+S": {
      "risk_column": "risks_7y_os",
      "C_td": 0.6048251342907414,
      "calibration": {
        "calibration_intercept": -0.400339778387295,
        "calibration_slope": 0.8206263760537135,
        "brier_score": 0.016344253310642626,
        "fit_status": "full_intercept_and_slope"
      },
      "classification": {
        "0.0050": {
          "threshold": 0.005,
          "PPV": 0.016745671279224234,
          "NPV": 1.0,
          "sensitivity": 1.0,
          "specificity": 0.007496876301541026
        },
        "0.0100": {
          "threshold": 0.01,
          "PPV": 0.024014163416852044,
          "NPV": 0.988550212452627,
          "sensitivity": 0.5947469407863853,
          "specificity": 0.5914202415660141
        },
        "0.0200": {
          "threshold": 0.02,
          "PPV": 0.04142118565417558,
          "NPV": 0.9854190843145082,
          "sensitivity": 0.1895195275586359,
          "specificity": 0.9258642232403165
        },
        "0.0500": {
          "threshold": 0.05,
          "PPV": 0.0,
          "NPV": 0.9833162838300035,
          "sensitivity": 0.0,
          "specificity": 0.9962515618492295
        }
      },
      "nri": {
        "cutoff_nri": {
          "0.000000": -0.09745939192003333
        }
      }
    },
    "O+Q+S": {
      "risk_column": "risks_7y_oqs",
      "C_td": 0.6401137676612432,
      "calibration": {
        "calibration_intercept": -0.015356422862844048,
        "calibration_slope": 0.9102077626807329,
        "brier_score": 0.016336700838940406,
        "fit_status": "full_intercept_and_slope"
      },
      "classification": {
        "0.0050": {
          "threshold": 0.005,
          "PPV": 0.016718078961127005,
          "NPV": 1.0,
          "sensitivity": 1.0,
          "specificity": 0.005830903790087465
        },
        "0.0100": {
          "threshold": 0.01,
          "PPV": 0.026177257282597687,
          "NPV": 0.9905440412419433,
          "sensitivity": 0.674928357468811,
          "specificity": 0.5755935027072052
        },
        "0.0200": {
          "threshold": 0.02,
          "PPV": 0.029551963916194406,
          "NPV": 0.9845893317580439,
          "sensitivity": 0.1523173457810805,
          "specificity": 0.9154518950437317
        },
        "0.0500": {
          "threshold": 0.05,
          "PPV": 0.0,
          "NPV": 0.9833231394439449,
          "sensitivity": 0.0,
          "specificity": 0.9966680549770929
        }
      },
      "nri": {
        "cutoff_nri": {
          "0.000000": 0.02332361516034992
        }
      }
    }
  },
  "n_rows_total": 3413,
  "horizon": 7.0
}