n,min_risk,max_risk,observed_event_rate,mean_predicted_risk
17065.000000000036,0.0027593600855279,0.1339758267474365,0.011176535936492548,0.013868768939555074
