n,min_risk,max_risk,observed_event_rate,mean_predicted_risk
17065.00000000001,0.0030382288885666,0.069727572988841,0.011210589558387968,0.010941924459530529
