n,min_risk,max_risk,observed_event_rate,mean_predicted_risk
17037.110379022877,0.0025820280289818,0.1943672998701458,0.010890358159326652,0.01291162540179718
25.77717562641627,0.2019984533251633,0.3957508705358983,0.1612266168565717,0.26788548900915726
1.0313849103403663,0.5301945555600646,0.5301945555600646,1.0,0.5301945555600646
1.0810604404025748,0.611984218879998,0.611984218879998,0.0,0.611984218879998
