n,min_risk,max_risk,observed_event_rate,mean_predicted_risk
17065.00000000001,0.0025287277257821,0.1115191840303549,0.011210589558387968,0.01093843320924062
