n,min_risk,max_risk,observed_event_rate,mean_predicted_risk
17049.746346131695,0.0025156927514444,0.1955022910098392,0.0034173812534656475,0.011571305979197323
15.253653868309659,0.2005841200385121,0.3998512214843723,0.0,0.2643125031037395
