n,min_risk,max_risk,observed_event_rate,mean_predicted_risk
17065.00000000001,0.0029269856579637,0.1137753993270554,0.011210589558387968,0.010883140149775497
