n,min_risk,max_risk,observed_event_rate,mean_predicted_risk
17065.000000000004,0.0046360117527681,0.1438659185116022,0.003414326606481973,0.016934849748155248
