{
  "O": {
    "calibration_intercept": -0.371212800898845,
    "calibration_slope": 1.0147192522906725,
    "brier_score": 0.011043683238912666,
    "fit_status": "full_intercept_and_slope"
  },
  "O+S": {
    "calibration_intercept": 0.8045677270183876,
    "calibration_slope": 1.257890256779422,
    "brier_score": 0.010695961593666313,
    "fit_status": "full_intercept_and_slope"
  },
  "O+D": {
    "calibration_intercept": 0.07764541051133976,
    "calibration_slope": 1.0724957078834498,
    "brier_score": 0.011007528054838149,
    "fit_status": "full_intercept_and_slope"
  },
  "O+S+D": {
    "calibration_intercept": 1.2809217178522039,
    "calibration_slope": 1.3425265847055043,
    "brier_score": 0.010699876173934022,
    "fit_status": "full_intercept_and_slope"
  }
}