n,min_risk,max_risk,observed_event_rate,mean_predicted_risk
17065.000000000036,0.0046360117527681,0.1438659185116022,0.011176535936492548,0.017007932863856344
