n,min_risk,max_risk,observed_event_rate,mean_predicted_risk
17042.11951919754,0.0025820280289818,0.1943672998701458,0.00341891062751791,0.012649404225836724
21.790934097585225,0.2100735102833637,0.3957508705358983,0.0,0.271821858452718
1.0895467048792613,0.611984218879998,0.611984218879998,0.0,0.611984218879998
