{
  "O": {
    "calibration_intercept": -4.091281732582271,
    "calibration_slope": 0.3811874918640003,
    "brier_score": 0.0036860443932228903,
    "fit_status": "full_intercept_and_slope"
  },
  "O+S": {
    "calibration_intercept": -4.6076441425461745,
    "calibration_slope": 0.2358238638580118,
    "brier_score": 0.0037734276393299607,
    "fit_status": "full_intercept_and_slope"
  },
  "O+D": {
    "calibration_intercept": -2.8954264924481796,
    "calibration_slope": 0.6441563299359847,
    "brier_score": 0.0035519784366205946,
    "fit_status": "full_intercept_and_slope"
  },
  "O+S+D": {
    "calibration_intercept": -4.030022954988377,
    "calibration_slope": 0.3595403187704106,
    "brier_score": 0.003649525402291986,
    "fit_status": "full_intercept_and_slope"
  }
}