n,min_risk,max_risk,observed_event_rate,mean_predicted_risk
17065.000000000004,0.0027593600855279,0.1769671772448685,0.003414326606481973,0.013822255490558199
