n,min_risk,max_risk,observed_event_rate,mean_predicted_risk
17065.00000000001,0.0039099767710201,0.0966980430395753,0.011210589558387968,0.010918904252243946
