n,min_risk,max_risk,observed_event_rate,mean_predicted_risk
17065.00000000001,0.0019691008345632,0.1231847036110073,0.011210589558387968,0.0109684024667234
