{
  "mode": "survival",
  "n_rows_ipcw": 3309,
  "weighted_event_rate": 0.0011887427609689153,
  "ppv_npv_thresholds": [
    0.005,
    0.01,
    0.02,
    0.05
  ],
  "models": {
    "O": {
      "risk_column": "risks_1y_o",
      "C_td": 0.5622844031391184,
      "calibration": {
        "calibration_intercept": 1.5080656194175752,
        "calibration_slope": 1.1941554316277974,
        "brier_score": 0.001187015930395999,
        "fit_status": "full_intercept_and_slope"
      },
      "classification": {
        "0.0050": {
          "threshold": 0.005,
          "PPV": NaN,
          "NPV": 0.9988112572390311,
          "sensitivity": 0.0,
          "specificity": 1.0
        },
        "0.0100": {
          "threshold": 0.01,
          "PPV": NaN,
          "NPV": 0.9988112572390311,
          "sensitivity": 0.0,
          "specificity": 1.0
        },
        "0.0200": {
          "threshold": 0.02,
          "PPV": NaN,
          "NPV": 0.9988112572390311,
          "sensitivity": 0.0,
          "specificity": 1.0
        },
        "0.0500": {
          "threshold": 0.05,
          "PPV": NaN,
          "NPV": 0.9988112572390311,
          "sensitivity": 0.0,
          "specificity": 1.0
        }
      },
      "nri": {
        "is_reference": true
      }
    },
    "O+Q": {
      "risk_column": "risks_1y_oq",
      "C_td": 0.6957965631694973,
      "calibration": {
        "calibration_intercept": 3.8752818205886186,
        "calibration_slope": 1.5500822398133056,
        "brier_score": 0.0011866830657302858,
        "fit_status": "full_intercept_and_slope"
      },
      "classification": {
        "0.0050": {
          "threshold": 0.005,
          "PPV": NaN,
          "NPV": 0.9988112572390311,
          "sensitivity": 0.0,
          "specificity": 1.0
        },
        "0.0100": {
          "threshold": 0.01,
          "PPV": NaN,
          "NPV": 0.9988112572390311,
          "sensitivity": 0.0,
          "specificity": 1.0
        },
        "0.0200": {
          "threshold": 0.02,
          "PPV": NaN,
          "NPV": 0.9988112572390311,
          "sensitivity": 0.0,
          "specificity": 1.0
        },
        "0.0500": {
          "threshold": 0.05,
          "PPV": NaN,
          "NPV": 0.9988112572390311,
          "sensitivity": 0.0,
          "specificity": 1.0
        }
      },
      "nri": {
        "cutoff_nri": {
          "0.000000": 0.759909228441755
        }
      }
    },
    "S": {
      "risk_column": "risks_1y_s",
      "C_td": 0.8318334567516833,
      "calibration": {
        "calibration_intercept": 3.084374694057354,
        "calibration_slope": 1.4605438992571298,
        "brier_score": 0.0011846459799428645,
        "fit_status": "full_intercept_and_slope"
      },
      "classification": {
        "0.0050": {
          "threshold": 0.005,
          "PPV": 0.023538377169554658,
          "NPV": 0.9990985054021386,
          "sensitivity": 0.25126342446207167,
          "specificity": 0.9875945537065053
        },
        "0.0100": {
          "threshold": 0.01,
          "PPV": 0.0,
          "NPV": 0.9988090978081406,
          "sensitivity": 0.0,
          "specificity": 0.9981845688350984
        },
        "0.0200": {
          "threshold": 0.02,
          "PPV": NaN,
          "NPV": 0.9988112572390311,
          "sensitivity": 0.0,
          "specificity": 1.0
        },
        "0.0500": {
          "threshold": 0.05,
          "PPV": NaN,
          "NPV": 0.9988112572390311,
          "sensitivity": 0.0,
          "specificity": 1.0
        }
      },
      "nri": {
        "cutoff_nri": {
          "0.000000": 1.3313161875945536
        }
      }
    },
    "O+S": {
      "risk_column": "risks_1y_os",
      "C_td": 0.869881262095496,
      "calibration": {
        "calibration_intercept": 5.242846922395248,
        "calibration_slope": 1.793277259696203,
        "brier_score": 0.001184884067322062,
        "fit_status": "full_intercept_and_slope"
      },
      "classification": {
        "0.0050": {
          "threshold": 0.005,
          "PPV": 0.0,
          "NPV": 0.998800746800214,
          "sensitivity": 0.0,
          "specificity": 0.9912254160363085
        },
        "0.0100": {
          "threshold": 0.01,
          "PPV": NaN,
          "NPV": 0.9988112572390311,
          "sensitivity": 0.0,
          "specificity": 1.0
        },
        "0.0200": {
          "threshold": 0.02,
          "PPV": NaN,
          "NPV": 0.9988112572390311,
          "sensitivity": 0.0,
          "specificity": 1.0
        },
        "0.0500": {
          "threshold": 0.05,
          "PPV": NaN,
          "NPV": 0.9988112572390311,
          "sensitivity": 0.0,
          "specificity": 1.0
        }
      },
      "nri": {
        "cutoff_nri": {
          "0.000000": 1.296822995461422
        }
      }
    },
    "O+Q+S": {
      "risk_column": "risks_1y_oqs",
      "C_td": 0.8057347804188945,
      "calibration": {
        "calibration_intercept": 3.332147842901323,
        "calibration_slope": 1.494788555772951,
        "brier_score": 0.0011847652751462618,
        "fit_status": "full_intercept_and_slope"
      },
      "classification": {
        "0.0050": {
          "threshold": 0.005,
          "PPV": 0.0,
          "NPV": 0.9987992824808553,
          "sensitivity": 0.0,
          "specificity": 0.9900151285930409
        },
        "0.0100": {
          "threshold": 0.01,
          "PPV": 0.0,
          "NPV": 0.9988094582579506,
          "sensitivity": 0.0,
          "specificity": 0.9984871406959153
        },
        "0.0200": {
          "threshold": 0.02,
          "PPV": NaN,
          "NPV": 0.9988112572390311,
          "sensitivity": 0.0,
          "specificity": 1.0
        },
        "0.0500": {
          "threshold": 0.05,
          "PPV": NaN,
          "NPV": 0.9988112572390311,
          "sensitivity": 0.0,
          "specificity": 1.0
        }
      },
      "nri": {
        "cutoff_nri": {
          "0.000000": 0.7950075642965204
        }
      }
    }
  },
  "n_rows_total": 3413,
  "horizon": 1.0
}