{
  "mode": "survival",
  "n_rows_ipcw": 3360,
  "weighted_event_rate": 0.012398493100494198,
  "ppv_npv_thresholds": [
    0.05,
    0.1,
    0.15,
    0.2
  ],
  "models": {
    "O": {
      "risk_column": "risks_1y_o",
      "C_td": 0.625794666050746,
      "calibration": {
        "calibration_intercept": 0.40616847089349395,
        "calibration_slope": 1.0867774506785097,
        "brier_score": 0.012221313322595625,
        "fit_status": "full_intercept_and_slope"
      },
      "classification": {
        "0.0500": {
          "threshold": 0.05,
          "PPV": NaN,
          "NPV": 0.9876015068995058,
          "sensitivity": 0.0,
          "specificity": 1.0
        },
        "0.1000": {
          "threshold": 0.1,
          "PPV": NaN,
          "NPV": 0.9876015068995058,
          "sensitivity": 0.0,
          "specificity": 1.0
        },
        "0.1500": {
          "threshold": 0.15,
          "PPV": NaN,
          "NPV": 0.9876015068995058,
          "sensitivity": 0.0,
          "specificity": 1.0
        },
        "0.2000": {
          "threshold": 0.2,
          "PPV": NaN,
          "NPV": 0.9876015068995058,
          "sensitivity": 0.0,
          "specificity": 1.0
        }
      },
      "nri": {
        "is_reference": true
      }
    },
    "O+Q": {
      "risk_column": "risks_1y_oq",
      "C_td": 0.715706960834934,
      "calibration": {
        "calibration_intercept": 1.7481886838411362,
        "calibration_slope": 1.4047899553924665,
        "brier_score": 0.012163489990993795,
        "fit_status": "full_intercept_and_slope"
      },
      "classification": {
        "0.0500": {
          "threshold": 0.05,
          "PPV": 0.0,
          "NPV": 0.9875978153937173,
          "sensitivity": 0.0,
          "specificity": 0.9996986136226642
        },
        "0.1000": {
          "threshold": 0.1,
          "PPV": NaN,
          "NPV": 0.9876015068995058,
          "sensitivity": 0.0,
          "specificity": 1.0
        },
        "0.1500": {
          "threshold": 0.15,
          "PPV": NaN,
          "NPV": 0.9876015068995058,
          "sensitivity": 0.0,
          "specificity": 1.0
        },
        "0.2000": {
          "threshold": 0.2,
          "PPV": NaN,
          "NPV": 0.9876015068995058,
          "sensitivity": 0.0,
          "specificity": 1.0
        }
      },
      "nri": {
        "cutoff_nri": {
          "0.000000": 0.7227245328511152
        }
      }
    },
    "S": {
      "risk_column": "risks_1y_s",
      "C_td": 0.5951619194498307,
      "calibration": {
        "calibration_intercept": 0.3721630569427391,
        "calibration_slope": 1.0760069528699383,
        "brier_score": 0.01222967064041227,
        "fit_status": "full_intercept_and_slope"
      },
      "classification": {
        "0.0500": {
          "threshold": 0.05,
          "PPV": NaN,
          "NPV": 0.9876015068995058,
          "sensitivity": 0.0,
          "specificity": 1.0
        },
        "0.1000": {
          "threshold": 0.1,
          "PPV": NaN,
          "NPV": 0.9876015068995058,
          "sensitivity": 0.0,
          "specificity": 1.0
        },
        "0.1500": {
          "threshold": 0.15,
          "PPV": NaN,
          "NPV": 0.9876015068995058,
          "sensitivity": 0.0,
          "specificity": 1.0
        },
        "0.2000": {
          "threshold": 0.2,
          "PPV": NaN,
          "NPV": 0.9876015068995058,
          "sensitivity": 0.0,
          "specificity": 1.0
        }
      },
      "nri": {
        "cutoff_nri": {
          "0.000000": -0.032549728752260476
        }
      }
    },
    "O+S": {
      "risk_column": "risks_1y_os",
      "C_td": 0.6173833995704848,
      "calibration": {
        "calibration_intercept": 0.4525156316298753,
        "calibration_slope": 1.0955785767611546,
        "brier_score": 0.012221580841083601,
        "fit_status": "full_intercept_and_slope"
      },
      "classification": {
        "0.0500": {
          "threshold": 0.05,
          "PPV": NaN,
          "NPV": 0.9876015068995058,
          "sensitivity": 0.0,
          "specificity": 1.0
        },
        "0.1000": {
          "threshold": 0.1,
          "PPV": NaN,
          "NPV": 0.9876015068995058,
          "sensitivity": 0.0,
          "specificity": 1.0
        },
        "0.1500": {
          "threshold": 0.15,
          "PPV": NaN,
          "NPV": 0.9876015068995058,
          "sensitivity": 0.0,
          "specificity": 1.0
        },
        "0.2000": {
          "threshold": 0.2,
          "PPV": NaN,
          "NPV": 0.9876015068995058,
          "sensitivity": 0.0,
          "specificity": 1.0
        }
      },
      "nri": {
        "cutoff_nri": {
          "0.000000": 0.006027727546714878
        }
      }
    },
    "O+Q+S": {
      "risk_column": "risks_1y_oqs",
      "C_td": 0.7963109109268608,
      "calibration": {
        "calibration_intercept": 1.5050841984302978,
        "calibration_slope": 1.3751295310262817,
        "brier_score": 0.012018985313268025,
        "fit_status": "full_intercept_and_slope"
      },
      "classification": {
        "0.0500": {
          "threshold": 0.05,
          "PPV": 0.09713397146770923,
          "NPV": 0.9886478620064578,
          "sensitivity": 0.09556217264007999,
          "specificity": 0.9888487040385775
        },
        "0.1000": {
          "threshold": 0.1,
          "PPV": NaN,
          "NPV": 0.9876015068995058,
          "sensitivity": 0.0,
          "specificity": 1.0
        },
        "0.1500": {
          "threshold": 0.15,
          "PPV": NaN,
          "NPV": 0.9876015068995058,
          "sensitivity": 0.0,
          "specificity": 1.0
        },
        "0.2000": {
          "threshold": 0.2,
          "PPV": NaN,
          "NPV": 0.9876015068995058,
          "sensitivity": 0.0,
          "specificity": 1.0
        }
      },
      "nri": {
        "cutoff_nri": {
          "0.000000": 0.8583484026522001
        }
      }
    }
  },
  "n_rows_total": 3413,
  "horizon": 1.0
}