n,min_risk,max_risk,observed_event_rate,mean_predicted_risk
17065.000000000007,0.000736318055692,0.1547230216873431,0.0013643734505735987,0.003910337817189397
