{
  "O": {
    "calibration_intercept": -1.2933725829867935,
    "calibration_slope": 0.7778438489212403,
    "brier_score": 0.0033105264466223314,
    "fit_status": "full_intercept_and_slope"
  },
  "O+Q": {
    "calibration_intercept": 0.669208025008923,
    "calibration_slope": 1.1387632494978754,
    "brier_score": 0.003302099156749239,
    "fit_status": "full_intercept_and_slope"
  },
  "S": {
    "calibration_intercept": -0.8077120511032994,
    "calibration_slope": 0.866882804853347,
    "brier_score": 0.0033123454644632356,
    "fit_status": "full_intercept_and_slope"
  },
  "O+S": {
    "calibration_intercept": -0.7674042269689944,
    "calibration_slope": 0.8725499967370067,
    "brier_score": 0.003312089410223604,
    "fit_status": "full_intercept_and_slope"
  },
  "O+Q+S": {
    "calibration_intercept": 0.7598512461296049,
    "calibration_slope": 1.1538917651039968,
    "brier_score": 0.00330611023261722,
    "fit_status": "full_intercept_and_slope"
  }
}