n,min_risk,max_risk,observed_event_rate,mean_predicted_risk
17064.999999999985,0.0009104275436353,0.0237022247487001,0.0033242667704541954,0.003553828222728313
