n,min_risk,max_risk,observed_event_rate,mean_predicted_risk
17065.000000000007,0.0008324065661312,0.068560546032625,0.0013643734505735987,0.004524353809618554
