{
  "O": {
    "calibration_intercept": -2.3795031587977524,
    "calibration_slope": 0.6335862541001787,
    "brier_score": 0.003311035537234077,
    "fit_status": "full_intercept_and_slope"
  },
  "O+S": {
    "calibration_intercept": -0.08890110164184875,
    "calibration_slope": 1.0373653613485632,
    "brier_score": 0.003309036955140866,
    "fit_status": "full_intercept_and_slope"
  },
  "O+D": {
    "calibration_intercept": -1.8272224533209243,
    "calibration_slope": 0.7129845741297025,
    "brier_score": 0.0033053809497038374,
    "fit_status": "full_intercept_and_slope"
  },
  "O+S+D": {
    "calibration_intercept": 0.3237912322862331,
    "calibration_slope": 1.0961885489578784,
    "brier_score": 0.0032981116672796498,
    "fit_status": "full_intercept_and_slope"
  }
}