n,min_risk,max_risk,observed_event_rate,mean_predicted_risk
17064.999999999985,0.0006061338598817,0.0415709478002592,0.0033242667704541954,0.003580232480232596
