n,min_risk,max_risk,observed_event_rate,mean_predicted_risk
17065.0,0.0014167312788624,0.0544117026855981,0.003313715201744616,0.0055667963334803915
