n,min_risk,max_risk,observed_event_rate,mean_predicted_risk
17064.999999999985,0.0011739742467225,0.0351566488171489,0.0033242667704541954,0.003547903226092725
