n,min_risk,max_risk,observed_event_rate,mean_predicted_risk
17065.000000000007,0.0014167312788624,0.0544117026855981,0.0013643734505735987,0.005563640314613213
