n,min_risk,max_risk,observed_event_rate,mean_predicted_risk
17064.999999999985,0.0008745275873259,0.0494784582794769,0.0033242667704541954,0.003545172016125928
