n,min_risk,max_risk,observed_event_rate,mean_predicted_risk
17062.955157551354,0.000764439351103,0.1530193776605026,0.0013645369585194257,0.004306360137349835
2.044842448652024,0.2167465164255267,0.2595408131276046,0.0,0.23814366477656565
