n,min_risk,max_risk,observed_event_rate,mean_predicted_risk
17065.0,0.0008324065661312,0.068560546032625,0.003313715201744616,0.0045267962450911805
