n,min_risk,max_risk,observed_event_rate,mean_predicted_risk
17065.0,0.000736318055692,0.1547230216873431,0.003313715201744616,0.003924092440220436
