n,min_risk,max_risk,observed_event_rate,mean_predicted_risk
17064.999999999985,0.0006977139351673,0.0624598029541437,0.0033242667704541954,0.003563766963468343
