{
  "O": {
    "calibration_intercept": -2.758827876513381,
    "calibration_slope": 0.7332143295421072,
    "brier_score": 0.001389595545076003,
    "fit_status": "full_intercept_and_slope"
  },
  "O+S": {
    "calibration_intercept": -2.9664384826995045,
    "calibration_slope": 0.6529976370153365,
    "brier_score": 0.0014093755516844816,
    "fit_status": "full_intercept_and_slope"
  },
  "O+D": {
    "calibration_intercept": -2.5609798617877932,
    "calibration_slope": 0.7422386085670853,
    "brier_score": 0.001378524257506736,
    "fit_status": "full_intercept_and_slope"
  },
  "O+S+D": {
    "calibration_intercept": -2.671938746510255,
    "calibration_slope": 0.6966246528712386,
    "brier_score": 0.0013911839212837826,
    "fit_status": "full_intercept_and_slope"
  }
}