n,min_risk,max_risk,observed_event_rate,mean_predicted_risk
17062.959149094062,0.000764439351103,0.1530193776605026,0.0033141115455799616,0.004323024330519157
2.0408509059373925,0.2167465164255267,0.2595408131276046,0.0,0.23814366477656562
