{
  "mode": "survival",
  "n_rows_ipcw": 2725,
  "weighted_event_rate": 0.10628799884726903,
  "ppv_npv_thresholds": [
    0.05,
    0.1,
    0.15,
    0.2
  ],
  "models": {
    "O": {
      "risk_column": "risks_7y_o",
      "C_td": 0.5881252783156898,
      "calibration": {
        "calibration_intercept": -0.5198742907831525,
        "calibration_slope": 0.7283935275664761,
        "brier_score": 0.09422238100967453,
        "fit_status": "full_intercept_and_slope"
      },
      "classification": {
        "0.0500": {
          "threshold": 0.05,
          "PPV": 0.10792872768839859,
          "NPV": 0.9181266227502365,
          "sensitivity": 0.9514936754263894,
          "specificity": 0.06469115191986645
        },
        "0.1000": {
          "threshold": 0.1,
          "PPV": 0.12865191229576034,
          "NPV": 0.9148824069597619,
          "sensitivity": 0.5886124458072385,
          "specificity": 0.5258764607679466
        },
        "0.1500": {
          "threshold": 0.15,
          "PPV": 0.16113095489366425,
          "NPV": 0.899808768208744,
          "sensitivity": 0.15166797062869009,
          "specificity": 0.906093489148581
        },
        "0.2000": {
          "threshold": 0.2,
          "PPV": 0.441751698159213,
          "NPV": 0.8939362959368987,
          "sensitivity": 0.0027770094829982325,
          "specificity": 0.9995826377295493
        }
      },
      "nri": {
        "is_reference": true
      }
    },
    "O+Q": {
      "risk_column": "risks_7y_oq",
      "C_td": 0.6577202353893261,
      "calibration": {
        "calibration_intercept": -0.09917136720295804,
        "calibration_slope": 0.9231498852327528,
        "brier_score": 0.09173455562504032,
        "fit_status": "full_intercept_and_slope"
      },
      "classification": {
        "0.0500": {
          "threshold": 0.05,
          "PPV": 0.11923910149153585,
          "NPV": 0.954578748126616,
          "sensitivity": 0.925024352481721,
          "specificity": 0.18739565943238734
        },
        "0.1000": {
          "threshold": 0.1,
          "PPV": 0.16016329339592858,
          "NPV": 0.9322540802684632,
          "sensitivity": 0.6284348720678689,
          "specificity": 0.6080968280467446
        },
        "0.1500": {
          "threshold": 0.15,
          "PPV": 0.21692332184989138,
          "NPV": 0.9191924798026788,
          "sensitivity": 0.38205074654698096,
          "specificity": 0.8359766277128549
        },
        "0.2000": {
          "threshold": 0.2,
          "PPV": 0.23526703702305063,
          "NPV": 0.9031649066962792,
          "sensitivity": 0.15114920039605004,
          "specificity": 0.9415692821368948
        }
      },
      "nri": {
        "cutoff_nri": {
          "0.000000": 0.3856173663299014
        }
      }
    },
    "S": {
      "risk_column": "risks_7y_s",
      "C_td": 0.5975966508993313,
      "calibration": {
        "calibration_intercept": 0.9806987565922137,
        "calibration_slope": 1.4205118573945286,
        "brier_score": 0.09412780817452016,
        "fit_status": "full_intercept_and_slope"
      },
      "classification": {
        "0.0500": {
          "threshold": 0.05,
          "PPV": 0.10632765924172596,
          "NPV": 1.0,
          "sensitivity": 1.0,
          "specificity": 0.0004173622704507513
        },
        "0.1000": {
          "threshold": 0.1,
          "PPV": 0.14023538615557052,
          "NPV": 0.9235893014424933,
          "sensitivity": 0.6176266664540161,
          "specificity": 0.5496661101836394
        },
        "0.1500": {
          "threshold": 0.15,
          "PPV": 0.26653533915289007,
          "NPV": 0.895608532198139,
          "sensitivity": 0.029331210515682736,
          "specificity": 0.9904006677796328
        },
        "0.2000": {
          "threshold": 0.2,
          "PPV": NaN,
          "NPV": 0.893712001152731,
          "sensitivity": 0.0,
          "specificity": 1.0
        }
      },
      "nri": {
        "cutoff_nri": {
          "0.000000": -0.06419260063631888
        }
      }
    },
    "O+S": {
      "risk_column": "risks_7y_os",
      "C_td": 0.6145040771527116,
      "calibration": {
        "calibration_intercept": -0.02323450243962307,
        "calibration_slope": 0.9610800198430139,
        "brier_score": 0.09364575444755428,
        "fit_status": "full_intercept_and_slope"
      },
      "classification": {
        "0.0500": {
          "threshold": 0.05,
          "PPV": 0.10809467281658146,
          "NPV": 0.9227283239505845,
          "sensitivity": 0.9573871061250123,
          "specificity": 0.06051752921535893
        },
        "0.1000": {
          "threshold": 0.1,
          "PPV": 0.14130179860555553,
          "NPV": 0.9242248772072289,
          "sensitivity": 0.6190539054941536,
          "specificity": 0.5525876460767946
        },
        "0.1500": {
          "threshold": 0.15,
          "PPV": 0.1765591608614296,
          "NPV": 0.9022833697347385,
          "sensitivity": 0.180590808034226,
          "specificity": 0.8998330550918197
        },
        "0.2000": {
          "threshold": 0.2,
          "PPV": 0.26827641181413847,
          "NPV": 0.894458599853104,
          "sensitivity": 0.011579891464118171,
          "specificity": 0.9962437395659433
        }
      },
      "nri": {
        "cutoff_nri": {
          "0.000000": 0.16383435411602926
        }
      }
    },
    "O+Q+S": {
      "risk_column": "risks_7y_oqs",
      "C_td": 0.7572905097868154,
      "calibration": {
        "calibration_intercept": 0.28826077097320596,
        "calibration_slope": 1.1240530307107393,
        "brier_score": 0.08514402005797758,
        "fit_status": "full_intercept_and_slope"
      },
      "classification": {
        "0.0500": {
          "threshold": 0.05,
          "PPV": 0.14401216720699403,
          "NPV": 0.9776008051483013,
          "sensitivity": 0.9346285755339647,
          "specificity": 0.3393155258764608
        },
        "0.1000": {
          "threshold": 0.1,
          "PPV": 0.20550372926884425,
          "NPV": 0.9539899063877995,
          "sensitivity": 0.7307187822697323,
          "specificity": 0.6640233722871453
        },
        "0.1500": {
          "threshold": 0.15,
          "PPV": 0.27144562945305184,
          "NPV": 0.9414536069647703,
          "sensitivity": 0.5726925610344953,
          "specificity": 0.8171953255425709
        },
        "0.2000": {
          "threshold": 0.2,
          "PPV": 0.3157572325804262,
          "NPV": 0.9258484198836803,
          "sensitivity": 0.3951477047564384,
          "specificity": 0.8981636060100167
        }
      },
      "nri": {
        "cutoff_nri": {
          "0.000000": 0.7372748907754058
        }
      }
    }
  },
  "n_rows_total": 3413,
  "horizon": 7.0
}