{
  "mode": "survival",
  "n_rows_ipcw": 2582,
  "weighted_event_rate": 0.0631104208749066,
  "ppv_npv_thresholds": [
    0.05,
    0.1,
    0.15,
    0.2
  ],
  "models": {
    "O": {
      "risk_column": "risks_7y_o",
      "C_td": 0.7254961836012231,
      "calibration": {
        "calibration_intercept": 0.09346035857163953,
        "calibration_slope": 0.9739012171814649,
        "brier_score": 0.055530425606278445,
        "fit_status": "full_intercept_and_slope"
      },
      "classification": {
        "0.0500": {
          "threshold": 0.05,
          "PPV": 0.12131922434259694,
          "NPV": 0.9678573476975826,
          "sensitivity": 0.6675559748056601,
          "specificity": 0.6743119266055045
        },
        "0.1000": {
          "threshold": 0.1,
          "PPV": 0.20506056181242507,
          "NPV": 0.9566835544504372,
          "sensitivity": 0.3976359114153451,
          "specificity": 0.896163469557965
        },
        "0.1500": {
          "threshold": 0.15,
          "PPV": 0.2680475026666019,
          "NPV": 0.9505407201641882,
          "sensitivity": 0.26524846750906633,
          "specificity": 0.951209341117598
        },
        "0.2000": {
          "threshold": 0.2,
          "PPV": 0.3328990820893301,
          "NPV": 0.9468849867086604,
          "sensitivity": 0.1884469217174474,
          "specificity": 0.9745621351125938
        }
      },
      "nri": {
        "is_reference": true
      }
    },
    "O+Q": {
      "risk_column": "risks_7y_oq",
      "C_td": 0.7950261756947273,
      "calibration": {
        "calibration_intercept": 0.24188863569438038,
        "calibration_slope": 1.0064872170940862,
        "brier_score": 0.04807357778612095,
        "fit_status": "full_intercept_and_slope"
      },
      "classification": {
        "0.0500": {
          "threshold": 0.05,
          "PPV": 0.1796319436892245,
          "NPV": 0.9735953783532533,
          "sensitivity": 0.6818376302665232,
          "specificity": 0.7902418682235196
        },
        "0.1000": {
          "threshold": 0.1,
          "PPV": 0.29148634620029557,
          "NPV": 0.9650393567521734,
          "sensitivity": 0.5068287261886446,
          "specificity": 0.9170141784820683
        },
        "0.1500": {
          "threshold": 0.15,
          "PPV": 0.36199771763807964,
          "NPV": 0.9561790661997843,
          "sensitivity": 0.3477418400200133,
          "specificity": 0.9587155963302753
        },
        "0.2000": {
          "threshold": 0.2,
          "PPV": 0.4722447223145518,
          "NPV": 0.9532699812781454,
          "sensitivity": 0.288055402475184,
          "specificity": 0.9783152627189324
        }
      },
      "nri": {
        "cutoff_nri": {
          "0.000000": 0.6464535663777784
        }
      }
    },
    "S": {
      "risk_column": "risks_7y_s",
      "C_td": 0.732794417613214,
      "calibration": {
        "calibration_intercept": 0.3384290042585131,
        "calibration_slope": 1.0709177415521698,
        "brier_score": 0.055114231236895544,
        "fit_status": "full_intercept_and_slope"
      },
      "classification": {
        "0.0500": {
          "threshold": 0.05,
          "PPV": 0.14314926150946672,
          "NPV": 0.9703827940137927,
          "sensitivity": 0.6691544498928627,
          "specificity": 0.7301918265221017
        },
        "0.1000": {
          "threshold": 0.1,
          "PPV": 0.19791758095916676,
          "NPV": 0.9534827581377413,
          "sensitivity": 0.34370515698887394,
          "specificity": 0.9061718098415346
        },
        "0.1500": {
          "threshold": 0.15,
          "PPV": 0.2457829419717748,
          "NPV": 0.9481405864172945,
          "sensitivity": 0.22594959313246654,
          "specificity": 0.9532944120100084
        },
        "0.2000": {
          "threshold": 0.2,
          "PPV": 0.34493520425436347,
          "NPV": 0.9462683382716999,
          "sensitivity": 0.1760293857770797,
          "specificity": 0.9774812343619683
        }
      },
      "nri": {
        "cutoff_nri": {
          "0.000000": -0.13008122710954773
        }
      }
    },
    "O+S": {
      "risk_column": "risks_7y_os",
      "C_td": 0.753385347117732,
      "calibration": {
        "calibration_intercept": 0.1780219173301136,
        "calibration_slope": 1.0023512192295323,
        "brier_score": 0.0541278573477587,
        "fit_status": "full_intercept_and_slope"
      },
      "classification": {
        "0.0500": {
          "threshold": 0.05,
          "PPV": 0.14380546075519327,
          "NPV": 0.9685837985339147,
          "sensitivity": 0.6425834746542606,
          "specificity": 0.7422852376980817
        },
        "0.1000": {
          "threshold": 0.1,
          "PPV": 0.22761015652723376,
          "NPV": 0.9588674307867239,
          "sensitivity": 0.4250589423595006,
          "specificity": 0.9028356964136781
        },
        "0.1500": {
          "threshold": 0.15,
          "PPV": 0.31310189083565043,
          "NPV": 0.9558591718121477,
          "sensitivity": 0.3499074649179417,
          "specificity": 0.9482902418682235
        },
        "0.2000": {
          "threshold": 0.2,
          "PPV": 0.3354344275751701,
          "NPV": 0.949450822137498,
          "sensitivity": 0.23435229571907812,
          "specificity": 0.9687239366138448
        }
      },
      "nri": {
        "cutoff_nri": {
          "0.000000": 0.22855096638503108
        }
      }
    },
    "O+Q+S": {
      "risk_column": "risks_7y_oqs",
      "C_td": 0.797979973667462,
      "calibration": {
        "calibration_intercept": 0.29249738034245865,
        "calibration_slope": 1.0397670511117254,
        "brier_score": 0.04787977765165533,
        "fit_status": "full_intercept_and_slope"
      },
      "classification": {
        "0.0500": {
          "threshold": 0.05,
          "PPV": 0.1837929528461045,
          "NPV": 0.974661912141829,
          "sensitivity": 0.6942182253564845,
          "specificity": 0.79232693911593
        },
        "0.1000": {
          "threshold": 0.1,
          "PPV": 0.27683305859302104,
          "NPV": 0.9636541210177708,
          "sensitivity": 0.4881853695392566,
          "specificity": 0.9140950792326938
        },
        "0.1500": {
          "threshold": 0.15,
          "PPV": 0.3855201576494733,
          "NPV": 0.9597184417273084,
          "sensitivity": 0.4039344952541774,
          "specificity": 0.9566305254378649
        },
        "0.2000": {
          "threshold": 0.2,
          "PPV": 0.42933538430310975,
          "NPV": 0.955047732476628,
          "sensitivity": 0.32136826056347173,
          "specificity": 0.9712260216847373
        }
      },
      "nri": {
        "cutoff_nri": {
          "0.000000": 0.6742484679261702
        }
      }
    }
  },
  "n_rows_total": 3413,
  "horizon": 7.0
}