{
  "mode": "survival",
  "n_rows_ipcw": 2495,
  "weighted_event_rate": 0.033585082861532445,
  "ppv_npv_thresholds": [
    0.005,
    0.01,
    0.02,
    0.05
  ],
  "models": {
    "O": {
      "risk_column": "risks_7y_o",
      "C_td": 0.6570366858693656,
      "calibration": {
        "calibration_intercept": 1.3856908216331139,
        "calibration_slope": 1.3552039867945476,
        "brier_score": 0.03201134096622272,
        "fit_status": "full_intercept_and_slope"
      },
      "classification": {
        "0.0050": {
          "threshold": 0.005,
          "PPV": 0.033585082861532445,
          "NPV": NaN,
          "sensitivity": 1.0,
          "specificity": 0.0
        },
        "0.0100": {
          "threshold": 0.01,
          "PPV": 0.033585082861532445,
          "NPV": NaN,
          "sensitivity": 1.0,
          "specificity": 0.0
        },
        "0.0200": {
          "threshold": 0.02,
          "PPV": 0.04378685015253779,
          "NPV": 0.9866462517027627,
          "sensitivity": 0.8667135640644512,
          "specificity": 0.342237061769616
        },
        "0.0500": {
          "threshold": 0.05,
          "PPV": 0.10167187778287035,
          "NPV": 0.9731322585899688,
          "sensitivity": 0.27184805609744017,
          "specificity": 0.9165275459098498
        }
      },
      "nri": {
        "is_reference": true
      }
    },
    "O+Q": {
      "risk_column": "risks_7y_oq",
      "C_td": 0.6560228330985794,
      "calibration": {
        "calibration_intercept": 0.6530340138274726,
        "calibration_slope": 1.1350096894424753,
        "brier_score": 0.03195459334708596,
        "fit_status": "full_intercept_and_slope"
      },
      "classification": {
        "0.0050": {
          "threshold": 0.005,
          "PPV": 0.033585082861532445,
          "NPV": NaN,
          "sensitivity": 1.0,
          "specificity": 0.0
        },
        "0.0100": {
          "threshold": 0.01,
          "PPV": 0.03405206381420336,
          "NPV": 1.0,
          "sensitivity": 1.0,
          "specificity": 0.01419031719532554
        },
        "0.0200": {
          "threshold": 0.02,
          "PPV": 0.046590485675959095,
          "NPV": 0.9860523603926128,
          "sensitivity": 0.8345411185595445,
          "specificity": 0.4065108514190317
        },
        "0.0500": {
          "threshold": 0.05,
          "PPV": 0.0914066671096082,
          "NPV": 0.9722348062691716,
          "sensitivity": 0.24888913342786678,
          "specificity": 0.9140233722871453
        }
      },
      "nri": {
        "cutoff_nri": {
          "0.000000": 0.17970186000236082
        }
      }
    },
    "S": {
      "risk_column": "risks_7y_s",
      "C_td": 0.5651067613702152,
      "calibration": {
        "calibration_intercept": 0.9987062665360982,
        "calibration_slope": 1.2284208819505156,
        "brier_score": 0.0323570132574123,
        "fit_status": "full_intercept_and_slope"
      },
      "classification": {
        "0.0050": {
          "threshold": 0.005,
          "PPV": 0.033585082861532445,
          "NPV": NaN,
          "sensitivity": 1.0,
          "specificity": 0.0
        },
        "0.0100": {
          "threshold": 0.01,
          "PPV": 0.033585082861532445,
          "NPV": NaN,
          "sensitivity": 1.0,
          "specificity": 0.0
        },
        "0.0200": {
          "threshold": 0.02,
          "PPV": 0.03475207885252333,
          "NPV": 0.987393816624518,
          "sensitivity": 0.980220590840255,
          "specificity": 0.053839732888146904
        },
        "0.0500": {
          "threshold": 0.05,
          "PPV": 0.08462571637154775,
          "NPV": 0.9674943126574047,
          "sensitivity": 0.05218334277446395,
          "specificity": 0.9803839732888147
        }
      },
      "nri": {
        "cutoff_nri": {
          "0.000000": -0.41362708891924255
        }
      }
    },
    "O+S": {
      "risk_column": "risks_7y_os",
      "C_td": 0.639531096717232,
      "calibration": {
        "calibration_intercept": 1.9014373849397626,
        "calibration_slope": 1.495894722976556,
        "brier_score": 0.03207316410370579,
        "fit_status": "full_intercept_and_slope"
      },
      "classification": {
        "0.0050": {
          "threshold": 0.005,
          "PPV": 0.033585082861532445,
          "NPV": NaN,
          "sensitivity": 1.0,
          "specificity": 0.0
        },
        "0.0100": {
          "threshold": 0.01,
          "PPV": 0.033585082861532445,
          "NPV": NaN,
          "sensitivity": 1.0,
          "specificity": 0.0
        },
        "0.0200": {
          "threshold": 0.02,
          "PPV": 0.04109284900254523,
          "NPV": 0.9854526968521696,
          "sensitivity": 0.8774946258187035,
          "specificity": 0.2883973288814691
        },
        "0.0500": {
          "threshold": 0.05,
          "PPV": 0.10502893715386766,
          "NPV": 0.9702485579569753,
          "sensitivity": 0.15926076873899253,
          "specificity": 0.9528380634390652
        }
      },
      "nri": {
        "cutoff_nri": {
          "0.000000": -0.309783983406688
        }
      }
    },
    "O+Q+S": {
      "risk_column": "risks_7y_oqs",
      "C_td": 0.6558166535946431,
      "calibration": {
        "calibration_intercept": 0.7662290478613276,
        "calibration_slope": 1.1640636159488849,
        "brier_score": 0.0319126477197765,
        "fit_status": "full_intercept_and_slope"
      },
      "classification": {
        "0.0050": {
          "threshold": 0.005,
          "PPV": 0.033585082861532445,
          "NPV": NaN,
          "sensitivity": 1.0,
          "specificity": 0.0
        },
        "0.0100": {
          "threshold": 0.01,
          "PPV": 0.034403802617498404,
          "NPV": 1.0,
          "sensitivity": 1.0,
          "specificity": 0.02462437395659432
        },
        "0.0200": {
          "threshold": 0.02,
          "PPV": 0.04429132534122988,
          "NPV": 0.9822315513824542,
          "sensitivity": 0.7864401854121248,
          "specificity": 0.4102671118530885
        },
        "0.0500": {
          "threshold": 0.05,
          "PPV": 0.08588372961221914,
          "NPV": 0.9714491360674963,
          "sensitivity": 0.2245395874629238,
          "specificity": 0.9169449081803005
        }
      },
      "nri": {
        "cutoff_nri": {
          "0.000000": 0.16368189406586742
        }
      }
    }
  },
  "n_rows_total": 3413,
  "horizon": 7.0
}