n,min_risk,max_risk,observed_event_rate,mean_predicted_risk
17065.000000000004,0.0055042072089666,0.0698219901778155,0.020797717534548982,0.015346589618536167
