n,min_risk,max_risk,observed_event_rate,mean_predicted_risk
17065.000000000004,0.0059013233177298,0.0699598320603947,0.020797717534548982,0.014465232799026326
