n,min_risk,max_risk,observed_event_rate,mean_predicted_risk
17065.000000000004,0.0075005313178213,0.0433012908428085,0.020797717534548982,0.01466556616634055
