n,min_risk,max_risk,observed_event_rate,mean_predicted_risk
17065.000000000004,0.0064422348675298,0.1060890607905585,0.020797717534548982,0.015243341770811812
