{
  "O": {
    "calibration_intercept": -0.4905394570696045,
    "calibration_slope": 0.9244357465545182,
    "brier_score": 0.03203964310218696,
    "fit_status": "full_intercept_and_slope"
  },
  "O+S": {
    "calibration_intercept": 0.10682242178486562,
    "calibration_slope": 1.044405439704158,
    "brier_score": 0.026741853963769477,
    "fit_status": "full_intercept_and_slope"
  },
  "O+D": {
    "calibration_intercept": 0.02359440999937448,
    "calibration_slope": 1.0113277570909884,
    "brier_score": 0.03149230510804126,
    "fit_status": "full_intercept_and_slope"
  },
  "O+S+D": {
    "calibration_intercept": 0.26952554933204165,
    "calibration_slope": 1.0917500138198222,
    "brier_score": 0.026782013253645976,
    "fit_status": "full_intercept_and_slope"
  }
}