n,min_risk,max_risk,observed_event_rate,mean_predicted_risk
15945.442890094902,0.0060098020993149,0.0999874067354705,0.024309993088805177,0.024936114536789147
808.9511550808762,0.1000462260627407,0.1999532379644522,0.15590967411412074,0.13874494042873295
189.86976800662978,0.200047131128519,0.2994959560036764,0.22456780444618843,0.2357306239520886
83.97725160532036,0.3009611149415058,0.3912269254941557,0.29594846998945845,0.34117165686830864
28.03721697600929,0.4016083636748508,0.4986203258064712,0.3384220719627324,0.4483998532360383
7.562417991577709,0.5075221036370087,0.5917303484741175,0.693404875008605,0.5351922965007955
1.1593002446824707,0.6310793587216684,0.6310793587216684,0.0,0.6310793587216684
