n,min_risk,max_risk,observed_event_rate,mean_predicted_risk
15562.790254694393,0.0043222752930675,0.0998912262352331,0.01284087836695135,0.028610417641882577
1029.889742784442,0.1001413638782435,0.1997983339330894,0.0286711263236684,0.13718782799339124
298.6907725972158,0.2002061633601708,0.2991611404054753,0.036870267678817015,0.23836779645124906
111.06350672955156,0.3013572338327048,0.3995679420934521,0.04066243576238258,0.34409156776511385
32.969224855092676,0.4056215081458974,0.4995026632484903,0.06639120548941908,0.44997773085348514
20.125618870749733,0.500036798778364,0.5994613767452331,0.0,0.5467421777261846
7.103159601441082,0.6000023047895392,0.6757657499966476,0.0,0.6350573850836054
2.367719867147027,0.7390088252966935,0.7731606834376913,0.0,0.7560847543671925
