{
  "O": {
    "calibration_intercept": 0.04538610258902059,
    "calibration_slope": 0.9901628672334317,
    "brier_score": 0.03263815180196164,
    "fit_status": "full_intercept_and_slope"
  },
  "O+Q": {
    "calibration_intercept": 0.32186990575949265,
    "calibration_slope": 1.0942440362589363,
    "brier_score": 0.027068212929110432,
    "fit_status": "full_intercept_and_slope"
  },
  "S": {
    "calibration_intercept": 0.2963275027710523,
    "calibration_slope": 1.0681861362411214,
    "brier_score": 0.032488982493273005,
    "fit_status": "full_intercept_and_slope"
  },
  "O+S": {
    "calibration_intercept": 0.1513076387124317,
    "calibration_slope": 1.0205725275121724,
    "brier_score": 0.03197550531155923,
    "fit_status": "full_intercept_and_slope"
  },
  "O+O+Q+S": {
    "calibration_intercept": 0.36284328562881357,
    "calibration_slope": 1.11037280883701,
    "brier_score": 0.027200220596890583,
    "fit_status": "full_intercept_and_slope"
  }
}