n,min_risk,max_risk,observed_event_rate,mean_predicted_risk
16098.621001754907,0.0060098020993149,0.0999874067354705,0.01312042150537802,0.0246383985197183
725.3533377462447,0.1000462260627407,0.1999532379644522,0.038684369963237875,0.1378630793634115
155.99943033081078,0.200047131128519,0.2994959560036764,0.036213073054144396,0.234770024721096
61.520845765773515,0.3009611149415058,0.3878811254349547,0.018595146722783933,0.3387771612665164
19.9538046015751,0.4016083636748508,0.4874931873351526,0.05071943344173043,0.44806563686814976
2.367719867147027,0.5102033808090536,0.5283441914403311,0.0,0.5192737861246922
1.1838599335735136,0.6310793587216684,0.6310793587216684,0.0,0.6310793587216684
