{
  "O": {
    "calibration_intercept": -2.7990329874427826,
    "calibration_slope": 0.423519553429204,
    "brier_score": 0.017682489228525257,
    "fit_status": "full_intercept_and_slope"
  },
  "O+S": {
    "calibration_intercept": -2.3175272471571677,
    "calibration_slope": 0.49757120507837177,
    "brier_score": 0.016638715666614984,
    "fit_status": "full_intercept_and_slope"
  },
  "O+D": {
    "calibration_intercept": -2.4729450123133585,
    "calibration_slope": 0.48810604940238556,
    "brier_score": 0.01597489260378819,
    "fit_status": "full_intercept_and_slope"
  },
  "O+S+D": {
    "calibration_intercept": -2.1989932826565566,
    "calibration_slope": 0.5321453277211358,
    "brier_score": 0.016239522636307777,
    "fit_status": "full_intercept_and_slope"
  }
}