{
  "mode": "survival",
  "n_rows_ipcw": 3322,
  "weighted_event_rate": 0.001479571268512366,
  "ppv_npv_thresholds": [
    0.005,
    0.01,
    0.02,
    0.05
  ],
  "models": {
    "O": {
      "risk_column": "risks_1y_o",
      "C_td": 0.8377305463972392,
      "calibration": {
        "calibration_intercept": 8.635393788744912,
        "calibration_slope": 2.5787693486606997,
        "brier_score": 0.0014740505542440976,
        "fit_status": "full_intercept_and_slope"
      },
      "classification": {
        "0.0050": {
          "threshold": 0.005,
          "PPV": 0.010632467156616792,
          "NPV": 0.9993595317607783,
          "sensitivity": 0.6034774843356412,
          "specificity": 0.9167922821826953
        },
        "0.0100": {
          "threshold": 0.01,
          "PPV": NaN,
          "NPV": 0.9985204287314876,
          "sensitivity": 0.0,
          "specificity": 1.0
        },
        "0.0200": {
          "threshold": 0.02,
          "PPV": NaN,
          "NPV": 0.9985204287314876,
          "sensitivity": 0.0,
          "specificity": 1.0
        },
        "0.0500": {
          "threshold": 0.05,
          "PPV": NaN,
          "NPV": 0.9985204287314876,
          "sensitivity": 0.0,
          "specificity": 1.0
        }
      },
      "nri": {
        "is_reference": true
      }
    },
    "O+Q": {
      "risk_column": "risks_1y_oq",
      "C_td": 0.8669745742220285,
      "calibration": {
        "calibration_intercept": 6.0485243844785614,
        "calibration_slope": 2.139919528562598,
        "brier_score": 0.00147375861816569,
        "fit_status": "full_intercept_and_slope"
      },
      "classification": {
        "0.0050": {
          "threshold": 0.005,
          "PPV": 0.004189226224530907,
          "NPV": 0.9987285924126289,
          "sensitivity": 0.2019968465863111,
          "specificity": 0.9288513717214351
        },
        "0.0100": {
          "threshold": 0.01,
          "PPV": 0.0,
          "NPV": 0.9985190913324303,
          "sensitivity": 0.0,
          "specificity": 0.9990955682845946
        },
        "0.0200": {
          "threshold": 0.02,
          "PPV": NaN,
          "NPV": 0.9985204287314876,
          "sensitivity": 0.0,
          "specificity": 1.0
        },
        "0.0500": {
          "threshold": 0.05,
          "PPV": NaN,
          "NPV": 0.9985204287314876,
          "sensitivity": 0.0,
          "specificity": 1.0
        }
      },
      "nri": {
        "cutoff_nri": {
          "0.000000": 0.30521555622550495
        }
      }
    },
    "S": {
      "risk_column": "risks_1y_s",
      "C_td": 0.6708940123970923,
      "calibration": {
        "calibration_intercept": 2.021786785801455,
        "calibration_slope": 1.4037042969744,
        "brier_score": 0.0014774007516097389,
        "fit_status": "full_intercept_and_slope"
      },
      "classification": {
        "0.0050": {
          "threshold": 0.005,
          "PPV": 0.0,
          "NPV": 0.9985042187669864,
          "sensitivity": 0.0,
          "specificity": 0.9891468194151342
        },
        "0.0100": {
          "threshold": 0.01,
          "PPV": NaN,
          "NPV": 0.9985204287314876,
          "sensitivity": 0.0,
          "specificity": 1.0
        },
        "0.0200": {
          "threshold": 0.02,
          "PPV": NaN,
          "NPV": 0.9985204287314876,
          "sensitivity": 0.0,
          "specificity": 1.0
        },
        "0.0500": {
          "threshold": 0.05,
          "PPV": NaN,
          "NPV": 0.9985204287314876,
          "sensitivity": 0.0,
          "specificity": 1.0
        }
      },
      "nri": {
        "cutoff_nri": {
          "0.000000": -1.107627374133253
        }
      }
    },
    "O+S": {
      "risk_column": "risks_1y_os",
      "C_td": 0.8165535787955233,
      "calibration": {
        "calibration_intercept": 6.869085875630822,
        "calibration_slope": 2.2623301942159406,
        "brier_score": 0.0014748200367566504,
        "fit_status": "full_intercept_and_slope"
      },
      "classification": {
        "0.0050": {
          "threshold": 0.005,
          "PPV": 0.0054471460794606255,
          "NPV": 0.9987503910823233,
          "sensitivity": 0.20169508852448512,
          "specificity": 0.9454326198372024
        },
        "0.0100": {
          "threshold": 0.01,
          "PPV": NaN,
          "NPV": 0.9985204287314876,
          "sensitivity": 0.0,
          "specificity": 1.0
        },
        "0.0200": {
          "threshold": 0.02,
          "PPV": NaN,
          "NPV": 0.9985204287314876,
          "sensitivity": 0.0,
          "specificity": 1.0
        },
        "0.0500": {
          "threshold": 0.05,
          "PPV": NaN,
          "NPV": 0.9985204287314876,
          "sensitivity": 0.0,
          "specificity": 1.0
        }
      },
      "nri": {
        "cutoff_nri": {
          "0.000000": -0.27386192342478144
        }
      }
    },
    "O+Q+S": {
      "risk_column": "risks_1y_oqs",
      "C_td": 0.8507888392757174,
      "calibration": {
        "calibration_intercept": 6.509089033681125,
        "calibration_slope": 2.214649952797841,
        "brier_score": 0.001474039233944871,
        "fit_status": "full_intercept_and_slope"
      },
      "classification": {
        "0.0050": {
          "threshold": 0.005,
          "PPV": 0.009144215837973509,
          "NPV": 0.9990560626831353,
          "sensitivity": 0.40369193511079615,
          "specificity": 0.9351823937292735
        },
        "0.0100": {
          "threshold": 0.01,
          "PPV": 0.0,
          "NPV": 0.9985199832002819,
          "sensitivity": 0.0,
          "specificity": 0.9996985227615316
        },
        "0.0200": {
          "threshold": 0.02,
          "PPV": NaN,
          "NPV": 0.9985204287314876,
          "sensitivity": 0.0,
          "specificity": 1.0
        },
        "0.0500": {
          "threshold": 0.05,
          "PPV": NaN,
          "NPV": 0.9985204287314876,
          "sensitivity": 0.0,
          "specificity": 1.0
        }
      },
      "nri": {
        "cutoff_nri": {
          "0.000000": 0.19788965933072045
        }
      }
    }
  },
  "n_rows_total": 3413,
  "horizon": 1.0
}