{
  "mode": "survival",
  "n_rows_ipcw": 2430,
  "weighted_event_rate": 0.014023101890512575,
  "ppv_npv_thresholds": [
    0.005,
    0.01,
    0.02,
    0.05
  ],
  "models": {
    "O": {
      "risk_column": "risks_7y_o",
      "C_td": 0.5928283548802619,
      "calibration": {
        "calibration_intercept": 0.008765373334517412,
        "calibration_slope": 0.9682236049692906,
        "brier_score": 0.01378017770120785,
        "fit_status": "full_intercept_and_slope"
      },
      "classification": {
        "0.0050": {
          "threshold": 0.005,
          "PPV": 0.014023101890512575,
          "NPV": NaN,
          "sensitivity": 1.0,
          "specificity": 0.0
        },
        "0.0100": {
          "threshold": 0.01,
          "PPV": 0.01666480145777609,
          "NPV": 0.9884749301566581,
          "sensitivity": 0.5775819574625195,
          "specificity": 0.5152783591460862
        },
        "0.0200": {
          "threshold": 0.02,
          "PPV": 0.03195401298512625,
          "NPV": 0.9893351650901742,
          "sensitivity": 0.3594493002192578,
          "specificity": 0.845123482628715
        },
        "0.0500": {
          "threshold": 0.05,
          "PPV": NaN,
          "NPV": 0.9859768981094874,
          "sensitivity": 0.0,
          "specificity": 1.0
        }
      },
      "nri": {
        "is_reference": true
      }
    },
    "O+Q": {
      "risk_column": "risks_7y_oq",
      "C_td": 0.5787513270911384,
      "calibration": {
        "calibration_intercept": -1.9064515100196666,
        "calibration_slope": 0.5172713540441557,
        "brier_score": 0.013832561974589777,
        "fit_status": "full_intercept_and_slope"
      },
      "classification": {
        "0.0050": {
          "threshold": 0.005,
          "PPV": 0.01481980536265521,
          "NPV": 0.991603639019472,
          "sensitivity": 0.9257364417812886,
          "specificity": 0.12473838426119715
        },
        "0.0100": {
          "threshold": 0.01,
          "PPV": 0.017309524709708007,
          "NPV": 0.9881739309920973,
          "sensitivity": 0.4945648777638315,
          "specificity": 0.6006697362913351
        },
        "0.0200": {
          "threshold": 0.02,
          "PPV": 0.02461472061640032,
          "NPV": 0.98779350115769,
          "sensitivity": 0.25698117628414496,
          "specificity": 0.8551695269987443
        },
        "0.0500": {
          "threshold": 0.05,
          "PPV": 0.0,
          "NPV": 0.9859420866122015,
          "sensitivity": 0.0,
          "specificity": 0.9974884889074928
        }
      },
      "nri": {
        "cutoff_nri": {
          "0.000000": -0.12416665815883782
        }
      }
    },
    "S": {
      "risk_column": "risks_7y_s",
      "C_td": 0.6055001584213988,
      "calibration": {
        "calibration_intercept": 0.5096032870871983,
        "calibration_slope": 1.091322844154681,
        "brier_score": 0.01379987656789149,
        "fit_status": "full_intercept_and_slope"
      },
      "classification": {
        "0.0050": {
          "threshold": 0.005,
          "PPV": 0.014023101890512575,
          "NPV": NaN,
          "sensitivity": 1.0,
          "specificity": 0.0
        },
        "0.0100": {
          "threshold": 0.01,
          "PPV": 0.015550968013370236,
          "NPV": 0.9891255690256366,
          "sensitivity": 0.7466485615588643,
          "specificity": 0.32775219757220597
        },
        "0.0200": {
          "threshold": 0.02,
          "PPV": 0.022758300818004437,
          "NPV": 0.986542528542542,
          "sensitivity": 0.09869765530339032,
          "specificity": 0.9397237337798241
        },
        "0.0500": {
          "threshold": 0.05,
          "PPV": 0.0,
          "NPV": 0.9859537096326245,
          "sensitivity": 0.0,
          "specificity": 0.9983256592716618
        }
      },
      "nri": {
        "cutoff_nri": {
          "0.000000": -0.17086442944797803
        }
      }
    },
    "O+S": {
      "risk_column": "risks_7y_os",
      "C_td": 0.626513624121387,
      "calibration": {
        "calibration_intercept": 0.8298567253580204,
        "calibration_slope": 1.1592322212405095,
        "brier_score": 0.013770134433256788,
        "fit_status": "full_intercept_and_slope"
      },
      "classification": {
        "0.0050": {
          "threshold": 0.005,
          "PPV": 0.014023101890512575,
          "NPV": NaN,
          "sensitivity": 1.0,
          "specificity": 0.0
        },
        "0.0100": {
          "threshold": 0.01,
          "PPV": 0.01991440657236102,
          "NPV": 0.9913342423090592,
          "sensitivity": 0.6763515177746147,
          "specificity": 0.5265801590623692
        },
        "0.0200": {
          "threshold": 0.02,
          "PPV": 0.03267269898180433,
          "NPV": 0.9887984133843088,
          "sensitivity": 0.30617433480428496,
          "specificity": 0.8710757639179573
        },
        "0.0500": {
          "threshold": 0.05,
          "PPV": 0.0,
          "NPV": 0.9859711081709149,
          "sensitivity": 0.0,
          "specificity": 0.9995814148179154
        }
      },
      "nri": {
        "cutoff_nri": {
          "0.000000": 0.17282463322749592
        }
      }
    },
    "O+Q+S": {
      "risk_column": "risks_7y_oqs",
      "C_td": 0.5964907276182694,
      "calibration": {
        "calibration_intercept": -0.4460745111972149,
        "calibration_slope": 0.8618626579118847,
        "brier_score": 0.013791980081305435,
        "fit_status": "full_intercept_and_slope"
      },
      "classification": {
        "0.0050": {
          "threshold": 0.005,
          "PPV": 0.014023101890512575,
          "NPV": NaN,
          "sensitivity": 1.0,
          "specificity": 0.0
        },
        "0.0100": {
          "threshold": 0.01,
          "PPV": 0.019901504344478443,
          "NPV": 0.9909811324811788,
          "sensitivity": 0.6525973734429464,
          "specificity": 0.5429049811636668
        },
        "0.0200": {
          "threshold": 0.02,
          "PPV": 0.02424777224509988,
          "NPV": 0.9876064468236633,
          "sensitivity": 0.23769615337178682,
          "specificity": 0.8639598158225198
        },
        "0.0500": {
          "threshold": 0.05,
          "PPV": NaN,
          "NPV": 0.9859768981094874,
          "sensitivity": 0.0,
          "specificity": 1.0
        }
      },
      "nri": {
        "cutoff_nri": {
          "0.000000": -0.10836251518647455
        }
      }
    }
  },
  "n_rows_total": 3413,
  "horizon": 7.0
}