{
  "mode": "survival",
  "n_rows_ipcw": 3135,
  "weighted_event_rate": 0.01770043825630628,
  "ppv_npv_thresholds": [
    0.05,
    0.1,
    0.15,
    0.2
  ],
  "models": {
    "O": {
      "risk_column": "risks_3y_o",
      "C_td": 0.58894832617909,
      "calibration": {
        "calibration_intercept": 8.551256882307184,
        "calibration_slope": 3.229759034866632,
        "brier_score": 0.017368174388885757,
        "fit_status": "full_intercept_and_slope"
      },
      "classification": {
        "0.0500": {
          "threshold": 0.05,
          "PPV": NaN,
          "NPV": 0.9822995617436938,
          "sensitivity": 0.0,
          "specificity": 1.0
        },
        "0.1000": {
          "threshold": 0.1,
          "PPV": NaN,
          "NPV": 0.9822995617436938,
          "sensitivity": 0.0,
          "specificity": 1.0
        },
        "0.1500": {
          "threshold": 0.15,
          "PPV": NaN,
          "NPV": 0.9822995617436938,
          "sensitivity": 0.0,
          "specificity": 1.0
        },
        "0.2000": {
          "threshold": 0.2,
          "PPV": NaN,
          "NPV": 0.9822995617436938,
          "sensitivity": 0.0,
          "specificity": 1.0
        }
      },
      "nri": {
        "is_reference": true
      }
    },
    "O+Q": {
      "risk_column": "risks_3y_q",
      "C_td": 0.5642686718297454,
      "calibration": {
        "calibration_intercept": 4.535222550665881,
        "calibration_slope": 2.1945679894505705,
        "brier_score": 0.017379227053755924,
        "fit_status": "full_intercept_and_slope"
      },
      "classification": {
        "0.0500": {
          "threshold": 0.05,
          "PPV": NaN,
          "NPV": 0.9822995617436938,
          "sensitivity": 0.0,
          "specificity": 1.0
        },
        "0.1000": {
          "threshold": 0.1,
          "PPV": NaN,
          "NPV": 0.9822995617436938,
          "sensitivity": 0.0,
          "specificity": 1.0
        },
        "0.1500": {
          "threshold": 0.15,
          "PPV": NaN,
          "NPV": 0.9822995617436938,
          "sensitivity": 0.0,
          "specificity": 1.0
        },
        "0.2000": {
          "threshold": 0.2,
          "PPV": NaN,
          "NPV": 0.9822995617436938,
          "sensitivity": 0.0,
          "specificity": 1.0
        }
      },
      "nri": {
        "cutoff_nri": {
          "0.000000": -0.2611701948830589
        }
      }
    },
    "S": {
      "risk_column": "risks_3y_s",
      "C_td": 0.45056751709362586,
      "calibration": {
        "calibration_intercept": -10.227395459277538,
        "calibration_slope": -1.577223644330048,
        "brier_score": 0.017434180149820473,
        "fit_status": "full_intercept_and_slope"
      },
      "classification": {
        "0.0500": {
          "threshold": 0.05,
          "PPV": 0.0,
          "NPV": 0.9822882531696612,
          "sensitivity": 0.0,
          "specificity": 0.9993500162495937
        },
        "0.1000": {
          "threshold": 0.1,
          "PPV": NaN,
          "NPV": 0.9822995617436938,
          "sensitivity": 0.0,
          "specificity": 1.0
        },
        "0.1500": {
          "threshold": 0.15,
          "PPV": NaN,
          "NPV": 0.9822995617436938,
          "sensitivity": 0.0,
          "specificity": 1.0
        },
        "0.2000": {
          "threshold": 0.2,
          "PPV": NaN,
          "NPV": 0.9822995617436938,
          "sensitivity": 0.0,
          "specificity": 1.0
        }
      },
      "nri": {
        "cutoff_nri": {
          "0.000000": -0.3022200307061289
        }
      }
    },
    "O+S": {
      "risk_column": "risks_3y_os",
      "C_td": 0.47213348276999595,
      "calibration": {
        "calibration_intercept": -6.765868223424852,
        "calibration_slope": -0.7002548147237749,
        "brier_score": 0.01741954992354783,
        "fit_status": "full_intercept_and_slope"
      },
      "classification": {
        "0.0500": {
          "threshold": 0.05,
          "PPV": 0.0,
          "NPV": 0.982293909262325,
          "sensitivity": 0.0,
          "specificity": 0.9996750081247968
        },
        "0.1000": {
          "threshold": 0.1,
          "PPV": NaN,
          "NPV": 0.9822995617436938,
          "sensitivity": 0.0,
          "specificity": 1.0
        },
        "0.1500": {
          "threshold": 0.15,
          "PPV": NaN,
          "NPV": 0.9822995617436938,
          "sensitivity": 0.0,
          "specificity": 1.0
        },
        "0.2000": {
          "threshold": 0.2,
          "PPV": NaN,
          "NPV": 0.9822995617436938,
          "sensitivity": 0.0,
          "specificity": 1.0
        }
      },
      "nri": {
        "cutoff_nri": {
          "0.000000": -0.23978797081797099
        }
      }
    },
    "O+Q+S": {
      "risk_column": "risks_3y_qs",
      "C_td": 0.7927472510107534,
      "calibration": {
        "calibration_intercept": 2.773286076982787,
        "calibration_slope": 1.8562764669523595,
        "brier_score": 0.017101655262517324,
        "fit_status": "full_intercept_and_slope"
      },
      "classification": {
        "0.0500": {
          "threshold": 0.05,
          "PPV": 0.035695569810844305,
          "NPV": 0.9827702814168664,
          "sensitivity": 0.05140712507382811,
          "specificity": 0.9749756256093598
        },
        "0.1000": {
          "threshold": 0.1,
          "PPV": 0.0,
          "NPV": 0.982293909262325,
          "sensitivity": 0.0,
          "specificity": 0.9996750081247968
        },
        "0.1500": {
          "threshold": 0.15,
          "PPV": NaN,
          "NPV": 0.9822995617436938,
          "sensitivity": 0.0,
          "specificity": 1.0
        },
        "0.2000": {
          "threshold": 0.2,
          "PPV": NaN,
          "NPV": 0.9822995617436938,
          "sensitivity": 0.0,
          "specificity": 1.0
        }
      },
      "nri": {
        "cutoff_nri": {
          "0.000000": 0.7610973518765478
        }
      }
    }
  },
  "n_rows_total": 3413,
  "horizon": 3.0
}