n,min_risk,max_risk,observed_event_rate,mean_predicted_risk
17065.000000000047,0.0024497394225447,0.1185286481527787,0.004089475676043533,0.009120910904141752
