n,min_risk,max_risk,observed_event_rate,mean_predicted_risk
17065.000000000047,0.0036836320160561,0.0608284046254895,0.004089475676043533,0.009071965331708424
