n,min_risk,max_risk,observed_event_rate,mean_predicted_risk
17065.000000000022,0.0016775654955808,0.1540013993145597,0.009657386710871902,0.009163603960383189
