n,min_risk,max_risk,observed_event_rate,mean_predicted_risk
17065.000000000022,0.002359124522215,0.1342698617659352,0.009657386710871902,0.009191627820285394
