n,min_risk,max_risk,observed_event_rate,mean_predicted_risk
17065.000000000047,0.002542286104228,0.1111613239354721,0.004089475676043533,0.00914530031244481
