n,min_risk,max_risk,observed_event_rate,mean_predicted_risk
17065.000000000022,0.0021523673215039,0.1209508605597675,0.009657386710871902,0.009242573750592035
