n,min_risk,max_risk,observed_event_rate,mean_predicted_risk
17065.000000000047,0.0029646136965639,0.0606885483963386,0.004089475676043533,0.009114871453111469
