n,min_risk,max_risk,observed_event_rate,mean_predicted_risk
17065.000000000055,0.0029646136965639,0.0606885483963386,0.009516920112219326,0.009136652438883553
