n,min_risk,max_risk,observed_event_rate,mean_predicted_risk
17065.000000000055,0.0024497394225447,0.1185286481527787,0.009516920112219326,0.00913261518932588
