n,min_risk,max_risk,observed_event_rate,mean_predicted_risk
17065.000000000022,0.0030503580417626,0.0863768315941013,0.009657386710871902,0.009255552737785758
