n,min_risk,max_risk,observed_event_rate,mean_predicted_risk
17065.000000000055,0.002542286104228,0.1111613239354721,0.009516920112219326,0.009155676246024352
