n,min_risk,max_risk,observed_event_rate,mean_predicted_risk
17065.000000000055,0.0036836320160561,0.0608284046254895,0.009516920112219326,0.009092143825111946
