{
  "O": {
    "calibration_intercept": -2.1077091311761245,
    "calibration_slope": 0.7171201261803992,
    "brier_score": 0.004109246161624911,
    "fit_status": "full_intercept_and_slope"
  },
  "O+S": {
    "calibration_intercept": -1.9007960018315129,
    "calibration_slope": 0.761325263917152,
    "brier_score": 0.004114493960956409,
    "fit_status": "full_intercept_and_slope"
  },
  "O+D": {
    "calibration_intercept": -1.561751429397692,
    "calibration_slope": 0.8355029976326949,
    "brier_score": 0.004104961838898873,
    "fit_status": "full_intercept_and_slope"
  },
  "O+S+D": {
    "calibration_intercept": -1.3228753238067719,
    "calibration_slope": 0.8879143168019503,
    "brier_score": 0.004106912246163734,
    "fit_status": "full_intercept_and_slope"
  }
}