n,min_risk,max_risk,observed_event_rate,mean_predicted_risk
17065.000000000022,0.0019374868578267,0.0708488981001374,0.009657386710871902,0.009143357865191798
