n,min_risk,max_risk,observed_event_rate,mean_predicted_risk
5155.55871837588,0.0012452629667749,0.0998496015198699,0.055379243296294324,0.04341026484842692
6880.672610827953,0.1000144906759704,0.1998466411463716,0.1379522347909533,0.14465545051264583
2779.295905133547,0.2000441178068045,0.2997986539165009,0.303589155244797,0.24589533893499996
1359.1894715100677,0.3001560462652039,0.3996252314622935,0.4028245166373607,0.3425739366911898
556.1262763283225,0.4001518082021075,0.4999307404015499,0.5509184684903397,0.4508380500135892
304.8652644673037,0.500258407830572,0.5977198663845289,0.3855989784798707,0.5472121019870406
28.225534277603874,0.6005293059407386,0.6796924002894627,1.0,0.6321454729100799
1.0662190793564936,0.7778563517036049,0.7778563517036049,1.0,0.7778563517036049
