{
  "mode": "survival",
  "n_rows_ipcw": 3310,
  "weighted_event_rate": 0.0014863434242403694,
  "ppv_npv_thresholds": [
    0.005,
    0.01,
    0.02,
    0.05
  ],
  "models": {
    "O": {
      "risk_column": "risks_1y_o",
      "C_td": 0.6512412185378407,
      "calibration": {
        "calibration_intercept": -0.7794282186235649,
        "calibration_slope": 0.9379202690353764,
        "brier_score": 0.0014841682579080013,
        "fit_status": "full_intercept_and_slope"
      },
      "classification": {
        "0.0050": {
          "threshold": 0.005,
          "PPV": 0.0035928651177312794,
          "NPV": 0.9987052834960971,
          "sensitivity": 0.20155805443819386,
          "specificity": 0.9167927382753405
        },
        "0.0100": {
          "threshold": 0.01,
          "PPV": NaN,
          "NPV": 0.9985136565757596,
          "sensitivity": 0.0,
          "specificity": 1.0
        },
        "0.0200": {
          "threshold": 0.02,
          "PPV": NaN,
          "NPV": 0.9985136565757596,
          "sensitivity": 0.0,
          "specificity": 1.0
        },
        "0.0500": {
          "threshold": 0.05,
          "PPV": NaN,
          "NPV": 0.9985136565757596,
          "sensitivity": 0.0,
          "specificity": 1.0
        }
      },
      "nri": {
        "is_reference": true
      }
    },
    "O+Q": {
      "risk_column": "risks_1y_oq",
      "C_td": 0.6797764081733638,
      "calibration": {
        "calibration_intercept": 0.6783849392256512,
        "calibration_slope": 1.1863283027969365,
        "brier_score": 0.001481598791967567,
        "fit_status": "full_intercept_and_slope"
      },
      "classification": {
        "0.0050": {
          "threshold": 0.005,
          "PPV": 0.00850462839666466,
          "NPV": 0.9990450712045662,
          "sensitivity": 0.40275413691391265,
          "specificity": 0.9301059001512859
        },
        "0.0100": {
          "threshold": 0.01,
          "PPV": 0.0,
          "NPV": 0.9985127579182532,
          "sensitivity": 0.0,
          "specificity": 0.9993948562783661
        },
        "0.0200": {
          "threshold": 0.02,
          "PPV": NaN,
          "NPV": 0.9985136565757596,
          "sensitivity": 0.0,
          "specificity": 1.0
        },
        "0.0500": {
          "threshold": 0.05,
          "PPV": NaN,
          "NPV": 0.9985136565757596,
          "sensitivity": 0.0,
          "specificity": 1.0
        }
      },
      "nri": {
        "cutoff_nri": {
          "0.000000": 0.34190620272314676
        }
      }
    },
    "S": {
      "risk_column": "risks_1y_s",
      "C_td": 0.6348559940146239,
      "calibration": {
        "calibration_intercept": -1.1910825366736246,
        "calibration_slope": 0.8687505721693436,
        "brier_score": 0.0014851161488221287,
        "fit_status": "full_intercept_and_slope"
      },
      "classification": {
        "0.0050": {
          "threshold": 0.005,
          "PPV": 0.0,
          "NPV": 0.9984791964444621,
          "sensitivity": 0.0,
          "specificity": 0.9773071104387292
        },
        "0.0100": {
          "threshold": 0.01,
          "PPV": 0.0,
          "NPV": 0.9985132073827996,
          "sensitivity": 0.0,
          "specificity": 0.9996974281391832
        },
        "0.0200": {
          "threshold": 0.02,
          "PPV": NaN,
          "NPV": 0.9985136565757596,
          "sensitivity": 0.0,
          "specificity": 1.0
        },
        "0.0500": {
          "threshold": 0.05,
          "PPV": NaN,
          "NPV": 0.9985136565757596,
          "sensitivity": 0.0,
          "specificity": 1.0
        }
      },
      "nri": {
        "cutoff_nri": {
          "0.000000": -0.28381240544629344
        }
      }
    },
    "O+S": {
      "risk_column": "risks_1y_os",
      "C_td": 0.650596651743653,
      "calibration": {
        "calibration_intercept": -0.9666383271709137,
        "calibration_slope": 0.9046739593714118,
        "brier_score": 0.0014844946854875912,
        "fit_status": "full_intercept_and_slope"
      },
      "classification": {
        "0.0050": {
          "threshold": 0.005,
          "PPV": 0.0,
          "NPV": 0.9984180693208818,
          "sensitivity": 0.0,
          "specificity": 0.9394856278366112
        },
        "0.0100": {
          "threshold": 0.01,
          "PPV": NaN,
          "NPV": 0.9985136565757596,
          "sensitivity": 0.0,
          "specificity": 1.0
        },
        "0.0200": {
          "threshold": 0.02,
          "PPV": NaN,
          "NPV": 0.9985136565757596,
          "sensitivity": 0.0,
          "specificity": 1.0
        },
        "0.0500": {
          "threshold": 0.05,
          "PPV": NaN,
          "NPV": 0.9985136565757596,
          "sensitivity": 0.0,
          "specificity": 1.0
        }
      },
      "nri": {
        "cutoff_nri": {
          "0.000000": -0.18033282904689862
        }
      }
    },
    "O+Q+S": {
      "risk_column": "risks_1y_oqs",
      "C_td": 0.6824691295381041,
      "calibration": {
        "calibration_intercept": 0.29377373078978164,
        "calibration_slope": 1.1190939184868245,
        "brier_score": 0.0014836527225632723,
        "fit_status": "full_intercept_and_slope"
      },
      "classification": {
        "0.0050": {
          "threshold": 0.005,
          "PPV": 0.004852300032542123,
          "NPV": 0.9987347243118345,
          "sensitivity": 0.20119608247571882,
          "specificity": 0.9385779122541604
        },
        "0.0100": {
          "threshold": 0.01,
          "PPV": 0.0,
          "NPV": 0.9985127579182532,
          "sensitivity": 0.0,
          "specificity": 0.9993948562783661
        },
        "0.0200": {
          "threshold": 0.02,
          "PPV": NaN,
          "NPV": 0.9985136565757596,
          "sensitivity": 0.0,
          "specificity": 1.0
        },
        "0.0500": {
          "threshold": 0.05,
          "PPV": NaN,
          "NPV": 0.9985136565757596,
          "sensitivity": 0.0,
          "specificity": 1.0
        }
      },
      "nri": {
        "cutoff_nri": {
          "0.000000": -0.20877458396369136
        }
      }
    }
  },
  "n_rows_total": 3413,
  "horizon": 1.0
}