{
  "mode": "survival",
  "n_rows_ipcw": 2773,
  "weighted_event_rate": 0.008935903491659765,
  "ppv_npv_thresholds": [
    0.005,
    0.01,
    0.02,
    0.05
  ],
  "models": {
    "O": {
      "risk_column": "risks_5y_o",
      "C_td": 0.5945601664764348,
      "calibration": {
        "calibration_intercept": -0.8806017555701596,
        "calibration_slope": 0.823693327706054,
        "brier_score": 0.008842682652701878,
        "fit_status": "full_intercept_and_slope"
      },
      "classification": {
        "0.0050": {
          "threshold": 0.005,
          "PPV": 0.009427449625011361,
          "NPV": 0.9963448211472303,
          "sensitivity": 0.9651672508992946,
          "specificity": 0.08561020036429874
        },
        "0.0100": {
          "threshold": 0.01,
          "PPV": 0.015017520779735052,
          "NPV": 0.9928939563447129,
          "sensitivity": 0.38870490419592146,
          "specificity": 0.7701275045537341
        },
        "0.0200": {
          "threshold": 0.02,
          "PPV": 0.025765412435242416,
          "NPV": 0.9921602060104915,
          "sensitivity": 0.17631060010240493,
          "specificity": 0.9398907103825136
        },
        "0.0500": {
          "threshold": 0.05,
          "PPV": NaN,
          "NPV": 0.9910640965083402,
          "sensitivity": 0.0,
          "specificity": 1.0
        }
      },
      "nri": {
        "is_reference": true
      }
    },
    "O+Q": {
      "risk_column": "risks_5y_oq",
      "C_td": 0.5823113378689713,
      "calibration": {
        "calibration_intercept": -2.1462647176214187,
        "calibration_slope": 0.5443704063889296,
        "brier_score": 0.00886773587756434,
        "fit_status": "full_intercept_and_slope"
      },
      "classification": {
        "0.0050": {
          "threshold": 0.005,
          "PPV": 0.009434078940562462,
          "NPV": 0.9938784207514765,
          "sensitivity": 0.8969728987770056,
          "specificity": 0.15081967213114755
        },
        "0.0100": {
          "threshold": 0.01,
          "PPV": 0.013518369657412706,
          "NPV": 0.9930393515330238,
          "sensitivity": 0.45567591605581736,
          "specificity": 0.7001821493624772
        },
        "0.0200": {
          "threshold": 0.02,
          "PPV": 0.01617795283455572,
          "NPV": 0.9916625793748379,
          "sensitivity": 0.1381946638368195,
          "specificity": 0.9242258652094717
        },
        "0.0500": {
          "threshold": 0.05,
          "PPV": 0.0,
          "NPV": 0.9910576393479903,
          "sensitivity": 0.0,
          "specificity": 0.9992714025500911
        }
      },
      "nri": {
        "cutoff_nri": {
          "0.000000": -0.09591465001301075
        }
      }
    },
    "S": {
      "risk_column": "risks_5y_s",
      "C_td": 0.5530517990755255,
      "calibration": {
        "calibration_intercept": -1.9139560662407562,
        "calibration_slope": 0.600389088485021,
        "brier_score": 0.008851905899151144,
        "fit_status": "full_intercept_and_slope"
      },
      "classification": {
        "0.0050": {
          "threshold": 0.005,
          "PPV": 0.008935903491659763,
          "NPV": NaN,
          "sensitivity": 1.0,
          "specificity": 0.0
        },
        "0.0100": {
          "threshold": 0.01,
          "PPV": 0.012707628099474354,
          "NPV": 0.9925078985938478,
          "sensitivity": 0.3936728994764526,
          "specificity": 0.7242258652094717
        },
        "0.0200": {
          "threshold": 0.02,
          "PPV": 0.00885193395834438,
          "NPV": 0.9910612176244005,
          "sensitivity": 0.032836884409149614,
          "specificity": 0.966848816029144
        },
        "0.0500": {
          "threshold": 0.05,
          "PPV": 0.21316018652277288,
          "NPV": 0.9913456104745285,
          "sensitivity": 0.032836884409149614,
          "specificity": 0.9989071038251366
        }
      },
      "nri": {
        "cutoff_nri": {
          "0.000000": -0.17814207650273223
        }
      }
    },
    "O+S": {
      "risk_column": "risks_5y_os",
      "C_td": 0.5656306133717051,
      "calibration": {
        "calibration_intercept": -1.835241138335393,
        "calibration_slope": 0.6154203413382835,
        "brier_score": 0.008850583056533492,
        "fit_status": "full_intercept_and_slope"
      },
      "classification": {
        "0.0050": {
          "threshold": 0.005,
          "PPV": 0.008935903491659763,
          "NPV": NaN,
          "sensitivity": 1.0,
          "specificity": 0.0
        },
        "0.0100": {
          "threshold": 0.01,
          "PPV": 0.013643768921040567,
          "NPV": 0.9928884609512486,
          "sensitivity": 0.42642830630633816,
          "specificity": 0.7220400728597449
        },
        "0.0200": {
          "threshold": 0.02,
          "PPV": 0.005612215103851964,
          "NPV": 0.9908807350545066,
          "sensitivity": 0.032836884409149614,
          "specificity": 0.9475409836065574
        },
        "0.0500": {
          "threshold": 0.05,
          "PPV": 0.28894454340110126,
          "NPV": 0.9913487382609436,
          "sensitivity": 0.032836884409149614,
          "specificity": 0.9992714025500911
        }
      },
      "nri": {
        "cutoff_nri": {
          "0.000000": -0.1709341660161332
        }
      }
    },
    "O+Q+S": {
      "risk_column": "risks_5y_oqs",
      "C_td": 0.551193541747503,
      "calibration": {
        "calibration_intercept": -2.402735691885144,
        "calibration_slope": 0.49168536614160896,
        "brier_score": 0.008867034850934208,
        "fit_status": "full_intercept_and_slope"
      },
      "classification": {
        "0.0050": {
          "threshold": 0.005,
          "PPV": 0.008955303009224345,
          "NPV": 1.0,
          "sensitivity": 1.0,
          "specificity": 0.0021857923497267764
        },
        "0.0100": {
          "threshold": 0.01,
          "PPV": 0.011650359911893976,
          "NPV": 0.992214839352212,
          "sensitivity": 0.388156860964203,
          "specificity": 0.703096539162113
        },
        "0.0200": {
          "threshold": 0.02,
          "PPV": 0.005573725902781924,
          "NPV": 0.9908772596420993,
          "sensitivity": 0.032836884409149614,
          "specificity": 0.9471766848816029
        },
        "0.0500": {
          "threshold": 0.05,
          "PPV": 0.0,
          "NPV": 0.9910576393479903,
          "sensitivity": 0.0,
          "specificity": 0.9992714025500911
        }
      },
      "nri": {
        "cutoff_nri": {
          "0.000000": -0.14179026801977612
        }
      }
    }
  },
  "n_rows_total": 3413,
  "horizon": 5.0
}