n,min_risk,max_risk,observed_event_rate,mean_predicted_risk
17059.877490357318,0.0079073406986655,0.1995210781360003,0.012683162048541584,0.036444257352210796
5.12250964271142,0.2103507129613255,0.3047099408551416,0.21166741643075057,0.24638095475286403
