n,min_risk,max_risk,observed_event_rate,mean_predicted_risk
16938.66176609913,0.0072809654786987,0.1985871857045998,0.012769881546551792,0.03171157498757434
103.64819236559188,0.2008848832103158,0.3942881791512349,0.0,0.27295884666421955
18.651800274312155,0.4226973861890476,0.5774435513346239,0.06180394348201638,0.5077260408912361
2.6921608406647244,0.6691963623200246,0.7266760985011098,0.0,0.6979362304105672
1.3460804203323622,0.8261201675250484,0.8261201675250484,0.0,0.8261201675250484
