n,min_risk,max_risk,observed_event_rate,mean_predicted_risk
16975.005937448102,0.0070631903038932,0.1986850346038584,0.012742540715877318,0.029537412252133837
75.18717792827137,0.2001374439226619,0.3806456821511189,0.015331800471234272,0.26765676828458734
13.460804203323622,0.4320724171691783,0.599491924521909,0.0,0.4933024044158719
1.3460804203323622,0.6038299148784984,0.6038299148784984,0.0,0.6038299148784984
