n,min_risk,max_risk,observed_event_rate,mean_predicted_risk
17065.00000000004,0.0083613035117526,0.1918099755463169,0.035475856450435245,0.028143218706173215
