n,min_risk,max_risk,observed_event_rate,mean_predicted_risk
16927.25394924362,0.0070631903038932,0.1986850346038584,0.0328805961278565,0.030093397206764905
120.18116193308929,0.2001374439226619,0.3866485061932427,0.39823968126317727,0.2642888086200951
15.218590198224298,0.4161045502940809,0.599491924521909,0.13598191578928462,0.49125719152846553
2.3462986250861393,0.6038299148784984,0.6610477483067425,0.43957955705766194,0.6289817047526849
