n,min_risk,max_risk,observed_event_rate,mean_predicted_risk
17065.00000000004,0.0095373378963776,0.1526096976968065,0.035475856450435245,0.028278057754469368
