n,min_risk,max_risk,observed_event_rate,mean_predicted_risk
16884.510714519885,0.0072809654786987,0.1985871857045998,0.03253500474613958,0.03228292894080751
150.86618437868847,0.2008848832103158,0.3942881791512349,0.3288863475112387,0.27227719023286856
24.646975046863897,0.4026524145969014,0.5774435513346239,0.306451267987546,0.49011689900318756
2.629827429491546,0.6691963623200246,0.7266760985011098,0.0,0.6979362304105671
2.3462986250861393,0.8261201675250484,0.8313870886316013,0.43957955705766194,0.8284353983721247
