n,min_risk,max_risk,observed_event_rate,mean_predicted_risk
17050.835188997913,0.0126611693740306,0.1999491946281993,0.035571528647384755,0.044260890678852194
14.164811002104585,0.2077538112501141,0.2582636705090551,0.07170401740594691,0.23452242813464774
