{
  "O": {
    "calibration_intercept": -3.381824245305859,
    "calibration_slope": 0.30576591552291094,
    "brier_score": 0.014045182477183706,
    "fit_status": "full_intercept_and_slope"
  },
  "O+S": {
    "calibration_intercept": -3.321896286961369,
    "calibration_slope": 0.29408382870337896,
    "brier_score": 0.014023682377949452,
    "fit_status": "full_intercept_and_slope"
  },
  "O+D": {
    "calibration_intercept": -2.615546825376168,
    "calibration_slope": 0.5214842407499016,
    "brier_score": 0.01335255788262239,
    "fit_status": "full_intercept_and_slope"
  },
  "O+S+D": {
    "calibration_intercept": -3.0118605951210564,
    "calibration_slope": 0.37654440925945554,
    "brier_score": 0.013567758550039425,
    "fit_status": "full_intercept_and_slope"
  }
}