n,min_risk,max_risk,observed_event_rate,mean_predicted_risk
17065.00000000004,0.0113239382709296,0.1592321845296148,0.035475856450435245,0.028476084639363734
