n,min_risk,max_risk,observed_event_rate,mean_predicted_risk
17051.539195796704,0.0125748886233896,0.1999491946281993,0.012752951896201108,0.043865464738440114
13.460804203323622,0.2081624749606903,0.2582636705090551,0.0,0.23659010633967248
