n,min_risk,max_risk,observed_event_rate,mean_predicted_risk
17058.686489122123,0.0079073406986655,0.1995210781360003,0.03547583671780163,0.03674060330539625
6.313510877894295,0.2062951634677312,0.2791808084760682,0.3751905682068005,0.2343893420700958
