{
  "mode": "survival",
  "n_rows_ipcw": 13052,
  "weighted_event_rate": 0.03560152043609268,
  "ppv_npv_thresholds": [
    0.005,
    0.01,
    0.02,
    0.05
  ],
  "models": {
    "O": {
      "risk_column": "risks_7y_o",
      "C_td": 0.6298724953283112,
      "calibration": {
        "calibration_intercept": -0.490561131069567,
        "calibration_slope": 0.9126299308645567,
        "brier_score": 0.03414224865101297,
        "fit_status": "full_intercept_and_slope"
      },
      "classification": {
        "0.0050": {
          "threshold": 0.005,
          "PPV": 0.03560152043609268,
          "NPV": NaN,
          "sensitivity": 1.0,
          "specificity": 0.0
        },
        "0.0100": {
          "threshold": 0.01,
          "PPV": 0.03560152043609268,
          "NPV": NaN,
          "sensitivity": 1.0,
          "specificity": 0.0
        },
        "0.0200": {
          "threshold": 0.02,
          "PPV": 0.03780151348248192,
          "NPV": 0.9885521165680128,
          "sensitivity": 0.9731566004405893,
          "specificity": 0.0855704697986577
        },
        "0.0500": {
          "threshold": 0.05,
          "PPV": 0.059022663980559796,
          "NPV": 0.9745357784013978,
          "sensitivity": 0.5008073753517207,
          "specificity": 0.7052572706935123
        }
      },
      "nri": {
        "is_reference": true
      }
    },
    "O+S": {
      "risk_column": "risks_7y_oq",
      "C_td": 0.6988320199095613,
      "calibration": {
        "calibration_intercept": 0.1770964849127999,
        "calibration_slope": 1.0547072887500126,
        "brier_score": 0.03290238027492077,
        "fit_status": "full_intercept_and_slope"
      },
      "classification": {
        "0.0050": {
          "threshold": 0.005,
          "PPV": 0.03560152043609268,
          "NPV": NaN,
          "sensitivity": 1.0,
          "specificity": 0.0
        },
        "0.0100": {
          "threshold": 0.01,
          "PPV": 0.03565386728236271,
          "NPV": 0.9736625661229092,
          "sensitivity": 0.9958433280527332,
          "specificity": 0.005672738894215404
        },
        "0.0200": {
          "threshold": 0.02,
          "PPV": 0.04442611883164951,
          "NPV": 0.9865369118622627,
          "sensitivity": 0.892222618059847,
          "specificity": 0.29154682007031
        },
        "0.0500": {
          "threshold": 0.05,
          "PPV": 0.10878575198069536,
          "NPV": 0.9758927576377547,
          "sensitivity": 0.4147744214773743,
          "specificity": 0.8745605624800256
        }
      },
      "nri": {
        "cutoff_nri": {
          "0.000000": 0.42109920197669376
        }
      }
    },
    "O+D": {
      "risk_column": "risks_7y_os",
      "C_td": 0.6254572836064434,
      "calibration": {
        "calibration_intercept": -0.08828548530659185,
        "calibration_slope": 0.9831011425937612,
        "brier_score": 0.03396714986783702,
        "fit_status": "full_intercept_and_slope"
      },
      "classification": {
        "0.0050": {
          "threshold": 0.005,
          "PPV": 0.03560152043609268,
          "NPV": NaN,
          "sensitivity": 1.0,
          "specificity": 0.0
        },
        "0.0100": {
          "threshold": 0.01,
          "PPV": 0.035637217961230906,
          "NPV": 1.0,
          "sensitivity": 1.0,
          "specificity": 0.00103867050175775
        },
        "0.0200": {
          "threshold": 0.02,
          "PPV": 0.03921105088221884,
          "NPV": 0.9856392720328564,
          "sensitivity": 0.9414095838596778,
          "specificity": 0.14844998402045384
        },
        "0.0500": {
          "threshold": 0.05,
          "PPV": 0.06656129260000027,
          "NPV": 0.9713642071086734,
          "sensitivity": 0.34339057679986695,
          "specificity": 0.8222275487376159
        }
      },
      "nri": {
        "cutoff_nri": {
          "0.000000": 0.04782415821181729
        }
      }
    },
    "O+S+D": {
      "risk_column": "risks_7y_oqs",
      "C_td": 0.6972675030264757,
      "calibration": {
        "calibration_intercept": 0.5623004198927456,
        "calibration_slope": 1.1439929089210856,
        "brier_score": 0.03284384651142652,
        "fit_status": "full_intercept_and_slope"
      },
      "classification": {
        "0.0050": {
          "threshold": 0.005,
          "PPV": 0.03560152043609268,
          "NPV": NaN,
          "sensitivity": 1.0,
          "specificity": 0.0
        },
        "0.0100": {
          "threshold": 0.01,
          "PPV": 0.035719870717928356,
          "NPV": 1.0,
          "sensitivity": 1.0,
          "specificity": 0.0034356024288910198
        },
        "0.0200": {
          "threshold": 0.02,
          "PPV": 0.04466182339220057,
          "NPV": 0.9837740232728186,
          "sensitivity": 0.8547825324003785,
          "specificity": 0.32502396931927136
        },
        "0.0500": {
          "threshold": 0.05,
          "PPV": 0.12683879507452558,
          "NPV": 0.9748331136075427,
          "sensitivity": 0.36564514197138265,
          "specificity": 0.9070789389581336
        }
      },
      "nri": {
        "cutoff_nri": {
          "0.000000": 0.43759748715673785
        }
      }
    }
  },
  "n_rows_total": 17065,
  "horizon": 7.0
}