n,min_risk,max_risk,observed_event_rate,mean_predicted_risk
17065.000000000022,0.0004676132132137,0.0114890219939782,0.0008344032904138378,0.0016166942284793128
