n,min_risk,max_risk,observed_event_rate,mean_predicted_risk
17065.000000000022,0.0003969795907102,0.020339460315887,0.0008344032904138378,0.0016151677593266816
