{
  "O": {
    "calibration_intercept": 2.1753686151634444,
    "calibration_slope": 1.3834094730613251,
    "brier_score": 0.0013020201344313596,
    "fit_status": "full_intercept_and_slope"
  },
  "O+S": {
    "calibration_intercept": -1.0429370173493087,
    "calibration_slope": 0.8681936575921395,
    "brier_score": 0.0013029553511936845,
    "fit_status": "full_intercept_and_slope"
  },
  "O+D": {
    "calibration_intercept": -0.797876148640727,
    "calibration_slope": 0.9070275897210871,
    "brier_score": 0.0013018225663571873,
    "fit_status": "full_intercept_and_slope"
  },
  "O+S+D": {
    "calibration_intercept": -2.0747914674992964,
    "calibration_slope": 0.7052705449390421,
    "brier_score": 0.0013029098745611235,
    "fit_status": "full_intercept_and_slope"
  }
}