n,min_risk,max_risk,observed_event_rate,mean_predicted_risk
17065.0,0.0002955865204994,0.0119126118816759,0.0013091046221771038,0.0016157785720231025
