n,min_risk,max_risk,observed_event_rate,mean_predicted_risk
17065.0,0.0003729670220367,0.0262113810164015,0.0013091046221771038,0.0016176063992792387
