n,min_risk,max_risk,observed_event_rate,mean_predicted_risk
17065.000000000022,0.0003859144499241,0.0236125064808214,0.0008344032904138378,0.001613854344576213
