{
  "O": {
    "calibration_intercept": -4.761153279980683,
    "calibration_slope": 0.35766737520468467,
    "brier_score": 0.000834939590218157,
    "fit_status": "full_intercept_and_slope"
  },
  "O+S": {
    "calibration_intercept": -6.057114266986954,
    "calibration_slope": 0.1572132331979925,
    "brier_score": 0.000835438990144903,
    "fit_status": "full_intercept_and_slope"
  },
  "O+D": {
    "calibration_intercept": -1.1192024673852823,
    "calibration_slope": 0.927012418747086,
    "brier_score": 0.0008347165751397676,
    "fit_status": "full_intercept_and_slope"
  },
  "O+S+D": {
    "calibration_intercept": -2.369071664849165,
    "calibration_slope": 0.7293371929902657,
    "brier_score": 0.0008350173477152865,
    "fit_status": "full_intercept_and_slope"
  }
}