n,min_risk,max_risk,observed_event_rate,mean_predicted_risk
17065.00000000001,0.0004676132132137,0.0114890219939782,0.001304609605398439,0.0016172801458050568
