n,min_risk,max_risk,observed_event_rate,mean_predicted_risk
17065.00000000001,0.0003969795907102,0.020339460315887,0.001304609605398439,0.001615567278730361
