n,min_risk,max_risk,observed_event_rate,mean_predicted_risk
17065.0,0.0002514702047285,0.0280495720882749,0.0013091046221771038,0.0016103459377997432
