n,min_risk,max_risk,observed_event_rate,mean_predicted_risk
17065.000000000022,0.0005869500515024,0.0106658064316612,0.0008344032904138378,0.001617694292752467
