n,min_risk,max_risk,observed_event_rate,mean_predicted_risk
17065.0,0.0003653871895076,0.0222874395861731,0.0013091046221771038,0.001613596899046314
