n,min_risk,max_risk,observed_event_rate,mean_predicted_risk
17065.00000000001,0.0003859144499241,0.0236125064808214,0.001304609605398439,0.0016146527876936163
