n,min_risk,max_risk,observed_event_rate,mean_predicted_risk
17065.00000000001,0.0005869500515024,0.0106658064316612,0.001304609605398439,0.001618498370044675
