n,min_risk,max_risk,observed_event_rate,mean_predicted_risk
17065.0,0.0005113282995915,0.0159687959492015,0.0013091046221771038,0.001624269657759143
