{
  "mode": "survival",
  "n_rows_ipcw": 16690,
  "weighted_event_rate": 0.0013046096053984393,
  "ppv_npv_thresholds": [
    0.005,
    0.01,
    0.02,
    0.05
  ],
  "models": {
    "O": {
      "risk_column": "risks_1y_o",
      "C_td": 0.6912248269438943,
      "calibration": {
        "calibration_intercept": 2.1753686151634444,
        "calibration_slope": 1.3834094730613251,
        "brier_score": 0.0013020201344313596,
        "fit_status": "full_intercept_and_slope"
      },
      "classification": {
        "0.0050": {
          "threshold": 0.005,
          "PPV": 0.0,
          "NPV": 0.9986909195378988,
          "sensitivity": 0.0,
          "specificity": 0.9965802735781137
        },
        "0.0100": {
          "threshold": 0.01,
          "PPV": 0.0,
          "NPV": 0.998695312221715,
          "sensitivity": 0.0,
          "specificity": 0.9999400047996161
        },
        "0.0200": {
          "threshold": 0.02,
          "PPV": NaN,
          "NPV": 0.9986953903946014,
          "sensitivity": 0.0,
          "specificity": 1.0
        },
        "0.0500": {
          "threshold": 0.05,
          "PPV": NaN,
          "NPV": 0.9986953903946014,
          "sensitivity": 0.0,
          "specificity": 1.0
        }
      },
      "nri": {
        "is_reference": true
      }
    },
    "O+S": {
      "risk_column": "risks_1y_oq",
      "C_td": 0.6518190750865475,
      "calibration": {
        "calibration_intercept": -1.0429370173493087,
        "calibration_slope": 0.8681936575921395,
        "brier_score": 0.0013029553511936845,
        "fit_status": "full_intercept_and_slope"
      },
      "classification": {
        "0.0050": {
          "threshold": 0.005,
          "PPV": 0.0,
          "NPV": 0.9986732106919309,
          "sensitivity": 0.0,
          "specificity": 0.9832613390928725
        },
        "0.0100": {
          "threshold": 0.01,
          "PPV": 0.0,
          "NPV": 0.998695312221715,
          "sensitivity": 0.0,
          "specificity": 0.9999400047996161
        },
        "0.0200": {
          "threshold": 0.02,
          "PPV": NaN,
          "NPV": 0.9986953903946014,
          "sensitivity": 0.0,
          "specificity": 1.0
        },
        "0.0500": {
          "threshold": 0.05,
          "PPV": NaN,
          "NPV": 0.9986953903946014,
          "sensitivity": 0.0,
          "specificity": 1.0
        }
      },
      "nri": {
        "cutoff_nri": {
          "0.000000": -0.19037022492746025
        }
      }
    },
    "O+D": {
      "risk_column": "risks_1y_os",
      "C_td": 0.6080865835267286,
      "calibration": {
        "calibration_intercept": -0.797876148640727,
        "calibration_slope": 0.9070275897210871,
        "brier_score": 0.0013018225663571873,
        "fit_status": "full_intercept_and_slope"
      },
      "classification": {
        "0.0050": {
          "threshold": 0.005,
          "PPV": 0.0039306296184092255,
          "NPV": 0.9987351587208309,
          "sensitivity": 0.04494622271403719,
          "specificity": 0.9851211903047757
        },
        "0.0100": {
          "threshold": 0.01,
          "PPV": 0.03264466752114979,
          "NPV": 0.9987517855905014,
          "sensitivity": 0.04494622271403719,
          "specificity": 0.9982601391888649
        },
        "0.0200": {
          "threshold": 0.02,
          "PPV": 0.0,
          "NPV": 0.998695312221715,
          "sensitivity": 0.0,
          "specificity": 0.9999400047996161
        },
        "0.0500": {
          "threshold": 0.05,
          "PPV": NaN,
          "NPV": 0.9986953903946014,
          "sensitivity": 0.0,
          "specificity": 1.0
        }
      },
      "nri": {
        "cutoff_nri": {
          "0.000000": -0.24784562689530293
        }
      }
    },
    "O+S+D": {
      "risk_column": "risks_1y_oqs",
      "C_td": 0.6023123327638276,
      "calibration": {
        "calibration_intercept": -2.0747914674992964,
        "calibration_slope": 0.7052705449390421,
        "brier_score": 0.0013029098745611235,
        "fit_status": "full_intercept_and_slope"
      },
      "classification": {
        "0.0050": {
          "threshold": 0.005,
          "PPV": 0.003434091825757125,
          "NPV": 0.9987323830515183,
          "sensitivity": 0.04494622271403719,
          "specificity": 0.9829613630909527
        },
        "0.0100": {
          "threshold": 0.01,
          "PPV": 0.0,
          "NPV": 0.9986935116561038,
          "sensitivity": 0.0,
          "specificity": 0.9985601151907847
        },
        "0.0200": {
          "threshold": 0.02,
          "PPV": 0.0,
          "NPV": 0.998695312221715,
          "sensitivity": 0.0,
          "specificity": 0.9999400047996161
        },
        "0.0500": {
          "threshold": 0.05,
          "PPV": NaN,
          "NPV": 0.9986953903946014,
          "sensitivity": 0.0,
          "specificity": 1.0
        }
      },
      "nri": {
        "cutoff_nri": {
          "0.000000": -0.4283439143050374
        }
      }
    }
  },
  "n_rows_total": 17065,
  "horizon": 1.0
}