n,min_risk,max_risk,observed_event_rate,mean_predicted_risk
17065.000000000022,0.0002047319816461,0.1026772320293977,0.006038297226661668,0.005238194911249447
