{
  "O": {
    "calibration_intercept": -3.940628476232124,
    "calibration_slope": 0.22150636855979164,
    "brier_score": 0.0059002411149196785,
    "fit_status": "full_intercept_and_slope"
  },
  "O+Q": {
    "calibration_intercept": 1.5961998754393507,
    "calibration_slope": 1.2754033070966189,
    "brier_score": 0.005891290789630686,
    "fit_status": "full_intercept_and_slope"
  },
  "S": {
    "calibration_intercept": 1.564075784748358,
    "calibration_slope": 1.2868760622633049,
    "brier_score": 0.005856673352400881,
    "fit_status": "full_intercept_and_slope"
  },
  "O+S": {
    "calibration_intercept": 1.8085280079094899,
    "calibration_slope": 1.3351406406587034,
    "brier_score": 0.005856061478687813,
    "fit_status": "full_intercept_and_slope"
  },
  "O+Q+S": {
    "calibration_intercept": 2.070864149554877,
    "calibration_slope": 1.3913776291025008,
    "brier_score": 0.00584655780800743,
    "fit_status": "full_intercept_and_slope"
  }
}