n,min_risk,max_risk,observed_event_rate,mean_predicted_risk
17065.000000000036,0.0004019691060772,0.0644759538171722,0.00593395550516146,0.005034556345971988
