n,min_risk,max_risk,observed_event_rate,mean_predicted_risk
17065.000000000022,0.0013741608717034,0.0377211829032285,0.006038297226661668,0.00519006551594914
