{
  "O": {
    "calibration_intercept": -2.4347056421260342,
    "calibration_slope": 0.5045337904901239,
    "brier_score": 0.006000962159844813,
    "fit_status": "full_intercept_and_slope"
  },
  "O+S": {
    "calibration_intercept": 1.7437839070596632,
    "calibration_slope": 1.3082951565238377,
    "brier_score": 0.0059913857010735075,
    "fit_status": "full_intercept_and_slope"
  },
  "O+D": {
    "calibration_intercept": 1.137519128538198,
    "calibration_slope": 1.2056078268355148,
    "brier_score": 0.005947568403168255,
    "fit_status": "full_intercept_and_slope"
  },
  "O+S+D": {
    "calibration_intercept": 1.5180476684931687,
    "calibration_slope": 1.287527689542438,
    "brier_score": 0.0059368469076815766,
    "fit_status": "full_intercept_and_slope"
  }
}