n,min_risk,max_risk,observed_event_rate,mean_predicted_risk
17065.000000000036,0.000272228074825,0.0526485107829938,0.00593395550516146,0.005057814049880142
