n,min_risk,max_risk,observed_event_rate,mean_predicted_risk
17065.000000000022,0.0008834725250832,0.0253282998046945,0.006038297226661668,0.0051494923387015975
