n,min_risk,max_risk,observed_event_rate,mean_predicted_risk
17065.000000000036,0.0003543115755562,0.0736247307122116,0.00593395550516146,0.005070748048816192
