n,min_risk,max_risk,observed_event_rate,mean_predicted_risk
17065.000000000036,0.0014092971950531,0.0246122891841277,0.00593395550516146,0.005027912355060618
