{
  "O": {
    "calibration_intercept": -2.445373611690369,
    "calibration_slope": 0.7708201387623883,
    "brier_score": 0.0014963434122652172,
    "fit_status": "full_intercept_and_slope"
  },
  "O+S": {
    "calibration_intercept": -1.504474752667414,
    "calibration_slope": 0.9520220672236148,
    "brier_score": 0.0014977385946477728,
    "fit_status": "full_intercept_and_slope"
  },
  "O+D": {
    "calibration_intercept": -4.98964972648663,
    "calibration_slope": 0.2765672456323978,
    "brier_score": 0.0015124890361156045,
    "fit_status": "full_intercept_and_slope"
  },
  "O+S+D": {
    "calibration_intercept": -4.391740813697751,
    "calibration_slope": 0.3875470063865033,
    "brier_score": 0.0015106599463812183,
    "fit_status": "full_intercept_and_slope"
  }
}