n,min_risk,max_risk,observed_event_rate,mean_predicted_risk
16851.000000000036,0.0002047319816461,0.1162288350687105,0.001483501111296197,0.005196578898866725
