n,min_risk,max_risk,observed_event_rate,mean_predicted_risk
17065.000000000036,0.0012270878868003,0.0229805818027005,0.00593395550516146,0.005054732863684202
