n,min_risk,max_risk,observed_event_rate,mean_predicted_risk
16851.000000000036,0.0008834725250832,0.0253282998046945,0.001483501111296197,0.005148290199384936
