n,min_risk,max_risk,observed_event_rate,mean_predicted_risk
17065.000000000022,0.0002887067682246,0.0825728617854439,0.006038297226661668,0.00523052714958083
