n,min_risk,max_risk,observed_event_rate,mean_predicted_risk
16851.000000000036,0.0013741608717034,0.0358954659707693,0.001483501111296197,0.00518401588823432
