n,min_risk,max_risk,observed_event_rate,mean_predicted_risk
16851.000000000036,0.0002887067682246,0.0926502952078735,0.001483501111296197,0.00519217561507894
