{
  "mode": "survival",
  "n_rows_ipcw": 14302,
  "weighted_event_rate": 0.006038297226661669,
  "ppv_npv_thresholds": [
    0.005,
    0.01,
    0.02,
    0.05
  ],
  "models": {
    "O": {
      "risk_column": "risks_5y_o",
      "C_td": 0.5507531563971468,
      "calibration": {
        "calibration_intercept": -2.4347056421260342,
        "calibration_slope": 0.5045337904901239,
        "brier_score": 0.006000962159844813,
        "fit_status": "full_intercept_and_slope"
      },
      "classification": {
        "0.0050": {
          "threshold": 0.005,
          "PPV": 0.0068629186717231875,
          "NPV": 0.9947713320010576,
          "sensitivity": 0.5630693284326792,
          "specificity": 0.5049978882162467
        },
        "0.0100": {
          "threshold": 0.01,
          "PPV": 0.005878888075955604,
          "NPV": 0.9939599904374791,
          "sensitivity": 0.01034704163777719,
          "specificity": 0.9893706884415037
        },
        "0.0200": {
          "threshold": 0.02,
          "PPV": 0.0,
          "NPV": 0.9939608576830693,
          "sensitivity": 0.0,
          "specificity": 0.9998592144164438
        },
        "0.0500": {
          "threshold": 0.05,
          "PPV": NaN,
          "NPV": 0.9939617027733383,
          "sensitivity": 0.0,
          "specificity": 1.0
        }
      },
      "nri": {
        "is_reference": true
      }
    },
    "O+S": {
      "risk_column": "risks_5y_oq",
      "C_td": 0.6322946352288403,
      "calibration": {
        "calibration_intercept": 1.7437839070596632,
        "calibration_slope": 1.3082951565238377,
        "brier_score": 0.0059913857010735075,
        "fit_status": "full_intercept_and_slope"
      },
      "classification": {
        "0.0050": {
          "threshold": 0.005,
          "PPV": 0.009393556250267145,
          "NPV": 0.9963380616103458,
          "sensitivity": 0.6449860879986646,
          "specificity": 0.5867943122624244
        },
        "0.0100": {
          "threshold": 0.01,
          "PPV": 0.012920477611234948,
          "NPV": 0.9942025425704437,
          "sensitivity": 0.07234827137427463,
          "specificity": 0.966422638321836
        },
        "0.0200": {
          "threshold": 0.02,
          "PPV": 0.06914270067678668,
          "NPV": 0.9940186729472086,
          "sensitivity": 0.010328275896220249,
          "specificity": 0.9991552864986626
        },
        "0.0500": {
          "threshold": 0.05,
          "PPV": NaN,
          "NPV": 0.9939617027733383,
          "sensitivity": 0.0,
          "specificity": 1.0
        }
      },
      "nri": {
        "cutoff_nri": {
          "0.000000": 0.31618095640339766
        }
      }
    },
    "O+D": {
      "risk_column": "risks_5y_os",
      "C_td": 0.7626831125403938,
      "calibration": {
        "calibration_intercept": 1.137519128538198,
        "calibration_slope": 1.2056078268355148,
        "brier_score": 0.005947568403168255,
        "fit_status": "full_intercept_and_slope"
      },
      "classification": {
        "0.0050": {
          "threshold": 0.005,
          "PPV": 0.013122965232197355,
          "NPV": 0.9976326243427015,
          "sensitivity": 0.7417514017032593,
          "specificity": 0.6611291003801211
        },
        "0.0100": {
          "threshold": 0.01,
          "PPV": 0.02470228772675007,
          "NPV": 0.9964417911877566,
          "sensitivity": 0.47984511931436014,
          "specificity": 0.8849077854427706
        },
        "0.0200": {
          "threshold": 0.02,
          "PPV": 0.04548136443016272,
          "NPV": 0.9949121546941234,
          "sensitivity": 0.17723009076518453,
          "specificity": 0.9774039138392229
        },
        "0.0500": {
          "threshold": 0.05,
          "PPV": 0.09594291746322478,
          "NPV": 0.9940871213681858,
          "sensitivity": 0.022134663653040003,
          "specificity": 0.9987329297479938
        }
      },
      "nri": {
        "cutoff_nri": {
          "0.000000": 0.8207066263081326
        }
      }
    },
    "O+S+D": {
      "risk_column": "risks_5y_oqs",
      "C_td": 0.7861501480626457,
      "calibration": {
        "calibration_intercept": 1.5180476684931687,
        "calibration_slope": 1.287527689542438,
        "brier_score": 0.0059368469076815766,
        "fit_status": "full_intercept_and_slope"
      },
      "classification": {
        "0.0050": {
          "threshold": 0.005,
          "PPV": 0.01354150511934703,
          "NPV": 0.9978323955061307,
          "sensitivity": 0.7631883268789283,
          "specificity": 0.6622553850485711
        },
        "0.0100": {
          "threshold": 0.01,
          "PPV": 0.028289779318803106,
          "NPV": 0.9968079754217575,
          "sensitivity": 0.5313206574109846,
          "specificity": 0.889131352949458
        },
        "0.0200": {
          "threshold": 0.02,
          "PPV": 0.037705305582065626,
          "NPV": 0.9947716547021874,
          "sensitivity": 0.1557298437684106,
          "specificity": 0.9758552724201041
        },
        "0.0500": {
          "threshold": 0.05,
          "PPV": 0.13815190829278276,
          "NPV": 0.9941442870573373,
          "sensitivity": 0.03157609642075947,
          "specificity": 0.998803322539772
        }
      },
      "nri": {
        "cutoff_nri": {
          "0.000000": 0.88405133980947
        }
      }
    }
  },
  "n_rows_total": 17065,
  "horizon": 5.0
}