n,min_risk,max_risk,observed_event_rate,mean_predicted_risk
17065.0,0.001353133736748,0.0766754018092758,0.0052949877648742006,0.005778789009628138
