n,min_risk,max_risk,observed_event_rate,mean_predicted_risk
17065.000000000062,0.0017363508721292,0.0392120130642528,0.0020781360769868123,0.005742895838907969
