n,min_risk,max_risk,observed_event_rate,mean_predicted_risk
17065.000000000062,0.0014801367255344,0.0704680997320586,0.0020781360769868123,0.005753953053452338
