n,min_risk,max_risk,observed_event_rate,mean_predicted_risk
17065.0,0.0019761593870215,0.0549773727446533,0.0052949877648742006,0.005811296871430339
