n,min_risk,max_risk,observed_event_rate,mean_predicted_risk
17065.000000000062,0.0014322085193228,0.0781644838502973,0.0020781360769868123,0.005749643045443123
