n,min_risk,max_risk,observed_event_rate,mean_predicted_risk
17065.000000000036,0.0017363508721292,0.0392120130642528,0.005247317296001376,0.005752311118168092
