{
  "O": {
    "calibration_intercept": -4.12729013132924,
    "calibration_slope": 0.39173863679944243,
    "brier_score": 0.002095466029800269,
    "fit_status": "full_intercept_and_slope"
  },
  "O+S": {
    "calibration_intercept": -3.31675525264046,
    "calibration_slope": 0.5472374863053544,
    "brier_score": 0.0020976406913628134,
    "fit_status": "full_intercept_and_slope"
  },
  "O+D": {
    "calibration_intercept": -1.7423717149372282,
    "calibration_slope": 0.8568468890105672,
    "brier_score": 0.002093618869842631,
    "fit_status": "full_intercept_and_slope"
  },
  "O+S+D": {
    "calibration_intercept": -1.5183766094289115,
    "calibration_slope": 0.9012917461537117,
    "brier_score": 0.002094171759925942,
    "fit_status": "full_intercept_and_slope"
  }
}