n,min_risk,max_risk,observed_event_rate,mean_predicted_risk
17065.000000000036,0.0014322085193228,0.0781644838502973,0.005247317296001376,0.005754280902838998
