n,min_risk,max_risk,observed_event_rate,mean_predicted_risk
17065.0,0.0011277944386913,0.0434029367475424,0.0052949877648742006,0.005749975965315277
