n,min_risk,max_risk,observed_event_rate,mean_predicted_risk
17065.000000000036,0.0014801367255344,0.0704680997320586,0.005247317296001376,0.005757787034692647
