n,min_risk,max_risk,observed_event_rate,mean_predicted_risk
17065.0,0.0009391290206123,0.0970683084891222,0.0052949877648742006,0.0057477270177513995
