n,min_risk,max_risk,observed_event_rate,mean_predicted_risk
17065.000000000062,0.0021667303205535,0.0375904400313879,0.0020781360769868123,0.005738799236129424
