n,min_risk,max_risk,observed_event_rate,mean_predicted_risk
17065.000000000036,0.0021667303205535,0.0375904400313879,0.005247317296001376,0.005747787969369304
