n,min_risk,max_risk,observed_event_rate,mean_predicted_risk
17065.0,0.0013814723365098,0.0877803244235276,0.0052949877648742006,0.005777466522861116
