{
  "mode": "survival",
  "n_rows_ipcw": 2417,
  "weighted_event_rate": 0.009359985970204023,
  "ppv_npv_thresholds": [
    0.005,
    0.01,
    0.02,
    0.05
  ],
  "models": {
    "O": {
      "risk_column": "risks_7y_o",
      "C_td": 0.6092856192599768,
      "calibration": {
        "calibration_intercept": 4.215909433134119,
        "calibration_slope": 1.7884807099754405,
        "brier_score": 0.009263853338873756,
        "fit_status": "full_intercept_and_slope"
      },
      "classification": {
        "0.0050": {
          "threshold": 0.005,
          "PPV": 0.009604603382267927,
          "NPV": 0.9929645293292094,
          "sensitivity": 0.9284320153719833,
          "specificity": 0.09543742151527834
        },
        "0.0100": {
          "threshold": 0.01,
          "PPV": 0.030055634749861598,
          "NPV": 0.9920177793823557,
          "sensitivity": 0.20042710534811745,
          "specificity": 0.9388865634156551
        },
        "0.0200": {
          "threshold": 0.02,
          "PPV": NaN,
          "NPV": 0.9906400140297961,
          "sensitivity": 0.0,
          "specificity": 1.0
        },
        "0.0500": {
          "threshold": 0.05,
          "PPV": NaN,
          "NPV": 0.9906400140297961,
          "sensitivity": 0.0,
          "specificity": 1.0
        }
      },
      "nri": {
        "is_reference": true
      }
    },
    "O+Q": {
      "risk_column": "risks_7y_oq",
      "C_td": 0.6209118410016226,
      "calibration": {
        "calibration_intercept": 0.9977860070622797,
        "calibration_slope": 1.1352193155602233,
        "brier_score": 0.009262673227518845,
        "fit_status": "full_intercept_and_slope"
      },
      "classification": {
        "0.0050": {
          "threshold": 0.005,
          "PPV": 0.0108328771984979,
          "NPV": 0.9941265628419661,
          "sensitivity": 0.8136389449675184,
          "specificity": 0.29803264964420256
        },
        "0.0100": {
          "threshold": 0.01,
          "PPV": 0.022741756420715166,
          "NPV": 0.9923353432767004,
          "sensitivity": 0.2732027418242466,
          "specificity": 0.8890749267475931
        },
        "0.0200": {
          "threshold": 0.02,
          "PPV": 0.0,
          "NPV": 0.9905814304475004,
          "sensitivity": 0.0,
          "specificity": 0.9937212222687317
        },
        "0.0500": {
          "threshold": 0.05,
          "PPV": NaN,
          "NPV": 0.9906400140297961,
          "sensitivity": 0.0,
          "specificity": 1.0
        }
      },
      "nri": {
        "cutoff_nri": {
          "0.000000": 0.13801351432159298
        }
      }
    },
    "S": {
      "risk_column": "risks_7y_s",
      "C_td": 0.7349266508912636,
      "calibration": {
        "calibration_intercept": 0.9936645256983999,
        "calibration_slope": 1.1462728738472998,
        "brier_score": 0.009170215899809753,
        "fit_status": "full_intercept_and_slope"
      },
      "classification": {
        "0.0050": {
          "threshold": 0.005,
          "PPV": 0.016060937880495185,
          "NPV": 0.996620333823655,
          "sensitivity": 0.8092026664162949,
          "specificity": 0.5316031812473838
        },
        "0.0100": {
          "threshold": 0.01,
          "PPV": 0.02571647618466006,
          "NPV": 0.9941078119448686,
          "sensitivity": 0.4806095996052773,
          "specificity": 0.8279614901632483
        },
        "0.0200": {
          "threshold": 0.02,
          "PPV": 0.04540550075266275,
          "NPV": 0.9922427102335756,
          "sensitivity": 0.2065095481376879,
          "specificity": 0.9589786521557137
        },
        "0.0500": {
          "threshold": 0.05,
          "PPV": 0.19748672086961214,
          "NPV": 0.9913229338652658,
          "sensitivity": 0.07631470502344083,
          "specificity": 0.9970699037254082
        }
      },
      "nri": {
        "cutoff_nri": {
          "0.000000": 0.827752197572206
        }
      }
    },
    "O+S": {
      "risk_column": "risks_7y_os",
      "C_td": 0.7315256717849328,
      "calibration": {
        "calibration_intercept": 1.9364698496904822,
        "calibration_slope": 1.3457662524618086,
        "brier_score": 0.009172563042384832,
        "fit_status": "full_intercept_and_slope"
      },
      "classification": {
        "0.0050": {
          "threshold": 0.005,
          "PPV": 0.01472712948772154,
          "NPV": 0.9963231395816652,
          "sensitivity": 0.8092026664162949,
          "specificity": 0.4884889074926747
        },
        "0.0100": {
          "threshold": 0.01,
          "PPV": 0.02047643744398549,
          "NPV": 0.9929471902117103,
          "sensitivity": 0.37600192086673545,
          "specificity": 0.830054416073671
        },
        "0.0200": {
          "threshold": 0.02,
          "PPV": 0.07435491567730358,
          "NPV": 0.9927131120807328,
          "sensitivity": 0.24554935382041443,
          "specificity": 0.9711176224361657
        },
        "0.0500": {
          "threshold": 0.05,
          "PPV": 0.31688992423605306,
          "NPV": 0.9910138266852728,
          "sensitivity": 0.04110288005746972,
          "specificity": 0.9991628296358309
        }
      },
      "nri": {
        "cutoff_nri": {
          "0.000000": 0.7228368115768702
        }
      }
    },
    "O+Q+S": {
      "risk_column": "risks_7y_oqs",
      "C_td": 0.7606428961936942,
      "calibration": {
        "calibration_intercept": 1.8678216995658252,
        "calibration_slope": 1.3315535424528517,
        "brier_score": 0.00915959506630399,
        "fit_status": "full_intercept_and_slope"
      },
      "classification": {
        "0.0050": {
          "threshold": 0.005,
          "PPV": 0.015964158303666588,
          "NPV": 0.9971388708640363,
          "sensitivity": 0.8459332391502035,
          "specificity": 0.5073252406864798
        },
        "0.0100": {
          "threshold": 0.01,
          "PPV": 0.030571281922192238,
          "NPV": 0.9950051368180696,
          "sensitivity": 0.557436219046365,
          "specificity": 0.8329845123482629
        },
        "0.0200": {
          "threshold": 0.02,
          "PPV": 0.07471308371789212,
          "NPV": 0.9926941964678988,
          "sensitivity": 0.24325046097141145,
          "specificity": 0.9715362076182503
        },
        "0.0500": {
          "threshold": 0.05,
          "PPV": 0.10392115665264896,
          "NPV": 0.9909913859788105,
          "sensitivity": 0.04110288005746972,
          "specificity": 0.9966513185433236
        }
      },
      "nri": {
        "cutoff_nri": {
          "0.000000": 0.7278598337618849
        }
      }
    }
  },
  "n_rows_total": 3413,
  "horizon": 7.0
}