n,min_risk,max_risk,observed_event_rate,mean_predicted_risk
3413.0000000000005,0.0002529815926036,0.0272463415425947,0.003391706787514952,0.0027094402446759683
