n,min_risk,max_risk,observed_event_rate,mean_predicted_risk
3413.0000000000005,0.0014725728337637,0.0104770006477685,0.003391706787514952,0.0027458462139615114
