n,min_risk,max_risk,observed_event_rate,mean_predicted_risk
3413.0000000000005,0.0006464618927637,0.0120901387162452,0.003391706787514952,0.0027520667596097575
