n,min_risk,max_risk,observed_event_rate,mean_predicted_risk
3413.0000000000005,0.0004093336664466,0.0350409201203524,0.003391706787514952,0.0027072744224314444
