n,min_risk,max_risk,observed_event_rate,mean_predicted_risk
3413.0000000000005,0.0003875844086304,0.022875817074524,0.003391706787514952,0.0027072109635985823
