threshold,nb_model_mean,nb_model_ci_low,nb_model_ci_high
0.005,3.293025628535115e-05,-0.00028974099615394896,0.0006449111287025155
0.01,-6.359996420066512e-06,-1.635810054439591e-05,0.0
0.015,0.0,0.0,0.0
0.02,0.0,0.0,0.0
0.025,0.0,0.0,0.0
0.03,0.0,0.0,0.0
0.035,0.0,0.0,0.0
0.04,0.0,0.0,0.0
0.045,0.0,0.0,0.0
0.05,0.0,0.0,0.0
0.055,0.0,0.0,0.0
0.06,0.0,0.0,0.0
0.065,0.0,0.0,0.0
0.07,0.0,0.0,0.0
0.075,0.0,0.0,0.0
0.08,0.0,0.0,0.0
0.085,0.0,0.0,0.0
0.09,0.0,0.0,0.0
0.095,0.0,0.0,0.0
0.1,0.0,0.0,0.0
